[06-Jun-2024 20:40:55 UTC] PHP Warning:  mysqli::__construct(): (HY000/1698): Access denied for user 'root'@'localhost' in /var/www/auth/index.php on line 10
[06-Jun-2024 20:40:57 UTC] PHP Warning:  mysqli::__construct(): (HY000/1698): Access denied for user 'root'@'localhost' in /var/www/auth/index.php on line 10
[06-Jun-2024 20:43:10 UTC] PHP Warning:  mysqli::__construct(): (HY000/1698): Access denied for user 'root'@'localhost' in /var/www/auth/index.php on line 10
[06-Jun-2024 20:43:11 UTC] PHP Warning:  mysqli::__construct(): (HY000/1698): Access denied for user 'root'@'localhost' in /var/www/auth/index.php on line 10
[06-Jun-2024 20:43:19 UTC] PHP Warning:  mysqli::__construct(): (HY000/1698): Access denied for user 'root'@'localhost' in /var/www/auth/index.php on line 10
[06-Jun-2024 20:43:45 UTC] PHP Warning:  mysqli::__construct(): (HY000/1698): Access denied for user 'root'@'localhost' in /var/www/auth/index.php on line 10
[06-Jun-2024 20:50:07 UTC] PHP Warning:  mysqli::__construct(): (HY000/1698): Access denied for user 'root'@'localhost' in /var/www/auth/index.php on line 10
[06-Jun-2024 20:50:13 UTC] PHP Warning:  mysqli::__construct(): (HY000/1698): Access denied for user 'root'@'localhost' in /var/www/auth/index.php on line 10
[06-Jun-2024 20:50:23 UTC] PHP Warning:  mysqli::__construct(): (HY000/1698): Access denied for user 'root'@'localhost' in /var/www/auth/index.php on line 10
[06-Jun-2024 20:51:02 UTC] PHP Warning:  mysqli::__construct(): (HY000/1698): Access denied for user 'root'@'localhost' in /var/www/auth/index.php on line 10
[06-Jun-2024 20:58:00 UTC] PHP Warning:  mysqli::__construct(): (HY000/1698): Access denied for user 'root'@'localhost' in /var/www/auth/index.php on line 10
[06-Jun-2024 20:58:12 UTC] PHP Warning:  mysqli::__construct(): (HY000/1698): Access denied for user 'root'@'localhost' in /var/www/auth/index.php on line 10
[06-Jun-2024 22:38:57 UTC] PHP Fatal error:  Uncaught Error: Call to a member function bind_param() on boolean in /var/www/auth/signup.php:47
Stack trace:
#0 {main}
  thrown in /var/www/auth/signup.php on line 47
[06-Jun-2024 22:39:04 UTC] PHP Fatal error:  Uncaught Error: Call to a member function bind_param() on boolean in /var/www/auth/signup.php:47
Stack trace:
#0 {main}
  thrown in /var/www/auth/signup.php on line 47
[06-Jun-2024 22:39:30 UTC] PHP Fatal error:  Uncaught Error: Call to a member function bind_param() on boolean in /var/www/auth/signup.php:47
Stack trace:
#0 {main}
  thrown in /var/www/auth/signup.php on line 47
[10-Jun-2024 22:56:38 UTC] PHP Warning:  mysqli::__construct(): (HY000/2002): No such file or directory in /var/www/auth/login.php on line 10
[10-Jun-2024 22:58:42 UTC] PHP Warning:  mysqli::__construct(): (HY000/2002): No such file or directory in /var/www/auth/login.php on line 10
[10-Jun-2024 23:04:00 UTC] PHP Warning:  mysqli::__construct(): (HY000/1698): Access denied for user 'root'@'localhost' in /var/www/auth/login.php on line 10
[10-Jun-2024 23:06:48 UTC] PHP Warning:  mysqli::__construct(): (HY000/1698): Access denied for user 'root'@'localhost' in /var/www/auth/login.php on line 10
[10-Jun-2024 23:06:49 UTC] PHP Warning:  mysqli::__construct(): (HY000/1698): Access denied for user 'root'@'localhost' in /var/www/auth/login.php on line 10
[10-Jun-2024 23:06:51 UTC] PHP Warning:  mysqli::__construct(): (HY000/1698): Access denied for user 'root'@'localhost' in /var/www/auth/login.php on line 10
[10-Jun-2024 23:06:51 UTC] PHP Warning:  mysqli::__construct(): (HY000/1698): Access denied for user 'root'@'localhost' in /var/www/auth/login.php on line 10
[10-Jun-2024 23:06:52 UTC] PHP Warning:  mysqli::__construct(): (HY000/1698): Access denied for user 'root'@'localhost' in /var/www/auth/login.php on line 10
[10-Jun-2024 23:06:53 UTC] PHP Warning:  mysqli::__construct(): (HY000/1698): Access denied for user 'root'@'localhost' in /var/www/auth/login.php on line 10
[10-Jun-2024 23:06:59 UTC] PHP Warning:  mysqli::__construct(): (HY000/1698): Access denied for user 'root'@'localhost' in /var/www/auth/login.php on line 10
[10-Jun-2024 23:07:13 UTC] PHP Warning:  mysqli::__construct(): (HY000/1698): Access denied for user 'root'@'localhost' in /var/www/auth/login.php on line 10
[10-Jun-2024 23:08:45 UTC] PHP Warning:  mysqli::__construct(): (HY000/1698): Access denied for user 'root'@'localhost' in /var/www/auth/test_connection.php on line 8
[10-Jun-2024 23:14:31 UTC] PHP Notice:  Undefined index: role in /var/www/auth/admin_dashboard.php on line 133
[10-Jun-2024 23:14:31 UTC] PHP Notice:  Undefined index: failed_login_attempts in /var/www/auth/admin_dashboard.php on line 134
[10-Jun-2024 23:14:31 UTC] PHP Notice:  Undefined index: account_locked in /var/www/auth/admin_dashboard.php on line 135
[10-Jun-2024 23:14:31 UTC] PHP Notice:  Undefined index: last_login in /var/www/auth/admin_dashboard.php on line 136
[10-Jun-2024 23:16:05 UTC] PHP Notice:  Undefined index: failed_login_attempts in /var/www/auth/admin_dashboard.php on line 132
[10-Jun-2024 23:16:05 UTC] PHP Notice:  Undefined index: account_locked in /var/www/auth/admin_dashboard.php on line 133
[10-Jun-2024 23:16:05 UTC] PHP Notice:  Undefined index: last_login in /var/www/auth/admin_dashboard.php on line 134
[10-Jun-2024 23:16:35 UTC] PHP Notice:  Undefined index: failed_login_attempts in /var/www/auth/admin_dashboard.php on line 132
[10-Jun-2024 23:16:35 UTC] PHP Notice:  Undefined index: account_locked in /var/www/auth/admin_dashboard.php on line 133
[10-Jun-2024 23:16:35 UTC] PHP Notice:  Undefined index: last_login in /var/www/auth/admin_dashboard.php on line 134
[10-Jun-2024 23:16:36 UTC] PHP Notice:  Undefined index: failed_login_attempts in /var/www/auth/admin_dashboard.php on line 132
[10-Jun-2024 23:16:36 UTC] PHP Notice:  Undefined index: account_locked in /var/www/auth/admin_dashboard.php on line 133
[10-Jun-2024 23:16:36 UTC] PHP Notice:  Undefined index: last_login in /var/www/auth/admin_dashboard.php on line 134
[10-Jun-2024 23:20:35 UTC] PHP Fatal error:  Uncaught Error: Call to a member function bind_param() on boolean in /var/www/auth/login.php:55
Stack trace:
#0 {main}
  thrown in /var/www/auth/login.php on line 55
[10-Jun-2024 23:20:38 UTC] PHP Fatal error:  Uncaught Error: Call to a member function bind_param() on boolean in /var/www/auth/login.php:55
Stack trace:
#0 {main}
  thrown in /var/www/auth/login.php on line 55
[10-Jun-2024 23:20:48 UTC] PHP Fatal error:  Uncaught Error: Call to a member function bind_param() on boolean in /var/www/auth/login.php:80
Stack trace:
#0 {main}
  thrown in /var/www/auth/login.php on line 80
[10-Jun-2024 23:20:53 UTC] PHP Fatal error:  Uncaught Error: Call to a member function bind_param() on boolean in /var/www/auth/login.php:80
Stack trace:
#0 {main}
  thrown in /var/www/auth/login.php on line 80
[10-Jun-2024 23:21:08 UTC] PHP Fatal error:  Uncaught Error: Call to a member function bind_param() on boolean in /var/www/auth/login.php:55
Stack trace:
#0 {main}
  thrown in /var/www/auth/login.php on line 55
[10-Jun-2024 23:21:58 UTC] PHP Fatal error:  Uncaught Error: Call to a member function bind_param() on boolean in /var/www/auth/login.php:80
Stack trace:
#0 {main}
  thrown in /var/www/auth/login.php on line 80
[10-Jun-2024 23:22:10 UTC] PHP Fatal error:  Uncaught Error: Call to a member function bind_param() on boolean in /var/www/auth/login.php:80
Stack trace:
#0 {main}
  thrown in /var/www/auth/login.php on line 80
[10-Jun-2024 23:22:36 UTC] PHP Fatal error:  Uncaught Error: Call to a member function bind_param() on boolean in /var/www/auth/login.php:90
Stack trace:
#0 {main}
  thrown in /var/www/auth/login.php on line 90
[10-Jun-2024 23:23:50 UTC] PHP Fatal error:  Uncaught Error: Call to a member function bind_param() on boolean in /var/www/auth/login.php:90
Stack trace:
#0 {main}
  thrown in /var/www/auth/login.php on line 90
[10-Jun-2024 23:24:01 UTC] PHP Fatal error:  Uncaught Error: Call to a member function bind_param() on boolean in /var/www/auth/login.php:55
Stack trace:
#0 {main}
  thrown in /var/www/auth/login.php on line 55
[10-Jun-2024 23:25:03 UTC] PHP Fatal error:  Uncaught Error: Call to a member function bind_param() on boolean in /var/www/auth/login.php:80
Stack trace:
#0 {main}
  thrown in /var/www/auth/login.php on line 80
[10-Jun-2024 23:25:12 UTC] PHP Fatal error:  Uncaught Error: Call to a member function bind_param() on boolean in /var/www/auth/login.php:80
Stack trace:
#0 {main}
  thrown in /var/www/auth/login.php on line 80
[10-Jun-2024 23:25:18 UTC] PHP Fatal error:  Uncaught Error: Call to a member function bind_param() on boolean in /var/www/auth/login.php:90
Stack trace:
#0 {main}
  thrown in /var/www/auth/login.php on line 90
[10-Jun-2024 23:26:45 UTC] PHP Fatal error:  Uncaught Error: Call to a member function bind_param() on boolean in /var/www/auth/login.php:55
Stack trace:
#0 {main}
  thrown in /var/www/auth/login.php on line 55
[10-Jun-2024 23:30:10 UTC] PHP Fatal error:  Uncaught Error: Call to a member function bind_param() on boolean in /var/www/auth/login.php:55
Stack trace:
#0 {main}
  thrown in /var/www/auth/login.php on line 55
[10-Jun-2024 23:30:51 UTC] PHP Fatal error:  Uncaught Error: Call to a member function bind_param() on boolean in /var/www/auth/login.php:55
Stack trace:
#0 {main}
  thrown in /var/www/auth/login.php on line 55
[10-Jun-2024 23:31:58 UTC] PHP Fatal error:  Uncaught Error: Call to a member function bind_param() on boolean in /var/www/auth/login.php:55
Stack trace:
#0 {main}
  thrown in /var/www/auth/login.php on line 55
[10-Jun-2024 23:32:06 UTC] PHP Fatal error:  Uncaught Error: Call to a member function bind_param() on boolean in /var/www/auth/login.php:55
Stack trace:
#0 {main}
  thrown in /var/www/auth/login.php on line 55
[10-Jun-2024 23:33:11 UTC] PHP Parse error:  syntax error, unexpected 'login' (T_STRING) in /var/www/auth/login.php on line 8
[10-Jun-2024 23:33:13 UTC] PHP Parse error:  syntax error, unexpected 'login' (T_STRING) in /var/www/auth/login.php on line 8
[10-Jun-2024 23:33:21 UTC] PHP Parse error:  syntax error, unexpected 'login' (T_STRING) in /var/www/auth/login.php on line 8
[10-Jun-2024 23:33:24 UTC] PHP Parse error:  syntax error, unexpected 'login' (T_STRING) in /var/www/auth/login.php on line 8
[10-Jun-2024 23:33:32 UTC] PHP Parse error:  syntax error, unexpected 'login' (T_STRING) in /var/www/auth/login.php on line 8
[10-Jun-2024 23:33:35 UTC] PHP Parse error:  syntax error, unexpected 'login' (T_STRING) in /var/www/auth/login.php on line 8
[11-Jun-2024 00:20:57 UTC] PHP Parse error:  syntax error, unexpected 'login' (T_STRING) in /var/www/auth/login.php on line 8
[11-Jun-2024 13:59:58 UTC] PHP Parse error:  syntax error, unexpected 'login' (T_STRING) in /var/www/auth/login.php on line 8
[11-Jun-2024 14:00:02 UTC] PHP Parse error:  syntax error, unexpected 'login' (T_STRING) in /var/www/auth/login.php on line 8
[11-Jun-2024 14:00:06 UTC] PHP Parse error:  syntax error, unexpected 'login' (T_STRING) in /var/www/auth/login.php on line 8
[11-Jun-2024 14:47:31 UTC] PHP Parse error:  syntax error, unexpected 'login' (T_STRING) in /var/www/auth/login.php on line 8
[11-Jun-2024 15:47:54 UTC] PHP Fatal error:  Uncaught Error: Call to a member function bind_param() on boolean in /var/www/auth/login.php:85
Stack trace:
#0 {main}
  thrown in /var/www/auth/login.php on line 85
[11-Jun-2024 15:48:09 UTC] PHP Fatal error:  Uncaught Error: Call to a member function bind_param() on boolean in /var/www/auth/login.php:59
Stack trace:
#0 {main}
  thrown in /var/www/auth/login.php on line 59
[11-Jun-2024 15:50:27 UTC] PHP Fatal error:  Uncaught Error: Call to a member function bind_param() on boolean in /var/www/auth/login.php:59
Stack trace:
#0 {main}
  thrown in /var/www/auth/login.php on line 59
[11-Jun-2024 15:57:23 UTC] PHP Notice:  Undefined index: user_agent in /var/www/auth/admin_dashboard.php on line 159
[11-Jun-2024 15:57:23 UTC] PHP Notice:  Undefined index: user_agent in /var/www/auth/admin_dashboard.php on line 159
[11-Jun-2024 15:58:03 UTC] PHP Notice:  Undefined index: user_agent in /var/www/auth/admin_dashboard.php on line 159
[11-Jun-2024 15:58:03 UTC] PHP Notice:  Undefined index: user_agent in /var/www/auth/admin_dashboard.php on line 159
[11-Jun-2024 15:58:11 UTC] PHP Notice:  Undefined index: user_agent in /var/www/auth/admin_dashboard.php on line 159
[11-Jun-2024 15:58:11 UTC] PHP Notice:  Undefined index: user_agent in /var/www/auth/admin_dashboard.php on line 159
[11-Jun-2024 16:01:41 UTC] PHP Notice:  Undefined index: user_agent in /var/www/auth/admin_dashboard.php on line 159
[11-Jun-2024 16:01:41 UTC] PHP Notice:  Undefined index: user_agent in /var/www/auth/admin_dashboard.php on line 159
[11-Jun-2024 16:01:41 UTC] PHP Notice:  Undefined index: user_agent in /var/www/auth/admin_dashboard.php on line 159
[11-Jun-2024 16:02:18 UTC] PHP Notice:  Undefined index: user_agent in /var/www/auth/admin_dashboard.php on line 159
[11-Jun-2024 16:02:18 UTC] PHP Notice:  Undefined index: user_agent in /var/www/auth/admin_dashboard.php on line 159
[11-Jun-2024 16:02:18 UTC] PHP Notice:  Undefined index: user_agent in /var/www/auth/admin_dashboard.php on line 159
[11-Jun-2024 16:02:18 UTC] PHP Notice:  Undefined index: user_agent in /var/www/auth/admin_dashboard.php on line 159
[11-Jun-2024 16:03:38 UTC] PHP Notice:  Undefined index: user_agent in /var/www/auth/admin_dashboard.php on line 159
[11-Jun-2024 16:03:38 UTC] PHP Notice:  Undefined index: user_agent in /var/www/auth/admin_dashboard.php on line 159
[11-Jun-2024 16:03:38 UTC] PHP Notice:  Undefined index: user_agent in /var/www/auth/admin_dashboard.php on line 159
[11-Jun-2024 16:03:38 UTC] PHP Notice:  Undefined index: user_agent in /var/www/auth/admin_dashboard.php on line 159
[11-Jun-2024 16:03:38 UTC] PHP Notice:  Undefined index: user_agent in /var/www/auth/admin_dashboard.php on line 159
[11-Jun-2024 16:05:18 UTC] PHP Notice:  Undefined index: role in /var/www/auth/recovery.php on line 133
[11-Jun-2024 16:05:18 UTC] PHP Notice:  Undefined index: role in /var/www/auth/recovery.php on line 133
[11-Jun-2024 16:05:18 UTC] PHP Notice:  Undefined index: role in /var/www/auth/recovery.php on line 133
[11-Jun-2024 16:05:18 UTC] PHP Notice:  Undefined index: role in /var/www/auth/recovery.php on line 133
[11-Jun-2024 16:05:18 UTC] PHP Notice:  Undefined index: user_agent in /var/www/auth/recovery.php on line 161
[11-Jun-2024 16:05:18 UTC] PHP Notice:  Undefined index: user_agent in /var/www/auth/recovery.php on line 161
[11-Jun-2024 16:05:18 UTC] PHP Notice:  Undefined index: user_agent in /var/www/auth/recovery.php on line 161
[11-Jun-2024 16:05:18 UTC] PHP Notice:  Undefined index: user_agent in /var/www/auth/recovery.php on line 161
[11-Jun-2024 16:05:18 UTC] PHP Notice:  Undefined index: user_agent in /var/www/auth/recovery.php on line 161
[11-Jun-2024 16:10:04 UTC] PHP Notice:  Undefined index: user_agent in /var/www/auth/admin_dashboard.php on line 159
[11-Jun-2024 16:10:04 UTC] PHP Notice:  Undefined index: user_agent in /var/www/auth/admin_dashboard.php on line 159
[11-Jun-2024 16:10:04 UTC] PHP Notice:  Undefined index: user_agent in /var/www/auth/admin_dashboard.php on line 159
[11-Jun-2024 16:10:04 UTC] PHP Notice:  Undefined index: user_agent in /var/www/auth/admin_dashboard.php on line 159
[11-Jun-2024 16:10:04 UTC] PHP Notice:  Undefined index: user_agent in /var/www/auth/admin_dashboard.php on line 159
[11-Jun-2024 16:12:15 UTC] PHP Notice:  Undefined index: user_agent in /var/www/auth/admin_dashboard.php on line 159
[11-Jun-2024 16:12:15 UTC] PHP Notice:  Undefined index: user_agent in /var/www/auth/admin_dashboard.php on line 159
[11-Jun-2024 16:12:15 UTC] PHP Notice:  Undefined index: user_agent in /var/www/auth/admin_dashboard.php on line 159
[11-Jun-2024 16:12:15 UTC] PHP Notice:  Undefined index: user_agent in /var/www/auth/admin_dashboard.php on line 159
[11-Jun-2024 16:12:15 UTC] PHP Notice:  Undefined index: user_agent in /var/www/auth/admin_dashboard.php on line 159
[11-Jun-2024 16:12:16 UTC] PHP Notice:  Undefined index: user_agent in /var/www/auth/admin_dashboard.php on line 159
[11-Jun-2024 16:12:16 UTC] PHP Notice:  Undefined index: user_agent in /var/www/auth/admin_dashboard.php on line 159
[11-Jun-2024 16:12:16 UTC] PHP Notice:  Undefined index: user_agent in /var/www/auth/admin_dashboard.php on line 159
[11-Jun-2024 16:12:16 UTC] PHP Notice:  Undefined index: user_agent in /var/www/auth/admin_dashboard.php on line 159
[11-Jun-2024 16:12:16 UTC] PHP Notice:  Undefined index: user_agent in /var/www/auth/admin_dashboard.php on line 159
[11-Jun-2024 16:45:21 UTC] PHP Notice:  Undefined index: user_agent in /var/www/auth/admin_dashboard.php on line 159
[11-Jun-2024 16:45:21 UTC] PHP Notice:  Undefined index: user_agent in /var/www/auth/admin_dashboard.php on line 159
[11-Jun-2024 16:45:21 UTC] PHP Notice:  Undefined index: user_agent in /var/www/auth/admin_dashboard.php on line 159
[11-Jun-2024 16:45:21 UTC] PHP Notice:  Undefined index: user_agent in /var/www/auth/admin_dashboard.php on line 159
[11-Jun-2024 16:45:21 UTC] PHP Notice:  Undefined index: user_agent in /var/www/auth/admin_dashboard.php on line 159
[11-Jun-2024 16:45:21 UTC] PHP Notice:  Undefined index: user_agent in /var/www/auth/admin_dashboard.php on line 159
[11-Jun-2024 16:54:02 UTC] PHP Warning:  include(session_timeout.php): failed to open stream: No such file or directory in /var/www/auth/login.php on line 3
[11-Jun-2024 16:54:02 UTC] PHP Warning:  include(): Failed opening 'session_timeout.php' for inclusion (include_path='.:/usr/share/php') in /var/www/auth/login.php on line 3
[11-Jun-2024 16:55:21 UTC] PHP Warning:  include(session_timeout.php): failed to open stream: No such file or directory in /var/www/auth/login.php on line 3
[11-Jun-2024 16:55:21 UTC] PHP Warning:  include(): Failed opening 'session_timeout.php' for inclusion (include_path='.:/usr/share/php') in /var/www/auth/login.php on line 3
[11-Jun-2024 16:55:28 UTC] PHP Warning:  include(session_timeout.php): failed to open stream: No such file or directory in /var/www/auth/login.php on line 3
[11-Jun-2024 16:55:28 UTC] PHP Warning:  include(): Failed opening 'session_timeout.php' for inclusion (include_path='.:/usr/share/php') in /var/www/auth/login.php on line 3
[11-Jun-2024 17:00:11 UTC] PHP Warning:  include(session_timeout.php): failed to open stream: No such file or directory in /var/www/auth/login.php on line 3
[11-Jun-2024 17:00:11 UTC] PHP Warning:  include(): Failed opening 'session_timeout.php' for inclusion (include_path='.:/usr/share/php') in /var/www/auth/login.php on line 3
[11-Jun-2024 17:00:15 UTC] PHP Warning:  include(session_timeout.php): failed to open stream: No such file or directory in /var/www/auth/login.php on line 3
[11-Jun-2024 17:00:15 UTC] PHP Warning:  include(): Failed opening 'session_timeout.php' for inclusion (include_path='.:/usr/share/php') in /var/www/auth/login.php on line 3
[11-Jun-2024 17:00:16 UTC] PHP Warning:  include(session_timeout.php): failed to open stream: No such file or directory in /var/www/auth/login.php on line 3
[11-Jun-2024 17:00:16 UTC] PHP Warning:  include(): Failed opening 'session_timeout.php' for inclusion (include_path='.:/usr/share/php') in /var/www/auth/login.php on line 3
[11-Jun-2024 17:00:19 UTC] PHP Warning:  include(session_timeout.php): failed to open stream: No such file or directory in /var/www/auth/admin_dashboard.php on line 3
[11-Jun-2024 17:00:19 UTC] PHP Warning:  include(): Failed opening 'session_timeout.php' for inclusion (include_path='.:/usr/share/php') in /var/www/auth/admin_dashboard.php on line 3
[11-Jun-2024 17:00:19 UTC] PHP Warning:  include(session_timeout.php): failed to open stream: No such file or directory in /var/www/auth/login.php on line 3
[11-Jun-2024 17:00:19 UTC] PHP Warning:  include(): Failed opening 'session_timeout.php' for inclusion (include_path='.:/usr/share/php') in /var/www/auth/login.php on line 3
[11-Jun-2024 17:00:28 UTC] PHP Warning:  include(session_timeout.php): failed to open stream: No such file or directory in /var/www/auth/login.php on line 3
[11-Jun-2024 17:00:28 UTC] PHP Warning:  include(): Failed opening 'session_timeout.php' for inclusion (include_path='.:/usr/share/php') in /var/www/auth/login.php on line 3
[11-Jun-2024 17:00:39 UTC] PHP Warning:  include(session_timeout.php): failed to open stream: No such file or directory in /var/www/auth/admin_dashboard.php on line 3
[11-Jun-2024 17:00:39 UTC] PHP Warning:  include(): Failed opening 'session_timeout.php' for inclusion (include_path='.:/usr/share/php') in /var/www/auth/admin_dashboard.php on line 3
[11-Jun-2024 17:00:39 UTC] PHP Notice:  Undefined index: user_agent in /var/www/auth/admin_dashboard.php on line 160
[11-Jun-2024 17:00:39 UTC] PHP Notice:  Undefined index: user_agent in /var/www/auth/admin_dashboard.php on line 160
[11-Jun-2024 17:00:39 UTC] PHP Notice:  Undefined index: user_agent in /var/www/auth/admin_dashboard.php on line 160
[11-Jun-2024 17:00:39 UTC] PHP Notice:  Undefined index: user_agent in /var/www/auth/admin_dashboard.php on line 160
[11-Jun-2024 17:00:39 UTC] PHP Notice:  Undefined index: user_agent in /var/www/auth/admin_dashboard.php on line 160
[11-Jun-2024 17:00:39 UTC] PHP Notice:  Undefined index: user_agent in /var/www/auth/admin_dashboard.php on line 160
[11-Jun-2024 17:00:39 UTC] PHP Notice:  Undefined index: user_agent in /var/www/auth/admin_dashboard.php on line 160
[11-Jun-2024 17:00:39 UTC] PHP Notice:  Undefined index: user_agent in /var/www/auth/admin_dashboard.php on line 160
[11-Jun-2024 17:00:48 UTC] PHP Warning:  include(session_timeout.php): failed to open stream: No such file or directory in /var/www/auth/login.php on line 3
[11-Jun-2024 17:00:48 UTC] PHP Warning:  include(): Failed opening 'session_timeout.php' for inclusion (include_path='.:/usr/share/php') in /var/www/auth/login.php on line 3
[11-Jun-2024 17:00:51 UTC] PHP Warning:  include(session_timeout.php): failed to open stream: No such file or directory in /var/www/auth/login.php on line 3
[11-Jun-2024 17:00:51 UTC] PHP Warning:  include(): Failed opening 'session_timeout.php' for inclusion (include_path='.:/usr/share/php') in /var/www/auth/login.php on line 3
[11-Jun-2024 17:00:56 UTC] PHP Warning:  include(session_timeout.php): failed to open stream: No such file or directory in /var/www/auth/login.php on line 3
[11-Jun-2024 17:00:56 UTC] PHP Warning:  include(): Failed opening 'session_timeout.php' for inclusion (include_path='.:/usr/share/php') in /var/www/auth/login.php on line 3
[11-Jun-2024 17:00:59 UTC] PHP Warning:  include(session_timeout.php): failed to open stream: No such file or directory in /var/www/auth/login.php on line 3
[11-Jun-2024 17:00:59 UTC] PHP Warning:  include(): Failed opening 'session_timeout.php' for inclusion (include_path='.:/usr/share/php') in /var/www/auth/login.php on line 3
[11-Jun-2024 17:01:04 UTC] PHP Warning:  include(session_timeout.php): failed to open stream: No such file or directory in /var/www/auth/admin_dashboard.php on line 3
[11-Jun-2024 17:01:04 UTC] PHP Warning:  include(): Failed opening 'session_timeout.php' for inclusion (include_path='.:/usr/share/php') in /var/www/auth/admin_dashboard.php on line 3
[11-Jun-2024 17:01:04 UTC] PHP Warning:  include(session_timeout.php): failed to open stream: No such file or directory in /var/www/auth/login.php on line 3
[11-Jun-2024 17:01:04 UTC] PHP Warning:  include(): Failed opening 'session_timeout.php' for inclusion (include_path='.:/usr/share/php') in /var/www/auth/login.php on line 3
[11-Jun-2024 17:01:12 UTC] PHP Warning:  include(session_timeout.php): failed to open stream: No such file or directory in /var/www/auth/login.php on line 3
[11-Jun-2024 17:01:12 UTC] PHP Warning:  include(): Failed opening 'session_timeout.php' for inclusion (include_path='.:/usr/share/php') in /var/www/auth/login.php on line 3
[11-Jun-2024 17:01:19 UTC] PHP Warning:  include(session_timeout.php): failed to open stream: No such file or directory in /var/www/auth/admin_dashboard.php on line 3
[11-Jun-2024 17:01:19 UTC] PHP Warning:  include(): Failed opening 'session_timeout.php' for inclusion (include_path='.:/usr/share/php') in /var/www/auth/admin_dashboard.php on line 3
[11-Jun-2024 17:01:19 UTC] PHP Notice:  Undefined index: user_agent in /var/www/auth/admin_dashboard.php on line 160
[11-Jun-2024 17:01:19 UTC] PHP Notice:  Undefined index: user_agent in /var/www/auth/admin_dashboard.php on line 160
[11-Jun-2024 17:01:19 UTC] PHP Notice:  Undefined index: user_agent in /var/www/auth/admin_dashboard.php on line 160
[11-Jun-2024 17:01:19 UTC] PHP Notice:  Undefined index: user_agent in /var/www/auth/admin_dashboard.php on line 160
[11-Jun-2024 17:01:19 UTC] PHP Notice:  Undefined index: user_agent in /var/www/auth/admin_dashboard.php on line 160
[11-Jun-2024 17:01:19 UTC] PHP Notice:  Undefined index: user_agent in /var/www/auth/admin_dashboard.php on line 160
[11-Jun-2024 17:01:19 UTC] PHP Notice:  Undefined index: user_agent in /var/www/auth/admin_dashboard.php on line 160
[11-Jun-2024 17:01:19 UTC] PHP Notice:  Undefined index: user_agent in /var/www/auth/admin_dashboard.php on line 160
[11-Jun-2024 17:01:19 UTC] PHP Notice:  Undefined index: user_agent in /var/www/auth/admin_dashboard.php on line 160
[11-Jun-2024 17:01:19 UTC] PHP Notice:  Undefined index: user_agent in /var/www/auth/admin_dashboard.php on line 160
[11-Jun-2024 17:01:19 UTC] PHP Notice:  Undefined index: user_agent in /var/www/auth/admin_dashboard.php on line 160
[11-Jun-2024 17:01:34 UTC] PHP Warning:  include(session_timeout.php): failed to open stream: No such file or directory in /var/www/auth/admin_dashboard.php on line 3
[11-Jun-2024 17:01:34 UTC] PHP Warning:  include(): Failed opening 'session_timeout.php' for inclusion (include_path='.:/usr/share/php') in /var/www/auth/admin_dashboard.php on line 3
[11-Jun-2024 17:01:34 UTC] PHP Notice:  Undefined index: user_agent in /var/www/auth/admin_dashboard.php on line 160
[11-Jun-2024 17:01:34 UTC] PHP Notice:  Undefined index: user_agent in /var/www/auth/admin_dashboard.php on line 160
[11-Jun-2024 17:01:34 UTC] PHP Notice:  Undefined index: user_agent in /var/www/auth/admin_dashboard.php on line 160
[11-Jun-2024 17:01:34 UTC] PHP Notice:  Undefined index: user_agent in /var/www/auth/admin_dashboard.php on line 160
[11-Jun-2024 17:01:34 UTC] PHP Notice:  Undefined index: user_agent in /var/www/auth/admin_dashboard.php on line 160
[11-Jun-2024 17:01:34 UTC] PHP Notice:  Undefined index: user_agent in /var/www/auth/admin_dashboard.php on line 160
[11-Jun-2024 17:01:34 UTC] PHP Notice:  Undefined index: user_agent in /var/www/auth/admin_dashboard.php on line 160
[11-Jun-2024 17:01:34 UTC] PHP Notice:  Undefined index: user_agent in /var/www/auth/admin_dashboard.php on line 160
[11-Jun-2024 17:01:34 UTC] PHP Notice:  Undefined index: user_agent in /var/www/auth/admin_dashboard.php on line 160
[11-Jun-2024 17:01:34 UTC] PHP Notice:  Undefined index: user_agent in /var/www/auth/admin_dashboard.php on line 160
[11-Jun-2024 17:01:34 UTC] PHP Notice:  Undefined index: user_agent in /var/www/auth/admin_dashboard.php on line 160
[11-Jun-2024 17:01:46 UTC] PHP Warning:  include(session_timeout.php): failed to open stream: No such file or directory in /var/www/auth/login.php on line 3
[11-Jun-2024 17:01:46 UTC] PHP Warning:  include(): Failed opening 'session_timeout.php' for inclusion (include_path='.:/usr/share/php') in /var/www/auth/login.php on line 3
[11-Jun-2024 17:01:52 UTC] PHP Warning:  include(session_timeout.php): failed to open stream: No such file or directory in /var/www/auth/login.php on line 3
[11-Jun-2024 17:01:52 UTC] PHP Warning:  include(): Failed opening 'session_timeout.php' for inclusion (include_path='.:/usr/share/php') in /var/www/auth/login.php on line 3
[11-Jun-2024 17:01:57 UTC] PHP Warning:  include(session_timeout.php): failed to open stream: No such file or directory in /var/www/auth/login.php on line 3
[11-Jun-2024 17:01:57 UTC] PHP Warning:  include(): Failed opening 'session_timeout.php' for inclusion (include_path='.:/usr/share/php') in /var/www/auth/login.php on line 3
[11-Jun-2024 17:02:01 UTC] PHP Warning:  include(session_timeout.php): failed to open stream: No such file or directory in /var/www/auth/login.php on line 3
[11-Jun-2024 17:02:01 UTC] PHP Warning:  include(): Failed opening 'session_timeout.php' for inclusion (include_path='.:/usr/share/php') in /var/www/auth/login.php on line 3
[11-Jun-2024 17:02:03 UTC] PHP Warning:  include(session_timeout.php): failed to open stream: No such file or directory in /var/www/auth/admin_dashboard.php on line 3
[11-Jun-2024 17:02:03 UTC] PHP Warning:  include(): Failed opening 'session_timeout.php' for inclusion (include_path='.:/usr/share/php') in /var/www/auth/admin_dashboard.php on line 3
[11-Jun-2024 17:02:03 UTC] PHP Notice:  Undefined index: user_agent in /var/www/auth/admin_dashboard.php on line 160
[11-Jun-2024 17:02:03 UTC] PHP Notice:  Undefined index: user_agent in /var/www/auth/admin_dashboard.php on line 160
[11-Jun-2024 17:02:03 UTC] PHP Notice:  Undefined index: user_agent in /var/www/auth/admin_dashboard.php on line 160
[11-Jun-2024 17:02:03 UTC] PHP Notice:  Undefined index: user_agent in /var/www/auth/admin_dashboard.php on line 160
[11-Jun-2024 17:02:03 UTC] PHP Notice:  Undefined index: user_agent in /var/www/auth/admin_dashboard.php on line 160
[11-Jun-2024 17:02:03 UTC] PHP Notice:  Undefined index: user_agent in /var/www/auth/admin_dashboard.php on line 160
[11-Jun-2024 17:02:03 UTC] PHP Notice:  Undefined index: user_agent in /var/www/auth/admin_dashboard.php on line 160
[11-Jun-2024 17:02:03 UTC] PHP Notice:  Undefined index: user_agent in /var/www/auth/admin_dashboard.php on line 160
[11-Jun-2024 17:02:03 UTC] PHP Notice:  Undefined index: user_agent in /var/www/auth/admin_dashboard.php on line 160
[11-Jun-2024 17:02:03 UTC] PHP Notice:  Undefined index: user_agent in /var/www/auth/admin_dashboard.php on line 160
[11-Jun-2024 17:02:03 UTC] PHP Notice:  Undefined index: user_agent in /var/www/auth/admin_dashboard.php on line 160
[11-Jun-2024 17:02:03 UTC] PHP Notice:  Undefined index: user_agent in /var/www/auth/admin_dashboard.php on line 160
[11-Jun-2024 17:02:03 UTC] PHP Notice:  Undefined index: user_agent in /var/www/auth/admin_dashboard.php on line 160
[11-Jun-2024 17:02:03 UTC] PHP Notice:  Undefined index: user_agent in /var/www/auth/admin_dashboard.php on line 160
[11-Jun-2024 17:02:05 UTC] PHP Warning:  include(session_timeout.php): failed to open stream: No such file or directory in /var/www/auth/admin_dashboard.php on line 3
[11-Jun-2024 17:02:05 UTC] PHP Warning:  include(): Failed opening 'session_timeout.php' for inclusion (include_path='.:/usr/share/php') in /var/www/auth/admin_dashboard.php on line 3
[11-Jun-2024 17:02:05 UTC] PHP Notice:  Undefined index: user_agent in /var/www/auth/admin_dashboard.php on line 160
[11-Jun-2024 17:02:05 UTC] PHP Notice:  Undefined index: user_agent in /var/www/auth/admin_dashboard.php on line 160
[11-Jun-2024 17:02:05 UTC] PHP Notice:  Undefined index: user_agent in /var/www/auth/admin_dashboard.php on line 160
[11-Jun-2024 17:02:05 UTC] PHP Notice:  Undefined index: user_agent in /var/www/auth/admin_dashboard.php on line 160
[11-Jun-2024 17:02:05 UTC] PHP Notice:  Undefined index: user_agent in /var/www/auth/admin_dashboard.php on line 160
[11-Jun-2024 17:02:05 UTC] PHP Notice:  Undefined index: user_agent in /var/www/auth/admin_dashboard.php on line 160
[11-Jun-2024 17:02:05 UTC] PHP Notice:  Undefined index: user_agent in /var/www/auth/admin_dashboard.php on line 160
[11-Jun-2024 17:02:05 UTC] PHP Notice:  Undefined index: user_agent in /var/www/auth/admin_dashboard.php on line 160
[11-Jun-2024 17:02:05 UTC] PHP Notice:  Undefined index: user_agent in /var/www/auth/admin_dashboard.php on line 160
[11-Jun-2024 17:02:05 UTC] PHP Notice:  Undefined index: user_agent in /var/www/auth/admin_dashboard.php on line 160
[11-Jun-2024 17:02:05 UTC] PHP Notice:  Undefined index: user_agent in /var/www/auth/admin_dashboard.php on line 160
[11-Jun-2024 17:02:05 UTC] PHP Notice:  Undefined index: user_agent in /var/www/auth/admin_dashboard.php on line 160
[11-Jun-2024 17:02:05 UTC] PHP Notice:  Undefined index: user_agent in /var/www/auth/admin_dashboard.php on line 160
[11-Jun-2024 17:02:05 UTC] PHP Notice:  Undefined index: user_agent in /var/www/auth/admin_dashboard.php on line 160
[11-Jun-2024 17:03:27 UTC] PHP Warning:  include(session_timeout.php): failed to open stream: No such file or directory in /var/www/auth/login.php on line 3
[11-Jun-2024 17:03:27 UTC] PHP Warning:  include(): Failed opening 'session_timeout.php' for inclusion (include_path='.:/usr/share/php') in /var/www/auth/login.php on line 3
[11-Jun-2024 17:03:29 UTC] PHP Warning:  include(session_timeout.php): failed to open stream: No such file or directory in /var/www/auth/login.php on line 3
[11-Jun-2024 17:03:29 UTC] PHP Warning:  include(): Failed opening 'session_timeout.php' for inclusion (include_path='.:/usr/share/php') in /var/www/auth/login.php on line 3
[11-Jun-2024 17:03:31 UTC] PHP Warning:  include(session_timeout.php): failed to open stream: No such file or directory in /var/www/auth/login.php on line 3
[11-Jun-2024 17:03:31 UTC] PHP Warning:  include(): Failed opening 'session_timeout.php' for inclusion (include_path='.:/usr/share/php') in /var/www/auth/login.php on line 3
[11-Jun-2024 17:03:31 UTC] PHP Warning:  include(session_timeout.php): failed to open stream: No such file or directory in /var/www/auth/login.php on line 3
[11-Jun-2024 17:03:31 UTC] PHP Warning:  include(): Failed opening 'session_timeout.php' for inclusion (include_path='.:/usr/share/php') in /var/www/auth/login.php on line 3
[11-Jun-2024 17:03:32 UTC] PHP Warning:  include(session_timeout.php): failed to open stream: No such file or directory in /var/www/auth/login.php on line 3
[11-Jun-2024 17:03:32 UTC] PHP Warning:  include(): Failed opening 'session_timeout.php' for inclusion (include_path='.:/usr/share/php') in /var/www/auth/login.php on line 3
[11-Jun-2024 17:03:33 UTC] PHP Warning:  include(session_timeout.php): failed to open stream: No such file or directory in /var/www/auth/signup.php on line 3
[11-Jun-2024 17:03:33 UTC] PHP Warning:  include(): Failed opening 'session_timeout.php' for inclusion (include_path='.:/usr/share/php') in /var/www/auth/signup.php on line 3
[11-Jun-2024 17:03:33 UTC] PHP Warning:  include(session_timeout.php): failed to open stream: No such file or directory in /var/www/auth/login.php on line 3
[11-Jun-2024 17:03:33 UTC] PHP Warning:  include(): Failed opening 'session_timeout.php' for inclusion (include_path='.:/usr/share/php') in /var/www/auth/login.php on line 3
[11-Jun-2024 17:03:35 UTC] PHP Warning:  include(session_timeout.php): failed to open stream: No such file or directory in /var/www/auth/signup.php on line 3
[11-Jun-2024 17:03:35 UTC] PHP Warning:  include(): Failed opening 'session_timeout.php' for inclusion (include_path='.:/usr/share/php') in /var/www/auth/signup.php on line 3
[11-Jun-2024 17:03:35 UTC] PHP Warning:  include(session_timeout.php): failed to open stream: No such file or directory in /var/www/auth/login.php on line 3
[11-Jun-2024 17:03:35 UTC] PHP Warning:  include(): Failed opening 'session_timeout.php' for inclusion (include_path='.:/usr/share/php') in /var/www/auth/login.php on line 3
[11-Jun-2024 17:03:36 UTC] PHP Warning:  include(session_timeout.php): failed to open stream: No such file or directory in /var/www/auth/signup.php on line 3
[11-Jun-2024 17:03:36 UTC] PHP Warning:  include(): Failed opening 'session_timeout.php' for inclusion (include_path='.:/usr/share/php') in /var/www/auth/signup.php on line 3
[11-Jun-2024 17:03:36 UTC] PHP Warning:  include(session_timeout.php): failed to open stream: No such file or directory in /var/www/auth/login.php on line 3
[11-Jun-2024 17:03:36 UTC] PHP Warning:  include(): Failed opening 'session_timeout.php' for inclusion (include_path='.:/usr/share/php') in /var/www/auth/login.php on line 3
[11-Jun-2024 17:03:36 UTC] PHP Warning:  include(session_timeout.php): failed to open stream: No such file or directory in /var/www/auth/signup.php on line 3
[11-Jun-2024 17:03:36 UTC] PHP Warning:  include(): Failed opening 'session_timeout.php' for inclusion (include_path='.:/usr/share/php') in /var/www/auth/signup.php on line 3
[11-Jun-2024 17:03:36 UTC] PHP Warning:  include(session_timeout.php): failed to open stream: No such file or directory in /var/www/auth/login.php on line 3
[11-Jun-2024 17:03:36 UTC] PHP Warning:  include(): Failed opening 'session_timeout.php' for inclusion (include_path='.:/usr/share/php') in /var/www/auth/login.php on line 3
[11-Jun-2024 17:03:37 UTC] PHP Warning:  include(session_timeout.php): failed to open stream: No such file or directory in /var/www/auth/signup.php on line 3
[11-Jun-2024 17:03:37 UTC] PHP Warning:  include(): Failed opening 'session_timeout.php' for inclusion (include_path='.:/usr/share/php') in /var/www/auth/signup.php on line 3
[11-Jun-2024 17:03:37 UTC] PHP Warning:  include(session_timeout.php): failed to open stream: No such file or directory in /var/www/auth/login.php on line 3
[11-Jun-2024 17:03:37 UTC] PHP Warning:  include(): Failed opening 'session_timeout.php' for inclusion (include_path='.:/usr/share/php') in /var/www/auth/login.php on line 3
[11-Jun-2024 17:03:40 UTC] PHP Warning:  include(session_timeout.php): failed to open stream: No such file or directory in /var/www/auth/signup.php on line 3
[11-Jun-2024 17:03:40 UTC] PHP Warning:  include(): Failed opening 'session_timeout.php' for inclusion (include_path='.:/usr/share/php') in /var/www/auth/signup.php on line 3
[11-Jun-2024 17:03:40 UTC] PHP Warning:  include(session_timeout.php): failed to open stream: No such file or directory in /var/www/auth/login.php on line 3
[11-Jun-2024 17:03:40 UTC] PHP Warning:  include(): Failed opening 'session_timeout.php' for inclusion (include_path='.:/usr/share/php') in /var/www/auth/login.php on line 3
[11-Jun-2024 17:03:58 UTC] PHP Warning:  include(session_timeout.php): failed to open stream: No such file or directory in /var/www/auth/login.php on line 3
[11-Jun-2024 17:03:58 UTC] PHP Warning:  include(): Failed opening 'session_timeout.php' for inclusion (include_path='.:/usr/share/php') in /var/www/auth/login.php on line 3
[11-Jun-2024 17:04:01 UTC] PHP Warning:  include(session_timeout.php): failed to open stream: No such file or directory in /var/www/auth/signup.php on line 3
[11-Jun-2024 17:04:01 UTC] PHP Warning:  include(): Failed opening 'session_timeout.php' for inclusion (include_path='.:/usr/share/php') in /var/www/auth/signup.php on line 3
[11-Jun-2024 17:04:14 UTC] PHP Warning:  include(session_timeout.php): failed to open stream: No such file or directory in /var/www/auth/signup.php on line 3
[11-Jun-2024 17:04:14 UTC] PHP Warning:  include(): Failed opening 'session_timeout.php' for inclusion (include_path='.:/usr/share/php') in /var/www/auth/signup.php on line 3
[11-Jun-2024 17:04:18 UTC] PHP Warning:  include(session_timeout.php): failed to open stream: No such file or directory in /var/www/auth/admin_dashboard.php on line 3
[11-Jun-2024 17:04:18 UTC] PHP Warning:  include(): Failed opening 'session_timeout.php' for inclusion (include_path='.:/usr/share/php') in /var/www/auth/admin_dashboard.php on line 3
[11-Jun-2024 17:04:18 UTC] PHP Warning:  include(session_timeout.php): failed to open stream: No such file or directory in /var/www/auth/login.php on line 3
[11-Jun-2024 17:04:18 UTC] PHP Warning:  include(): Failed opening 'session_timeout.php' for inclusion (include_path='.:/usr/share/php') in /var/www/auth/login.php on line 3
[11-Jun-2024 17:04:21 UTC] PHP Warning:  include(session_timeout.php): failed to open stream: No such file or directory in /var/www/auth/login.php on line 3
[11-Jun-2024 17:04:21 UTC] PHP Warning:  include(): Failed opening 'session_timeout.php' for inclusion (include_path='.:/usr/share/php') in /var/www/auth/login.php on line 3
[11-Jun-2024 17:04:24 UTC] PHP Warning:  include(session_timeout.php): failed to open stream: No such file or directory in /var/www/auth/login.php on line 3
[11-Jun-2024 17:04:24 UTC] PHP Warning:  include(): Failed opening 'session_timeout.php' for inclusion (include_path='.:/usr/share/php') in /var/www/auth/login.php on line 3
[11-Jun-2024 17:04:56 UTC] PHP Warning:  include(session_timeout.php): failed to open stream: No such file or directory in /var/www/auth/login.php on line 3
[11-Jun-2024 17:04:56 UTC] PHP Warning:  include(): Failed opening 'session_timeout.php' for inclusion (include_path='.:/usr/share/php') in /var/www/auth/login.php on line 3
[11-Jun-2024 17:04:58 UTC] PHP Warning:  include(session_timeout.php): failed to open stream: No such file or directory in /var/www/auth/login.php on line 3
[11-Jun-2024 17:04:58 UTC] PHP Warning:  include(): Failed opening 'session_timeout.php' for inclusion (include_path='.:/usr/share/php') in /var/www/auth/login.php on line 3
[11-Jun-2024 17:05:06 UTC] PHP Warning:  include(auth/session_timeout.php): failed to open stream: No such file or directory in /var/www/auth/admin_dashboard.php on line 3
[11-Jun-2024 17:05:06 UTC] PHP Warning:  include(): Failed opening 'auth/session_timeout.php' for inclusion (include_path='.:/usr/share/php') in /var/www/auth/admin_dashboard.php on line 3
[11-Jun-2024 17:07:50 UTC] PHP Warning:  include(session_timeout.php): failed to open stream: No such file or directory in /var/www/auth/login.php on line 3
[11-Jun-2024 17:07:50 UTC] PHP Warning:  include(): Failed opening 'session_timeout.php' for inclusion (include_path='.:/usr/share/php') in /var/www/auth/login.php on line 3
[11-Jun-2024 17:07:53 UTC] PHP Warning:  include(session_timeout.php): failed to open stream: No such file or directory in /var/www/auth/login.php on line 3
[11-Jun-2024 17:07:53 UTC] PHP Warning:  include(): Failed opening 'session_timeout.php' for inclusion (include_path='.:/usr/share/php') in /var/www/auth/login.php on line 3
[11-Jun-2024 17:09:55 UTC] PHP Warning:  include(session_timeout.php): failed to open stream: No such file or directory in /var/www/auth/login.php on line 3
[11-Jun-2024 17:09:55 UTC] PHP Warning:  include(): Failed opening 'session_timeout.php' for inclusion (include_path='.:/usr/share/php') in /var/www/auth/login.php on line 3
[11-Jun-2024 17:09:58 UTC] PHP Warning:  include(session_timeout.php): failed to open stream: No such file or directory in /var/www/auth/login.php on line 3
[11-Jun-2024 17:09:58 UTC] PHP Warning:  include(): Failed opening 'session_timeout.php' for inclusion (include_path='.:/usr/share/php') in /var/www/auth/login.php on line 3
[11-Jun-2024 17:10:01 UTC] PHP Warning:  include(auth/session_timeout.php): failed to open stream: No such file or directory in /var/www/auth/admin_dashboard.php on line 3
[11-Jun-2024 17:10:01 UTC] PHP Warning:  include(): Failed opening 'auth/session_timeout.php' for inclusion (include_path='.:/usr/share/php') in /var/www/auth/admin_dashboard.php on line 3
[11-Jun-2024 17:10:08 UTC] PHP Warning:  include(session_timeout.php): failed to open stream: No such file or directory in /var/www/auth/login.php on line 3
[11-Jun-2024 17:10:08 UTC] PHP Warning:  include(): Failed opening 'session_timeout.php' for inclusion (include_path='.:/usr/share/php') in /var/www/auth/login.php on line 3
[11-Jun-2024 17:10:10 UTC] PHP Warning:  include(session_timeout.php): failed to open stream: No such file or directory in /var/www/auth/login.php on line 3
[11-Jun-2024 17:10:10 UTC] PHP Warning:  include(): Failed opening 'session_timeout.php' for inclusion (include_path='.:/usr/share/php') in /var/www/auth/login.php on line 3
[11-Jun-2024 17:10:12 UTC] PHP Warning:  include(session_timeout.php): failed to open stream: No such file or directory in /var/www/auth/login.php on line 3
[11-Jun-2024 17:10:12 UTC] PHP Warning:  include(): Failed opening 'session_timeout.php' for inclusion (include_path='.:/usr/share/php') in /var/www/auth/login.php on line 3
[11-Jun-2024 17:10:15 UTC] PHP Warning:  include(auth/session_timeout.php): failed to open stream: No such file or directory in /var/www/auth/admin_dashboard.php on line 3
[11-Jun-2024 17:10:15 UTC] PHP Warning:  include(): Failed opening 'auth/session_timeout.php' for inclusion (include_path='.:/usr/share/php') in /var/www/auth/admin_dashboard.php on line 3
[11-Jun-2024 17:10:44 UTC] PHP Warning:  include(auth/session_timeout.php): failed to open stream: No such file or directory in /var/www/auth/admin_dashboard.php on line 3
[11-Jun-2024 17:10:44 UTC] PHP Warning:  include(): Failed opening 'auth/session_timeout.php' for inclusion (include_path='.:/usr/share/php') in /var/www/auth/admin_dashboard.php on line 3
[11-Jun-2024 17:11:04 UTC] PHP Warning:  include(auth/session_timeout.php): failed to open stream: No such file or directory in /var/www/auth/admin_dashboard.php on line 3
[11-Jun-2024 17:11:04 UTC] PHP Warning:  include(): Failed opening 'auth/session_timeout.php' for inclusion (include_path='.:/usr/share/php') in /var/www/auth/admin_dashboard.php on line 3
[11-Jun-2024 17:11:14 UTC] PHP Warning:  include(auth/session_timeout.php): failed to open stream: No such file or directory in /var/www/auth/admin_dashboard.php on line 3
[11-Jun-2024 17:11:14 UTC] PHP Warning:  include(): Failed opening 'auth/session_timeout.php' for inclusion (include_path='.:/usr/share/php') in /var/www/auth/admin_dashboard.php on line 3
[11-Jun-2024 17:11:51 UTC] PHP Warning:  include(auth/session_timeout.php): failed to open stream: No such file or directory in /var/www/auth/admin_dashboard.php on line 3
[11-Jun-2024 17:11:51 UTC] PHP Warning:  include(): Failed opening 'auth/session_timeout.php' for inclusion (include_path='.:/usr/share/php') in /var/www/auth/admin_dashboard.php on line 3
[11-Jun-2024 17:11:52 UTC] PHP Warning:  include(session_timeout.php): failed to open stream: No such file or directory in /var/www/auth/login.php on line 3
[11-Jun-2024 17:11:52 UTC] PHP Warning:  include(): Failed opening 'session_timeout.php' for inclusion (include_path='.:/usr/share/php') in /var/www/auth/login.php on line 3
[11-Jun-2024 17:11:55 UTC] PHP Warning:  include(session_timeout.php): failed to open stream: No such file or directory in /var/www/auth/login.php on line 3
[11-Jun-2024 17:11:55 UTC] PHP Warning:  include(): Failed opening 'session_timeout.php' for inclusion (include_path='.:/usr/share/php') in /var/www/auth/login.php on line 3
[11-Jun-2024 17:11:57 UTC] PHP Warning:  include(auth/session_timeout.php): failed to open stream: No such file or directory in /var/www/auth/admin_dashboard.php on line 3
[11-Jun-2024 17:11:57 UTC] PHP Warning:  include(): Failed opening 'auth/session_timeout.php' for inclusion (include_path='.:/usr/share/php') in /var/www/auth/admin_dashboard.php on line 3
[11-Jun-2024 17:12:27 UTC] PHP Warning:  include(auth/session_timeout.php): failed to open stream: No such file or directory in /var/www/auth/admin_dashboard.php on line 3
[11-Jun-2024 17:12:27 UTC] PHP Warning:  include(): Failed opening 'auth/session_timeout.php' for inclusion (include_path='.:/usr/share/php') in /var/www/auth/admin_dashboard.php on line 3
[11-Jun-2024 17:12:32 UTC] PHP Warning:  include(session_timeout.php): failed to open stream: No such file or directory in /var/www/auth/login.php on line 3
[11-Jun-2024 17:12:32 UTC] PHP Warning:  include(): Failed opening 'session_timeout.php' for inclusion (include_path='.:/usr/share/php') in /var/www/auth/login.php on line 3
[11-Jun-2024 17:12:35 UTC] PHP Warning:  include(session_timeout.php): failed to open stream: No such file or directory in /var/www/auth/login.php on line 3
[11-Jun-2024 17:12:35 UTC] PHP Warning:  include(): Failed opening 'session_timeout.php' for inclusion (include_path='.:/usr/share/php') in /var/www/auth/login.php on line 3
[11-Jun-2024 17:12:39 UTC] PHP Warning:  include(session_timeout.php): failed to open stream: No such file or directory in /var/www/auth/login.php on line 3
[11-Jun-2024 17:12:39 UTC] PHP Warning:  include(): Failed opening 'session_timeout.php' for inclusion (include_path='.:/usr/share/php') in /var/www/auth/login.php on line 3
[11-Jun-2024 17:14:41 UTC] PHP Warning:  include(session_timeout.php): failed to open stream: No such file or directory in /var/www/auth/login.php on line 3
[11-Jun-2024 17:14:41 UTC] PHP Warning:  include(): Failed opening 'session_timeout.php' for inclusion (include_path='.:/usr/share/php') in /var/www/auth/login.php on line 3
[11-Jun-2024 17:17:17 UTC] PHP Warning:  include(session_timeout.php): failed to open stream: No such file or directory in /var/www/auth/login.php on line 3
[11-Jun-2024 17:17:17 UTC] PHP Warning:  include(): Failed opening 'session_timeout.php' for inclusion (include_path='.:/usr/share/php') in /var/www/auth/login.php on line 3
[11-Jun-2024 17:24:44 UTC] PHP Notice:  A session had already been started - ignoring session_start() in /var/www/auth/session_timeout.php on line 2
[11-Jun-2024 17:24:47 UTC] PHP Notice:  A session had already been started - ignoring session_start() in /var/www/auth/session_timeout.php on line 2
[11-Jun-2024 17:25:25 UTC] PHP Notice:  A session had already been started - ignoring session_start() in /var/www/auth/session_timeout.php on line 2
[11-Jun-2024 17:25:32 UTC] PHP Notice:  A session had already been started - ignoring session_start() in /var/www/auth/session_timeout.php on line 2
[11-Jun-2024 17:25:32 UTC] PHP Notice:  A session had already been started - ignoring session_start() in /var/www/auth/session_timeout.php on line 2
[11-Jun-2024 17:25:36 UTC] PHP Notice:  A session had already been started - ignoring session_start() in /var/www/auth/session_timeout.php on line 2
[11-Jun-2024 17:26:01 UTC] PHP Warning:  include(auth/session_timeout.php): failed to open stream: No such file or directory in /var/www/auth/admin_dashboard.php on line 3
[11-Jun-2024 17:26:01 UTC] PHP Warning:  include(): Failed opening 'auth/session_timeout.php' for inclusion (include_path='.:/usr/share/php') in /var/www/auth/admin_dashboard.php on line 3
[11-Jun-2024 17:26:03 UTC] PHP Notice:  A session had already been started - ignoring session_start() in /var/www/auth/session_timeout.php on line 2
[11-Jun-2024 17:26:09 UTC] PHP Notice:  A session had already been started - ignoring session_start() in /var/www/auth/session_timeout.php on line 2
[11-Jun-2024 17:26:09 UTC] PHP Notice:  A session had already been started - ignoring session_start() in /var/www/auth/session_timeout.php on line 2
[11-Jun-2024 17:26:12 UTC] PHP Notice:  A session had already been started - ignoring session_start() in /var/www/auth/session_timeout.php on line 2
[11-Jun-2024 17:26:33 UTC] PHP Notice:  A session had already been started - ignoring session_start() in /var/www/auth/session_timeout.php on line 2
[11-Jun-2024 17:26:39 UTC] PHP Notice:  A session had already been started - ignoring session_start() in /var/www/auth/session_timeout.php on line 2
[11-Jun-2024 17:26:39 UTC] PHP Notice:  A session had already been started - ignoring session_start() in /var/www/auth/session_timeout.php on line 2
[11-Jun-2024 17:26:41 UTC] PHP Notice:  A session had already been started - ignoring session_start() in /var/www/auth/session_timeout.php on line 2
[11-Jun-2024 17:27:11 UTC] PHP Notice:  A session had already been started - ignoring session_start() in /var/www/auth/session_timeout.php on line 2
[11-Jun-2024 17:27:13 UTC] PHP Notice:  A session had already been started - ignoring session_start() in /var/www/auth/session_timeout.php on line 2
[11-Jun-2024 17:27:14 UTC] PHP Notice:  A session had already been started - ignoring session_start() in /var/www/auth/session_timeout.php on line 2
[11-Jun-2024 17:27:14 UTC] PHP Notice:  A session had already been started - ignoring session_start() in /var/www/auth/session_timeout.php on line 2
[11-Jun-2024 17:27:15 UTC] PHP Notice:  A session had already been started - ignoring session_start() in /var/www/auth/session_timeout.php on line 2
[11-Jun-2024 17:27:18 UTC] PHP Notice:  A session had already been started - ignoring session_start() in /var/www/auth/session_timeout.php on line 2
[11-Jun-2024 17:27:47 UTC] PHP Notice:  A session had already been started - ignoring session_start() in /var/www/auth/session_timeout.php on line 2
[11-Jun-2024 17:27:47 UTC] PHP Notice:  A session had already been started - ignoring session_start() in /var/www/auth/session_timeout.php on line 2
[11-Jun-2024 17:28:04 UTC] PHP Notice:  A session had already been started - ignoring session_start() in /var/www/auth/session_timeout.php on line 2
[11-Jun-2024 17:28:04 UTC] PHP Notice:  A session had already been started - ignoring session_start() in /var/www/auth/session_timeout.php on line 2
[11-Jun-2024 17:28:08 UTC] PHP Notice:  A session had already been started - ignoring session_start() in /var/www/auth/session_timeout.php on line 2
[11-Jun-2024 17:28:13 UTC] PHP Notice:  A session had already been started - ignoring session_start() in /var/www/auth/session_timeout.php on line 2
[11-Jun-2024 17:28:16 UTC] PHP Notice:  A session had already been started - ignoring session_start() in /var/www/auth/session_timeout.php on line 2
[11-Jun-2024 17:28:40 UTC] PHP Notice:  A session had already been started - ignoring session_start() in /var/www/auth/session_timeout.php on line 2
[11-Jun-2024 17:28:45 UTC] PHP Notice:  A session had already been started - ignoring session_start() in /var/www/auth/session_timeout.php on line 2
[11-Jun-2024 17:45:59 UTC] PHP Warning:  include(auth/session_timeout.php): failed to open stream: No such file or directory in /var/www/auth/admin_dashboard.php on line 3
[11-Jun-2024 17:45:59 UTC] PHP Warning:  include(): Failed opening 'auth/session_timeout.php' for inclusion (include_path='.:/usr/share/php') in /var/www/auth/admin_dashboard.php on line 3
[11-Jun-2024 18:06:24 UTC] PHP Warning:  include(auth/session_timeout.php): failed to open stream: No such file or directory in /var/www/auth/admin_dashboard.php on line 3
[11-Jun-2024 18:06:24 UTC] PHP Warning:  include(): Failed opening 'auth/session_timeout.php' for inclusion (include_path='.:/usr/share/php') in /var/www/auth/admin_dashboard.php on line 3
[11-Jun-2024 19:59:31 UTC] PHP Warning:  include(auth/session_timeout.php): failed to open stream: No such file or directory in /var/www/auth/admin_dashboard.php on line 3
[11-Jun-2024 19:59:31 UTC] PHP Warning:  include(): Failed opening 'auth/session_timeout.php' for inclusion (include_path='.:/usr/share/php') in /var/www/auth/admin_dashboard.php on line 3
[11-Jun-2024 20:03:05 UTC] PHP Warning:  include(auth/session_timeout.php): failed to open stream: No such file or directory in /var/www/auth/admin_dashboard.php on line 3
[11-Jun-2024 20:03:05 UTC] PHP Warning:  include(): Failed opening 'auth/session_timeout.php' for inclusion (include_path='.:/usr/share/php') in /var/www/auth/admin_dashboard.php on line 3
[12-Jun-2024 16:16:00 UTC] PHP Warning:  include(auth/session_timeout.php): failed to open stream: No such file or directory in /var/www/auth/admin_dashboard.php on line 3
[12-Jun-2024 16:16:00 UTC] PHP Warning:  include(): Failed opening 'auth/session_timeout.php' for inclusion (include_path='.:/usr/share/php') in /var/www/auth/admin_dashboard.php on line 3
[12-Jun-2024 16:25:33 UTC] PHP Warning:  include(auth/session_timeout.php): failed to open stream: No such file or directory in /var/www/auth/admin_dashboard.php on line 3
[12-Jun-2024 16:25:33 UTC] PHP Warning:  include(): Failed opening 'auth/session_timeout.php' for inclusion (include_path='.:/usr/share/php') in /var/www/auth/admin_dashboard.php on line 3
[12-Jun-2024 16:25:54 UTC] PHP Warning:  include(auth/session_timeout.php): failed to open stream: No such file or directory in /var/www/auth/admin_dashboard.php on line 3
[12-Jun-2024 16:25:54 UTC] PHP Warning:  include(): Failed opening 'auth/session_timeout.php' for inclusion (include_path='.:/usr/share/php') in /var/www/auth/admin_dashboard.php on line 3
[12-Jun-2024 19:37:56 UTC] PHP Warning:  include(auth/session_timeout.php): failed to open stream: No such file or directory in /var/www/auth/admin_dashboard.php on line 3
[12-Jun-2024 19:37:56 UTC] PHP Warning:  include(): Failed opening 'auth/session_timeout.php' for inclusion (include_path='.:/usr/share/php') in /var/www/auth/admin_dashboard.php on line 3
[12-Jun-2024 19:58:46 UTC] PHP Warning:  include(auth/session_timeout.php): failed to open stream: No such file or directory in /var/www/auth/admin_dashboard.php on line 3
[12-Jun-2024 19:58:46 UTC] PHP Warning:  include(): Failed opening 'auth/session_timeout.php' for inclusion (include_path='.:/usr/share/php') in /var/www/auth/admin_dashboard.php on line 3
[12-Jun-2024 19:59:13 UTC] PHP Warning:  include(auth/session_timeout.php): failed to open stream: No such file or directory in /var/www/auth/admin_dashboard.php on line 3
[12-Jun-2024 19:59:13 UTC] PHP Warning:  include(): Failed opening 'auth/session_timeout.php' for inclusion (include_path='.:/usr/share/php') in /var/www/auth/admin_dashboard.php on line 3
[12-Jun-2024 20:09:45 UTC] PHP Warning:  include(auth/session_timeout.php): failed to open stream: No such file or directory in /var/www/auth/admin_dashboard.php on line 3
[12-Jun-2024 20:09:45 UTC] PHP Warning:  include(): Failed opening 'auth/session_timeout.php' for inclusion (include_path='.:/usr/share/php') in /var/www/auth/admin_dashboard.php on line 3
[13-Jun-2024 13:49:37 UTC] PHP Warning:  include(auth/session_timeout.php): failed to open stream: No such file or directory in /var/www/auth/admin_dashboard.php on line 3
[13-Jun-2024 13:49:37 UTC] PHP Warning:  include(): Failed opening 'auth/session_timeout.php' for inclusion (include_path='.:/usr/share/php') in /var/www/auth/admin_dashboard.php on line 3
[14-Jun-2024 14:38:25 UTC] PHP Warning:  include(auth/session_timeout.php): failed to open stream: No such file or directory in /var/www/auth/admin_dashboard.php on line 3
[14-Jun-2024 14:38:25 UTC] PHP Warning:  include(): Failed opening 'auth/session_timeout.php' for inclusion (include_path='.:/usr/share/php') in /var/www/auth/admin_dashboard.php on line 3
[14-Jun-2024 14:41:01 UTC] PHP Warning:  include(auth/session_timeout.php): failed to open stream: No such file or directory in /var/www/auth/admin_dashboard.php on line 3
[14-Jun-2024 14:41:01 UTC] PHP Warning:  include(): Failed opening 'auth/session_timeout.php' for inclusion (include_path='.:/usr/share/php') in /var/www/auth/admin_dashboard.php on line 3
[17-Jun-2024 15:01:06 UTC] PHP Warning:  include(auth/session_timeout.php): failed to open stream: No such file or directory in /var/www/auth/admin_dashboard.php on line 3
[17-Jun-2024 15:01:06 UTC] PHP Warning:  include(): Failed opening 'auth/session_timeout.php' for inclusion (include_path='.:/usr/share/php') in /var/www/auth/admin_dashboard.php on line 3
[17-Jun-2024 15:01:13 UTC] PHP Warning:  include(auth/session_timeout.php): failed to open stream: No such file or directory in /var/www/auth/admin_dashboard.php on line 3
[17-Jun-2024 15:01:13 UTC] PHP Warning:  include(): Failed opening 'auth/session_timeout.php' for inclusion (include_path='.:/usr/share/php') in /var/www/auth/admin_dashboard.php on line 3
[17-Jun-2024 15:02:55 UTC] PHP Warning:  include(auth/session_timeout.php): failed to open stream: No such file or directory in /var/www/auth/admin_dashboard.php on line 3
[17-Jun-2024 15:02:55 UTC] PHP Warning:  include(): Failed opening 'auth/session_timeout.php' for inclusion (include_path='.:/usr/share/php') in /var/www/auth/admin_dashboard.php on line 3
[18-Jun-2024 20:53:05 UTC] PHP Warning:  include(auth/session_timeout.php): failed to open stream: No such file or directory in /var/www/auth/admin_dashboard.php on line 3
[18-Jun-2024 20:53:05 UTC] PHP Warning:  include(): Failed opening 'auth/session_timeout.php' for inclusion (include_path='.:/usr/share/php') in /var/www/auth/admin_dashboard.php on line 3
[20-Jun-2024 21:09:39 UTC] PHP Notice:  Constant LDAP_SERVER already defined in /var/www/auth/config.php on line 3
[20-Jun-2024 21:09:39 UTC] PHP Notice:  Constant LDAP_ADMIN_USER already defined in /var/www/auth/config.php on line 4
[20-Jun-2024 21:09:39 UTC] PHP Notice:  Constant LDAP_ADMIN_PASS already defined in /var/www/auth/config.php on line 5
[20-Jun-2024 21:09:39 UTC] PHP Notice:  Constant LDAP_SEARCH_BASE already defined in /var/www/auth/config.php on line 6
[20-Jun-2024 21:09:39 UTC] PHP Notice:  Constant DB_SERVER already defined in /var/www/auth/config.php on line 9
[20-Jun-2024 21:09:39 UTC] PHP Notice:  Constant DB_USERNAME already defined in /var/www/auth/config.php on line 10
[20-Jun-2024 21:09:39 UTC] PHP Notice:  Constant DB_PASSWORD already defined in /var/www/auth/config.php on line 11
[20-Jun-2024 21:09:39 UTC] PHP Notice:  Constant DB_NAME already defined in /var/www/auth/config.php on line 12
[20-Jun-2024 21:09:41 UTC] PHP Warning:  include(auth/session_timeout.php): failed to open stream: No such file or directory in /var/www/auth/admin_dashboard.php on line 3
[20-Jun-2024 21:09:41 UTC] PHP Warning:  include(): Failed opening 'auth/session_timeout.php' for inclusion (include_path='.:/usr/share/php') in /var/www/auth/admin_dashboard.php on line 3
[20-Jun-2024 21:10:16 UTC] PHP Notice:  Constant LDAP_SERVER already defined in /var/www/auth/config.php on line 3
[20-Jun-2024 21:10:16 UTC] PHP Notice:  Constant LDAP_ADMIN_USER already defined in /var/www/auth/config.php on line 4
[20-Jun-2024 21:10:16 UTC] PHP Notice:  Constant LDAP_ADMIN_PASS already defined in /var/www/auth/config.php on line 5
[20-Jun-2024 21:10:16 UTC] PHP Notice:  Constant LDAP_SEARCH_BASE already defined in /var/www/auth/config.php on line 6
[20-Jun-2024 21:10:16 UTC] PHP Notice:  Constant DB_SERVER already defined in /var/www/auth/config.php on line 9
[20-Jun-2024 21:10:16 UTC] PHP Notice:  Constant DB_USERNAME already defined in /var/www/auth/config.php on line 10
[20-Jun-2024 21:10:16 UTC] PHP Notice:  Constant DB_PASSWORD already defined in /var/www/auth/config.php on line 11
[20-Jun-2024 21:10:16 UTC] PHP Notice:  Constant DB_NAME already defined in /var/www/auth/config.php on line 12
[20-Jun-2024 21:10:22 UTC] PHP Notice:  Constant LDAP_SERVER already defined in /var/www/auth/config.php on line 3
[20-Jun-2024 21:10:22 UTC] PHP Notice:  Constant LDAP_ADMIN_USER already defined in /var/www/auth/config.php on line 4
[20-Jun-2024 21:10:22 UTC] PHP Notice:  Constant LDAP_ADMIN_PASS already defined in /var/www/auth/config.php on line 5
[20-Jun-2024 21:10:22 UTC] PHP Notice:  Constant LDAP_SEARCH_BASE already defined in /var/www/auth/config.php on line 6
[20-Jun-2024 21:10:22 UTC] PHP Notice:  Constant DB_SERVER already defined in /var/www/auth/config.php on line 9
[20-Jun-2024 21:10:22 UTC] PHP Notice:  Constant DB_USERNAME already defined in /var/www/auth/config.php on line 10
[20-Jun-2024 21:10:22 UTC] PHP Notice:  Constant DB_PASSWORD already defined in /var/www/auth/config.php on line 11
[20-Jun-2024 21:10:22 UTC] PHP Notice:  Constant DB_NAME already defined in /var/www/auth/config.php on line 12
[20-Jun-2024 21:10:30 UTC] PHP Notice:  Constant LDAP_SERVER already defined in /var/www/auth/config.php on line 3
[20-Jun-2024 21:10:30 UTC] PHP Notice:  Constant LDAP_ADMIN_USER already defined in /var/www/auth/config.php on line 4
[20-Jun-2024 21:10:30 UTC] PHP Notice:  Constant LDAP_ADMIN_PASS already defined in /var/www/auth/config.php on line 5
[20-Jun-2024 21:10:30 UTC] PHP Notice:  Constant LDAP_SEARCH_BASE already defined in /var/www/auth/config.php on line 6
[20-Jun-2024 21:10:30 UTC] PHP Notice:  Constant DB_SERVER already defined in /var/www/auth/config.php on line 9
[20-Jun-2024 21:10:30 UTC] PHP Notice:  Constant DB_USERNAME already defined in /var/www/auth/config.php on line 10
[20-Jun-2024 21:10:30 UTC] PHP Notice:  Constant DB_PASSWORD already defined in /var/www/auth/config.php on line 11
[20-Jun-2024 21:10:30 UTC] PHP Notice:  Constant DB_NAME already defined in /var/www/auth/config.php on line 12
[20-Jun-2024 21:10:39 UTC] PHP Notice:  Constant LDAP_SERVER already defined in /var/www/auth/config.php on line 3
[20-Jun-2024 21:10:39 UTC] PHP Notice:  Constant LDAP_ADMIN_USER already defined in /var/www/auth/config.php on line 4
[20-Jun-2024 21:10:39 UTC] PHP Notice:  Constant LDAP_ADMIN_PASS already defined in /var/www/auth/config.php on line 5
[20-Jun-2024 21:10:39 UTC] PHP Notice:  Constant LDAP_SEARCH_BASE already defined in /var/www/auth/config.php on line 6
[20-Jun-2024 21:10:39 UTC] PHP Notice:  Constant DB_SERVER already defined in /var/www/auth/config.php on line 9
[20-Jun-2024 21:10:39 UTC] PHP Notice:  Constant DB_USERNAME already defined in /var/www/auth/config.php on line 10
[20-Jun-2024 21:10:39 UTC] PHP Notice:  Constant DB_PASSWORD already defined in /var/www/auth/config.php on line 11
[20-Jun-2024 21:10:39 UTC] PHP Notice:  Constant DB_NAME already defined in /var/www/auth/config.php on line 12
[20-Jun-2024 21:10:41 UTC] PHP Notice:  Constant LDAP_SERVER already defined in /var/www/auth/config.php on line 3
[20-Jun-2024 21:10:41 UTC] PHP Notice:  Constant LDAP_ADMIN_USER already defined in /var/www/auth/config.php on line 4
[20-Jun-2024 21:10:41 UTC] PHP Notice:  Constant LDAP_ADMIN_PASS already defined in /var/www/auth/config.php on line 5
[20-Jun-2024 21:10:41 UTC] PHP Notice:  Constant LDAP_SEARCH_BASE already defined in /var/www/auth/config.php on line 6
[20-Jun-2024 21:10:41 UTC] PHP Notice:  Constant DB_SERVER already defined in /var/www/auth/config.php on line 9
[20-Jun-2024 21:10:41 UTC] PHP Notice:  Constant DB_USERNAME already defined in /var/www/auth/config.php on line 10
[20-Jun-2024 21:10:41 UTC] PHP Notice:  Constant DB_PASSWORD already defined in /var/www/auth/config.php on line 11
[20-Jun-2024 21:10:41 UTC] PHP Notice:  Constant DB_NAME already defined in /var/www/auth/config.php on line 12
[20-Jun-2024 21:10:43 UTC] PHP Notice:  Constant LDAP_SERVER already defined in /var/www/auth/config.php on line 3
[20-Jun-2024 21:10:43 UTC] PHP Notice:  Constant LDAP_ADMIN_USER already defined in /var/www/auth/config.php on line 4
[20-Jun-2024 21:10:43 UTC] PHP Notice:  Constant LDAP_ADMIN_PASS already defined in /var/www/auth/config.php on line 5
[20-Jun-2024 21:10:43 UTC] PHP Notice:  Constant LDAP_SEARCH_BASE already defined in /var/www/auth/config.php on line 6
[20-Jun-2024 21:10:43 UTC] PHP Notice:  Constant DB_SERVER already defined in /var/www/auth/config.php on line 9
[20-Jun-2024 21:10:43 UTC] PHP Notice:  Constant DB_USERNAME already defined in /var/www/auth/config.php on line 10
[20-Jun-2024 21:10:43 UTC] PHP Notice:  Constant DB_PASSWORD already defined in /var/www/auth/config.php on line 11
[20-Jun-2024 21:10:43 UTC] PHP Notice:  Constant DB_NAME already defined in /var/www/auth/config.php on line 12
[20-Jun-2024 21:10:47 UTC] PHP Notice:  Constant LDAP_SERVER already defined in /var/www/auth/config.php on line 3
[20-Jun-2024 21:10:47 UTC] PHP Notice:  Constant LDAP_ADMIN_USER already defined in /var/www/auth/config.php on line 4
[20-Jun-2024 21:10:47 UTC] PHP Notice:  Constant LDAP_ADMIN_PASS already defined in /var/www/auth/config.php on line 5
[20-Jun-2024 21:10:47 UTC] PHP Notice:  Constant LDAP_SEARCH_BASE already defined in /var/www/auth/config.php on line 6
[20-Jun-2024 21:10:47 UTC] PHP Notice:  Constant DB_SERVER already defined in /var/www/auth/config.php on line 9
[20-Jun-2024 21:10:47 UTC] PHP Notice:  Constant DB_USERNAME already defined in /var/www/auth/config.php on line 10
[20-Jun-2024 21:10:47 UTC] PHP Notice:  Constant DB_PASSWORD already defined in /var/www/auth/config.php on line 11
[20-Jun-2024 21:10:47 UTC] PHP Notice:  Constant DB_NAME already defined in /var/www/auth/config.php on line 12
[20-Jun-2024 21:10:50 UTC] PHP Notice:  Constant LDAP_SERVER already defined in /var/www/auth/config.php on line 3
[20-Jun-2024 21:10:50 UTC] PHP Notice:  Constant LDAP_ADMIN_USER already defined in /var/www/auth/config.php on line 4
[20-Jun-2024 21:10:50 UTC] PHP Notice:  Constant LDAP_ADMIN_PASS already defined in /var/www/auth/config.php on line 5
[20-Jun-2024 21:10:50 UTC] PHP Notice:  Constant LDAP_SEARCH_BASE already defined in /var/www/auth/config.php on line 6
[20-Jun-2024 21:10:50 UTC] PHP Notice:  Constant DB_SERVER already defined in /var/www/auth/config.php on line 9
[20-Jun-2024 21:10:50 UTC] PHP Notice:  Constant DB_USERNAME already defined in /var/www/auth/config.php on line 10
[20-Jun-2024 21:10:50 UTC] PHP Notice:  Constant DB_PASSWORD already defined in /var/www/auth/config.php on line 11
[20-Jun-2024 21:10:50 UTC] PHP Notice:  Constant DB_NAME already defined in /var/www/auth/config.php on line 12
[20-Jun-2024 21:14:00 UTC] PHP Notice:  Constant LDAP_SERVER already defined in /var/www/auth/config.php on line 3
[20-Jun-2024 21:14:00 UTC] PHP Notice:  Constant LDAP_ADMIN_USER already defined in /var/www/auth/config.php on line 4
[20-Jun-2024 21:14:00 UTC] PHP Notice:  Constant LDAP_ADMIN_PASS already defined in /var/www/auth/config.php on line 5
[20-Jun-2024 21:14:00 UTC] PHP Notice:  Constant LDAP_SEARCH_BASE already defined in /var/www/auth/config.php on line 6
[20-Jun-2024 21:14:00 UTC] PHP Notice:  Constant DB_SERVER already defined in /var/www/auth/config.php on line 9
[20-Jun-2024 21:14:00 UTC] PHP Notice:  Constant DB_USERNAME already defined in /var/www/auth/config.php on line 10
[20-Jun-2024 21:14:00 UTC] PHP Notice:  Constant DB_PASSWORD already defined in /var/www/auth/config.php on line 11
[20-Jun-2024 21:14:00 UTC] PHP Notice:  Constant DB_NAME already defined in /var/www/auth/config.php on line 12
[20-Jun-2024 21:14:08 UTC] PHP Notice:  Constant LDAP_SERVER already defined in /var/www/auth/config.php on line 3
[20-Jun-2024 21:14:08 UTC] PHP Notice:  Constant LDAP_ADMIN_USER already defined in /var/www/auth/config.php on line 4
[20-Jun-2024 21:14:08 UTC] PHP Notice:  Constant LDAP_ADMIN_PASS already defined in /var/www/auth/config.php on line 5
[20-Jun-2024 21:14:08 UTC] PHP Notice:  Constant LDAP_SEARCH_BASE already defined in /var/www/auth/config.php on line 6
[20-Jun-2024 21:14:08 UTC] PHP Notice:  Constant DB_SERVER already defined in /var/www/auth/config.php on line 9
[20-Jun-2024 21:14:08 UTC] PHP Notice:  Constant DB_USERNAME already defined in /var/www/auth/config.php on line 10
[20-Jun-2024 21:14:08 UTC] PHP Notice:  Constant DB_PASSWORD already defined in /var/www/auth/config.php on line 11
[20-Jun-2024 21:14:08 UTC] PHP Notice:  Constant DB_NAME already defined in /var/www/auth/config.php on line 12
[20-Jun-2024 21:14:13 UTC] PHP Notice:  Constant LDAP_SERVER already defined in /var/www/auth/config.php on line 3
[20-Jun-2024 21:14:13 UTC] PHP Notice:  Constant LDAP_ADMIN_USER already defined in /var/www/auth/config.php on line 4
[20-Jun-2024 21:14:13 UTC] PHP Notice:  Constant LDAP_ADMIN_PASS already defined in /var/www/auth/config.php on line 5
[20-Jun-2024 21:14:13 UTC] PHP Notice:  Constant LDAP_SEARCH_BASE already defined in /var/www/auth/config.php on line 6
[20-Jun-2024 21:14:13 UTC] PHP Notice:  Constant DB_SERVER already defined in /var/www/auth/config.php on line 9
[20-Jun-2024 21:14:13 UTC] PHP Notice:  Constant DB_USERNAME already defined in /var/www/auth/config.php on line 10
[20-Jun-2024 21:14:13 UTC] PHP Notice:  Constant DB_PASSWORD already defined in /var/www/auth/config.php on line 11
[20-Jun-2024 21:14:13 UTC] PHP Notice:  Constant DB_NAME already defined in /var/www/auth/config.php on line 12
[20-Jun-2024 21:14:15 UTC] PHP Notice:  Constant LDAP_SERVER already defined in /var/www/auth/config.php on line 3
[20-Jun-2024 21:14:15 UTC] PHP Notice:  Constant LDAP_ADMIN_USER already defined in /var/www/auth/config.php on line 4
[20-Jun-2024 21:14:15 UTC] PHP Notice:  Constant LDAP_ADMIN_PASS already defined in /var/www/auth/config.php on line 5
[20-Jun-2024 21:14:15 UTC] PHP Notice:  Constant LDAP_SEARCH_BASE already defined in /var/www/auth/config.php on line 6
[20-Jun-2024 21:14:15 UTC] PHP Notice:  Constant DB_SERVER already defined in /var/www/auth/config.php on line 9
[20-Jun-2024 21:14:15 UTC] PHP Notice:  Constant DB_USERNAME already defined in /var/www/auth/config.php on line 10
[20-Jun-2024 21:14:15 UTC] PHP Notice:  Constant DB_PASSWORD already defined in /var/www/auth/config.php on line 11
[20-Jun-2024 21:14:15 UTC] PHP Notice:  Constant DB_NAME already defined in /var/www/auth/config.php on line 12
[20-Jun-2024 21:14:17 UTC] PHP Warning:  include(auth/session_timeout.php): failed to open stream: No such file or directory in /var/www/auth/admin_dashboard.php on line 3
[20-Jun-2024 21:14:17 UTC] PHP Warning:  include(): Failed opening 'auth/session_timeout.php' for inclusion (include_path='.:/usr/share/php') in /var/www/auth/admin_dashboard.php on line 3
[20-Jun-2024 21:15:34 UTC] PHP Notice:  Constant LDAP_SERVER already defined in /var/www/auth/config.php on line 3
[20-Jun-2024 21:15:34 UTC] PHP Notice:  Constant LDAP_ADMIN_USER already defined in /var/www/auth/config.php on line 4
[20-Jun-2024 21:15:34 UTC] PHP Notice:  Constant LDAP_ADMIN_PASS already defined in /var/www/auth/config.php on line 5
[20-Jun-2024 21:15:34 UTC] PHP Notice:  Constant LDAP_SEARCH_BASE already defined in /var/www/auth/config.php on line 6
[20-Jun-2024 21:15:34 UTC] PHP Notice:  Constant DB_SERVER already defined in /var/www/auth/config.php on line 9
[20-Jun-2024 21:15:34 UTC] PHP Notice:  Constant DB_USERNAME already defined in /var/www/auth/config.php on line 10
[20-Jun-2024 21:15:34 UTC] PHP Notice:  Constant DB_PASSWORD already defined in /var/www/auth/config.php on line 11
[20-Jun-2024 21:15:34 UTC] PHP Notice:  Constant DB_NAME already defined in /var/www/auth/config.php on line 12
[20-Jun-2024 21:15:39 UTC] PHP Notice:  Constant LDAP_SERVER already defined in /var/www/auth/config.php on line 3
[20-Jun-2024 21:15:39 UTC] PHP Notice:  Constant LDAP_ADMIN_USER already defined in /var/www/auth/config.php on line 4
[20-Jun-2024 21:15:40 UTC] PHP Notice:  Constant LDAP_ADMIN_PASS already defined in /var/www/auth/config.php on line 5
[20-Jun-2024 21:15:40 UTC] PHP Notice:  Constant LDAP_SEARCH_BASE already defined in /var/www/auth/config.php on line 6
[20-Jun-2024 21:15:40 UTC] PHP Notice:  Constant DB_SERVER already defined in /var/www/auth/config.php on line 9
[20-Jun-2024 21:15:40 UTC] PHP Notice:  Constant DB_USERNAME already defined in /var/www/auth/config.php on line 10
[20-Jun-2024 21:15:40 UTC] PHP Notice:  Constant DB_PASSWORD already defined in /var/www/auth/config.php on line 11
[20-Jun-2024 21:15:40 UTC] PHP Notice:  Constant DB_NAME already defined in /var/www/auth/config.php on line 12
[20-Jun-2024 21:15:43 UTC] PHP Notice:  Constant LDAP_SERVER already defined in /var/www/auth/config.php on line 3
[20-Jun-2024 21:15:43 UTC] PHP Notice:  Constant LDAP_ADMIN_USER already defined in /var/www/auth/config.php on line 4
[20-Jun-2024 21:15:43 UTC] PHP Notice:  Constant LDAP_ADMIN_PASS already defined in /var/www/auth/config.php on line 5
[20-Jun-2024 21:15:43 UTC] PHP Notice:  Constant LDAP_SEARCH_BASE already defined in /var/www/auth/config.php on line 6
[20-Jun-2024 21:15:43 UTC] PHP Notice:  Constant DB_SERVER already defined in /var/www/auth/config.php on line 9
[20-Jun-2024 21:15:43 UTC] PHP Notice:  Constant DB_USERNAME already defined in /var/www/auth/config.php on line 10
[20-Jun-2024 21:15:43 UTC] PHP Notice:  Constant DB_PASSWORD already defined in /var/www/auth/config.php on line 11
[20-Jun-2024 21:15:43 UTC] PHP Notice:  Constant DB_NAME already defined in /var/www/auth/config.php on line 12
[20-Jun-2024 21:15:45 UTC] PHP Notice:  Constant LDAP_SERVER already defined in /var/www/auth/config.php on line 3
[20-Jun-2024 21:15:45 UTC] PHP Notice:  Constant LDAP_ADMIN_USER already defined in /var/www/auth/config.php on line 4
[20-Jun-2024 21:15:45 UTC] PHP Notice:  Constant LDAP_ADMIN_PASS already defined in /var/www/auth/config.php on line 5
[20-Jun-2024 21:15:45 UTC] PHP Notice:  Constant LDAP_SEARCH_BASE already defined in /var/www/auth/config.php on line 6
[20-Jun-2024 21:15:45 UTC] PHP Notice:  Constant DB_SERVER already defined in /var/www/auth/config.php on line 9
[20-Jun-2024 21:15:45 UTC] PHP Notice:  Constant DB_USERNAME already defined in /var/www/auth/config.php on line 10
[20-Jun-2024 21:15:45 UTC] PHP Notice:  Constant DB_PASSWORD already defined in /var/www/auth/config.php on line 11
[20-Jun-2024 21:15:45 UTC] PHP Notice:  Constant DB_NAME already defined in /var/www/auth/config.php on line 12
[20-Jun-2024 21:17:42 UTC] PHP Notice:  Constant LDAP_SERVER already defined in /var/www/auth/config.php on line 3
[20-Jun-2024 21:17:42 UTC] PHP Notice:  Constant LDAP_ADMIN_USER already defined in /var/www/auth/config.php on line 4
[20-Jun-2024 21:17:42 UTC] PHP Notice:  Constant LDAP_ADMIN_PASS already defined in /var/www/auth/config.php on line 5
[20-Jun-2024 21:17:42 UTC] PHP Notice:  Constant LDAP_SEARCH_BASE already defined in /var/www/auth/config.php on line 6
[20-Jun-2024 21:17:42 UTC] PHP Notice:  Constant DB_SERVER already defined in /var/www/auth/config.php on line 9
[20-Jun-2024 21:17:42 UTC] PHP Notice:  Constant DB_USERNAME already defined in /var/www/auth/config.php on line 10
[20-Jun-2024 21:17:42 UTC] PHP Notice:  Constant DB_PASSWORD already defined in /var/www/auth/config.php on line 11
[20-Jun-2024 21:17:42 UTC] PHP Notice:  Constant DB_NAME already defined in /var/www/auth/config.php on line 12
[20-Jun-2024 21:17:46 UTC] PHP Notice:  Constant LDAP_SERVER already defined in /var/www/auth/config.php on line 3
[20-Jun-2024 21:17:46 UTC] PHP Notice:  Constant LDAP_ADMIN_USER already defined in /var/www/auth/config.php on line 4
[20-Jun-2024 21:17:46 UTC] PHP Notice:  Constant LDAP_ADMIN_PASS already defined in /var/www/auth/config.php on line 5
[20-Jun-2024 21:17:46 UTC] PHP Notice:  Constant LDAP_SEARCH_BASE already defined in /var/www/auth/config.php on line 6
[20-Jun-2024 21:17:46 UTC] PHP Notice:  Constant DB_SERVER already defined in /var/www/auth/config.php on line 9
[20-Jun-2024 21:17:46 UTC] PHP Notice:  Constant DB_USERNAME already defined in /var/www/auth/config.php on line 10
[20-Jun-2024 21:17:46 UTC] PHP Notice:  Constant DB_PASSWORD already defined in /var/www/auth/config.php on line 11
[20-Jun-2024 21:17:46 UTC] PHP Notice:  Constant DB_NAME already defined in /var/www/auth/config.php on line 12
[20-Jun-2024 21:17:48 UTC] PHP Notice:  Constant LDAP_SERVER already defined in /var/www/auth/config.php on line 3
[20-Jun-2024 21:17:48 UTC] PHP Notice:  Constant LDAP_ADMIN_USER already defined in /var/www/auth/config.php on line 4
[20-Jun-2024 21:17:48 UTC] PHP Notice:  Constant LDAP_ADMIN_PASS already defined in /var/www/auth/config.php on line 5
[20-Jun-2024 21:17:48 UTC] PHP Notice:  Constant LDAP_SEARCH_BASE already defined in /var/www/auth/config.php on line 6
[20-Jun-2024 21:17:48 UTC] PHP Notice:  Constant DB_SERVER already defined in /var/www/auth/config.php on line 9
[20-Jun-2024 21:17:48 UTC] PHP Notice:  Constant DB_USERNAME already defined in /var/www/auth/config.php on line 10
[20-Jun-2024 21:17:48 UTC] PHP Notice:  Constant DB_PASSWORD already defined in /var/www/auth/config.php on line 11
[20-Jun-2024 21:17:48 UTC] PHP Notice:  Constant DB_NAME already defined in /var/www/auth/config.php on line 12
[20-Jun-2024 21:17:51 UTC] PHP Notice:  Constant LDAP_SERVER already defined in /var/www/auth/config.php on line 3
[20-Jun-2024 21:17:51 UTC] PHP Notice:  Constant LDAP_ADMIN_USER already defined in /var/www/auth/config.php on line 4
[20-Jun-2024 21:17:51 UTC] PHP Notice:  Constant LDAP_ADMIN_PASS already defined in /var/www/auth/config.php on line 5
[20-Jun-2024 21:17:51 UTC] PHP Notice:  Constant LDAP_SEARCH_BASE already defined in /var/www/auth/config.php on line 6
[20-Jun-2024 21:17:51 UTC] PHP Notice:  Constant DB_SERVER already defined in /var/www/auth/config.php on line 9
[20-Jun-2024 21:17:51 UTC] PHP Notice:  Constant DB_USERNAME already defined in /var/www/auth/config.php on line 10
[20-Jun-2024 21:17:51 UTC] PHP Notice:  Constant DB_PASSWORD already defined in /var/www/auth/config.php on line 11
[20-Jun-2024 21:17:51 UTC] PHP Notice:  Constant DB_NAME already defined in /var/www/auth/config.php on line 12
[20-Jun-2024 21:17:52 UTC] PHP Notice:  Constant LDAP_SERVER already defined in /var/www/auth/config.php on line 3
[20-Jun-2024 21:17:52 UTC] PHP Notice:  Constant LDAP_ADMIN_USER already defined in /var/www/auth/config.php on line 4
[20-Jun-2024 21:17:52 UTC] PHP Notice:  Constant LDAP_ADMIN_PASS already defined in /var/www/auth/config.php on line 5
[20-Jun-2024 21:17:52 UTC] PHP Notice:  Constant LDAP_SEARCH_BASE already defined in /var/www/auth/config.php on line 6
[20-Jun-2024 21:17:52 UTC] PHP Notice:  Constant DB_SERVER already defined in /var/www/auth/config.php on line 9
[20-Jun-2024 21:17:52 UTC] PHP Notice:  Constant DB_USERNAME already defined in /var/www/auth/config.php on line 10
[20-Jun-2024 21:17:52 UTC] PHP Notice:  Constant DB_PASSWORD already defined in /var/www/auth/config.php on line 11
[20-Jun-2024 21:17:52 UTC] PHP Notice:  Constant DB_NAME already defined in /var/www/auth/config.php on line 12
[20-Jun-2024 21:17:53 UTC] PHP Notice:  Constant LDAP_SERVER already defined in /var/www/auth/config.php on line 3
[20-Jun-2024 21:17:53 UTC] PHP Notice:  Constant LDAP_ADMIN_USER already defined in /var/www/auth/config.php on line 4
[20-Jun-2024 21:17:53 UTC] PHP Notice:  Constant LDAP_ADMIN_PASS already defined in /var/www/auth/config.php on line 5
[20-Jun-2024 21:17:53 UTC] PHP Notice:  Constant LDAP_SEARCH_BASE already defined in /var/www/auth/config.php on line 6
[20-Jun-2024 21:17:53 UTC] PHP Notice:  Constant DB_SERVER already defined in /var/www/auth/config.php on line 9
[20-Jun-2024 21:17:53 UTC] PHP Notice:  Constant DB_USERNAME already defined in /var/www/auth/config.php on line 10
[20-Jun-2024 21:17:53 UTC] PHP Notice:  Constant DB_PASSWORD already defined in /var/www/auth/config.php on line 11
[20-Jun-2024 21:17:53 UTC] PHP Notice:  Constant DB_NAME already defined in /var/www/auth/config.php on line 12
[20-Jun-2024 21:17:57 UTC] PHP Notice:  Constant LDAP_SERVER already defined in /var/www/auth/config.php on line 3
[20-Jun-2024 21:17:57 UTC] PHP Notice:  Constant LDAP_ADMIN_USER already defined in /var/www/auth/config.php on line 4
[20-Jun-2024 21:17:57 UTC] PHP Notice:  Constant LDAP_ADMIN_PASS already defined in /var/www/auth/config.php on line 5
[20-Jun-2024 21:17:57 UTC] PHP Notice:  Constant LDAP_SEARCH_BASE already defined in /var/www/auth/config.php on line 6
[20-Jun-2024 21:17:57 UTC] PHP Notice:  Constant DB_SERVER already defined in /var/www/auth/config.php on line 9
[20-Jun-2024 21:17:57 UTC] PHP Notice:  Constant DB_USERNAME already defined in /var/www/auth/config.php on line 10
[20-Jun-2024 21:17:57 UTC] PHP Notice:  Constant DB_PASSWORD already defined in /var/www/auth/config.php on line 11
[20-Jun-2024 21:17:57 UTC] PHP Notice:  Constant DB_NAME already defined in /var/www/auth/config.php on line 12
[20-Jun-2024 21:19:34 UTC] PHP Notice:  Constant LDAP_SERVER already defined in /var/www/auth/config.php on line 3
[20-Jun-2024 21:19:34 UTC] PHP Notice:  Constant LDAP_ADMIN_USER already defined in /var/www/auth/config.php on line 4
[20-Jun-2024 21:19:34 UTC] PHP Notice:  Constant LDAP_ADMIN_PASS already defined in /var/www/auth/config.php on line 5
[20-Jun-2024 21:19:34 UTC] PHP Notice:  Constant LDAP_SEARCH_BASE already defined in /var/www/auth/config.php on line 6
[20-Jun-2024 21:19:34 UTC] PHP Notice:  Constant DB_SERVER already defined in /var/www/auth/config.php on line 9
[20-Jun-2024 21:19:34 UTC] PHP Notice:  Constant DB_USERNAME already defined in /var/www/auth/config.php on line 10
[20-Jun-2024 21:19:34 UTC] PHP Notice:  Constant DB_PASSWORD already defined in /var/www/auth/config.php on line 11
[20-Jun-2024 21:19:34 UTC] PHP Notice:  Constant DB_NAME already defined in /var/www/auth/config.php on line 12
[20-Jun-2024 21:19:36 UTC] PHP Notice:  Constant LDAP_SERVER already defined in /var/www/auth/config.php on line 3
[20-Jun-2024 21:19:36 UTC] PHP Notice:  Constant LDAP_ADMIN_USER already defined in /var/www/auth/config.php on line 4
[20-Jun-2024 21:19:36 UTC] PHP Notice:  Constant LDAP_ADMIN_PASS already defined in /var/www/auth/config.php on line 5
[20-Jun-2024 21:19:36 UTC] PHP Notice:  Constant LDAP_SEARCH_BASE already defined in /var/www/auth/config.php on line 6
[20-Jun-2024 21:19:36 UTC] PHP Notice:  Constant DB_SERVER already defined in /var/www/auth/config.php on line 9
[20-Jun-2024 21:19:36 UTC] PHP Notice:  Constant DB_USERNAME already defined in /var/www/auth/config.php on line 10
[20-Jun-2024 21:19:36 UTC] PHP Notice:  Constant DB_PASSWORD already defined in /var/www/auth/config.php on line 11
[20-Jun-2024 21:19:36 UTC] PHP Notice:  Constant DB_NAME already defined in /var/www/auth/config.php on line 12
[20-Jun-2024 21:19:38 UTC] PHP Warning:  include(auth/session_timeout.php): failed to open stream: No such file or directory in /var/www/auth/admin_dashboard.php on line 3
[20-Jun-2024 21:19:38 UTC] PHP Warning:  include(): Failed opening 'auth/session_timeout.php' for inclusion (include_path='.:/usr/share/php') in /var/www/auth/admin_dashboard.php on line 3
[20-Jun-2024 21:19:42 UTC] PHP Warning:  include(auth/session_timeout.php): failed to open stream: No such file or directory in /var/www/auth/delete_data.php on line 3
[20-Jun-2024 21:19:42 UTC] PHP Warning:  include(): Failed opening 'auth/session_timeout.php' for inclusion (include_path='.:/usr/share/php') in /var/www/auth/delete_data.php on line 3
[20-Jun-2024 21:19:43 UTC] PHP Warning:  include(auth/session_timeout.php): failed to open stream: No such file or directory in /var/www/auth/admin_dashboard.php on line 3
[20-Jun-2024 21:19:43 UTC] PHP Warning:  include(): Failed opening 'auth/session_timeout.php' for inclusion (include_path='.:/usr/share/php') in /var/www/auth/admin_dashboard.php on line 3
[20-Jun-2024 21:19:48 UTC] PHP Warning:  include(auth/session_timeout.php): failed to open stream: No such file or directory in /var/www/auth/delete_data.php on line 3
[20-Jun-2024 21:19:48 UTC] PHP Warning:  include(): Failed opening 'auth/session_timeout.php' for inclusion (include_path='.:/usr/share/php') in /var/www/auth/delete_data.php on line 3
[20-Jun-2024 21:19:48 UTC] PHP Warning:  include(auth/session_timeout.php): failed to open stream: No such file or directory in /var/www/auth/admin_dashboard.php on line 3
[20-Jun-2024 21:19:48 UTC] PHP Warning:  include(): Failed opening 'auth/session_timeout.php' for inclusion (include_path='.:/usr/share/php') in /var/www/auth/admin_dashboard.php on line 3
[20-Jun-2024 21:19:51 UTC] PHP Notice:  Constant LDAP_SERVER already defined in /var/www/auth/config.php on line 3
[20-Jun-2024 21:19:51 UTC] PHP Notice:  Constant LDAP_ADMIN_USER already defined in /var/www/auth/config.php on line 4
[20-Jun-2024 21:19:51 UTC] PHP Notice:  Constant LDAP_ADMIN_PASS already defined in /var/www/auth/config.php on line 5
[20-Jun-2024 21:19:51 UTC] PHP Notice:  Constant LDAP_SEARCH_BASE already defined in /var/www/auth/config.php on line 6
[20-Jun-2024 21:19:51 UTC] PHP Notice:  Constant DB_SERVER already defined in /var/www/auth/config.php on line 9
[20-Jun-2024 21:19:51 UTC] PHP Notice:  Constant DB_USERNAME already defined in /var/www/auth/config.php on line 10
[20-Jun-2024 21:19:51 UTC] PHP Notice:  Constant DB_PASSWORD already defined in /var/www/auth/config.php on line 11
[20-Jun-2024 21:19:51 UTC] PHP Notice:  Constant DB_NAME already defined in /var/www/auth/config.php on line 12
[20-Jun-2024 21:19:54 UTC] PHP Notice:  Constant LDAP_SERVER already defined in /var/www/auth/config.php on line 3
[20-Jun-2024 21:19:54 UTC] PHP Notice:  Constant LDAP_ADMIN_USER already defined in /var/www/auth/config.php on line 4
[20-Jun-2024 21:19:54 UTC] PHP Notice:  Constant LDAP_ADMIN_PASS already defined in /var/www/auth/config.php on line 5
[20-Jun-2024 21:19:54 UTC] PHP Notice:  Constant LDAP_SEARCH_BASE already defined in /var/www/auth/config.php on line 6
[20-Jun-2024 21:19:54 UTC] PHP Notice:  Constant DB_SERVER already defined in /var/www/auth/config.php on line 9
[20-Jun-2024 21:19:54 UTC] PHP Notice:  Constant DB_USERNAME already defined in /var/www/auth/config.php on line 10
[20-Jun-2024 21:19:54 UTC] PHP Notice:  Constant DB_PASSWORD already defined in /var/www/auth/config.php on line 11
[20-Jun-2024 21:19:54 UTC] PHP Notice:  Constant DB_NAME already defined in /var/www/auth/config.php on line 12
[20-Jun-2024 21:19:59 UTC] PHP Notice:  Constant LDAP_SERVER already defined in /var/www/auth/config.php on line 3
[20-Jun-2024 21:19:59 UTC] PHP Notice:  Constant LDAP_ADMIN_USER already defined in /var/www/auth/config.php on line 4
[20-Jun-2024 21:19:59 UTC] PHP Notice:  Constant LDAP_ADMIN_PASS already defined in /var/www/auth/config.php on line 5
[20-Jun-2024 21:19:59 UTC] PHP Notice:  Constant LDAP_SEARCH_BASE already defined in /var/www/auth/config.php on line 6
[20-Jun-2024 21:19:59 UTC] PHP Notice:  Constant DB_SERVER already defined in /var/www/auth/config.php on line 9
[20-Jun-2024 21:19:59 UTC] PHP Notice:  Constant DB_USERNAME already defined in /var/www/auth/config.php on line 10
[20-Jun-2024 21:19:59 UTC] PHP Notice:  Constant DB_PASSWORD already defined in /var/www/auth/config.php on line 11
[20-Jun-2024 21:19:59 UTC] PHP Notice:  Constant DB_NAME already defined in /var/www/auth/config.php on line 12
[20-Jun-2024 21:20:05 UTC] PHP Notice:  Constant LDAP_SERVER already defined in /var/www/auth/config.php on line 3
[20-Jun-2024 21:20:05 UTC] PHP Notice:  Constant LDAP_ADMIN_USER already defined in /var/www/auth/config.php on line 4
[20-Jun-2024 21:20:05 UTC] PHP Notice:  Constant LDAP_ADMIN_PASS already defined in /var/www/auth/config.php on line 5
[20-Jun-2024 21:20:05 UTC] PHP Notice:  Constant LDAP_SEARCH_BASE already defined in /var/www/auth/config.php on line 6
[20-Jun-2024 21:20:05 UTC] PHP Notice:  Constant DB_SERVER already defined in /var/www/auth/config.php on line 9
[20-Jun-2024 21:20:05 UTC] PHP Notice:  Constant DB_USERNAME already defined in /var/www/auth/config.php on line 10
[20-Jun-2024 21:20:05 UTC] PHP Notice:  Constant DB_PASSWORD already defined in /var/www/auth/config.php on line 11
[20-Jun-2024 21:20:05 UTC] PHP Notice:  Constant DB_NAME already defined in /var/www/auth/config.php on line 12
[20-Jun-2024 21:20:17 UTC] PHP Warning:  include(auth/session_timeout.php): failed to open stream: No such file or directory in /var/www/auth/admin_dashboard.php on line 3
[20-Jun-2024 21:20:17 UTC] PHP Warning:  include(): Failed opening 'auth/session_timeout.php' for inclusion (include_path='.:/usr/share/php') in /var/www/auth/admin_dashboard.php on line 3
[20-Jun-2024 21:20:47 UTC] PHP Warning:  include(auth/session_timeout.php): failed to open stream: No such file or directory in /var/www/auth/admin_dashboard.php on line 3
[20-Jun-2024 21:20:47 UTC] PHP Warning:  include(): Failed opening 'auth/session_timeout.php' for inclusion (include_path='.:/usr/share/php') in /var/www/auth/admin_dashboard.php on line 3
[20-Jun-2024 21:21:24 UTC] PHP Notice:  Constant LDAP_SERVER already defined in /var/www/auth/config.php on line 3
[20-Jun-2024 21:21:24 UTC] PHP Notice:  Constant LDAP_ADMIN_USER already defined in /var/www/auth/config.php on line 4
[20-Jun-2024 21:21:24 UTC] PHP Notice:  Constant LDAP_ADMIN_PASS already defined in /var/www/auth/config.php on line 5
[20-Jun-2024 21:21:24 UTC] PHP Notice:  Constant LDAP_SEARCH_BASE already defined in /var/www/auth/config.php on line 6
[20-Jun-2024 21:21:24 UTC] PHP Notice:  Constant DB_SERVER already defined in /var/www/auth/config.php on line 9
[20-Jun-2024 21:21:24 UTC] PHP Notice:  Constant DB_USERNAME already defined in /var/www/auth/config.php on line 10
[20-Jun-2024 21:21:24 UTC] PHP Notice:  Constant DB_PASSWORD already defined in /var/www/auth/config.php on line 11
[20-Jun-2024 21:21:24 UTC] PHP Notice:  Constant DB_NAME already defined in /var/www/auth/config.php on line 12
[20-Jun-2024 21:21:31 UTC] PHP Notice:  Constant LDAP_SERVER already defined in /var/www/auth/config.php on line 3
[20-Jun-2024 21:21:31 UTC] PHP Notice:  Constant LDAP_ADMIN_USER already defined in /var/www/auth/config.php on line 4
[20-Jun-2024 21:21:31 UTC] PHP Notice:  Constant LDAP_ADMIN_PASS already defined in /var/www/auth/config.php on line 5
[20-Jun-2024 21:21:31 UTC] PHP Notice:  Constant LDAP_SEARCH_BASE already defined in /var/www/auth/config.php on line 6
[20-Jun-2024 21:21:31 UTC] PHP Notice:  Constant DB_SERVER already defined in /var/www/auth/config.php on line 9
[20-Jun-2024 21:21:31 UTC] PHP Notice:  Constant DB_USERNAME already defined in /var/www/auth/config.php on line 10
[20-Jun-2024 21:21:31 UTC] PHP Notice:  Constant DB_PASSWORD already defined in /var/www/auth/config.php on line 11
[20-Jun-2024 21:21:31 UTC] PHP Notice:  Constant DB_NAME already defined in /var/www/auth/config.php on line 12
[20-Jun-2024 21:22:17 UTC] PHP Notice:  Constant LDAP_SERVER already defined in /var/www/auth/config.php on line 3
[20-Jun-2024 21:22:17 UTC] PHP Notice:  Constant LDAP_ADMIN_USER already defined in /var/www/auth/config.php on line 4
[20-Jun-2024 21:22:17 UTC] PHP Notice:  Constant LDAP_ADMIN_PASS already defined in /var/www/auth/config.php on line 5
[20-Jun-2024 21:22:17 UTC] PHP Notice:  Constant LDAP_SEARCH_BASE already defined in /var/www/auth/config.php on line 6
[20-Jun-2024 21:22:17 UTC] PHP Notice:  Constant DB_SERVER already defined in /var/www/auth/config.php on line 9
[20-Jun-2024 21:22:17 UTC] PHP Notice:  Constant DB_USERNAME already defined in /var/www/auth/config.php on line 10
[20-Jun-2024 21:22:17 UTC] PHP Notice:  Constant DB_PASSWORD already defined in /var/www/auth/config.php on line 11
[20-Jun-2024 21:22:17 UTC] PHP Notice:  Constant DB_NAME already defined in /var/www/auth/config.php on line 12
[20-Jun-2024 21:22:20 UTC] PHP Notice:  Constant LDAP_SERVER already defined in /var/www/auth/config.php on line 3
[20-Jun-2024 21:22:20 UTC] PHP Notice:  Constant LDAP_ADMIN_USER already defined in /var/www/auth/config.php on line 4
[20-Jun-2024 21:22:20 UTC] PHP Notice:  Constant LDAP_ADMIN_PASS already defined in /var/www/auth/config.php on line 5
[20-Jun-2024 21:22:20 UTC] PHP Notice:  Constant LDAP_SEARCH_BASE already defined in /var/www/auth/config.php on line 6
[20-Jun-2024 21:22:20 UTC] PHP Notice:  Constant DB_SERVER already defined in /var/www/auth/config.php on line 9
[20-Jun-2024 21:22:20 UTC] PHP Notice:  Constant DB_USERNAME already defined in /var/www/auth/config.php on line 10
[20-Jun-2024 21:22:20 UTC] PHP Notice:  Constant DB_PASSWORD already defined in /var/www/auth/config.php on line 11
[20-Jun-2024 21:22:20 UTC] PHP Notice:  Constant DB_NAME already defined in /var/www/auth/config.php on line 12
[20-Jun-2024 21:22:21 UTC] PHP Warning:  include(auth/session_timeout.php): failed to open stream: No such file or directory in /var/www/auth/admin_dashboard.php on line 3
[20-Jun-2024 21:22:21 UTC] PHP Warning:  include(): Failed opening 'auth/session_timeout.php' for inclusion (include_path='.:/usr/share/php') in /var/www/auth/admin_dashboard.php on line 3
[20-Jun-2024 21:24:20 UTC] PHP Warning:  include(auth/session_timeout.php): failed to open stream: No such file or directory in /var/www/auth/delete_data.php on line 3
[20-Jun-2024 21:24:20 UTC] PHP Warning:  include(): Failed opening 'auth/session_timeout.php' for inclusion (include_path='.:/usr/share/php') in /var/www/auth/delete_data.php on line 3
[20-Jun-2024 21:24:22 UTC] PHP Warning:  include(auth/session_timeout.php): failed to open stream: No such file or directory in /var/www/auth/admin_dashboard.php on line 3
[20-Jun-2024 21:24:22 UTC] PHP Warning:  include(): Failed opening 'auth/session_timeout.php' for inclusion (include_path='.:/usr/share/php') in /var/www/auth/admin_dashboard.php on line 3
[20-Jun-2024 21:24:27 UTC] PHP Warning:  include(auth/session_timeout.php): failed to open stream: No such file or directory in /var/www/auth/delete_data.php on line 3
[20-Jun-2024 21:24:27 UTC] PHP Warning:  include(): Failed opening 'auth/session_timeout.php' for inclusion (include_path='.:/usr/share/php') in /var/www/auth/delete_data.php on line 3
[20-Jun-2024 21:24:27 UTC] PHP Warning:  include(auth/session_timeout.php): failed to open stream: No such file or directory in /var/www/auth/admin_dashboard.php on line 3
[20-Jun-2024 21:24:27 UTC] PHP Warning:  include(): Failed opening 'auth/session_timeout.php' for inclusion (include_path='.:/usr/share/php') in /var/www/auth/admin_dashboard.php on line 3
[20-Jun-2024 21:24:28 UTC] PHP Warning:  include(auth/session_timeout.php): failed to open stream: No such file or directory in /var/www/auth/admin_dashboard.php on line 3
[20-Jun-2024 21:24:28 UTC] PHP Warning:  include(): Failed opening 'auth/session_timeout.php' for inclusion (include_path='.:/usr/share/php') in /var/www/auth/admin_dashboard.php on line 3
[20-Jun-2024 21:24:34 UTC] PHP Warning:  include(auth/session_timeout.php): failed to open stream: No such file or directory in /var/www/auth/admin_dashboard.php on line 3
[20-Jun-2024 21:24:34 UTC] PHP Warning:  include(): Failed opening 'auth/session_timeout.php' for inclusion (include_path='.:/usr/share/php') in /var/www/auth/admin_dashboard.php on line 3
[20-Jun-2024 21:24:39 UTC] PHP Notice:  Constant LDAP_SERVER already defined in /var/www/auth/config.php on line 3
[20-Jun-2024 21:24:39 UTC] PHP Notice:  Constant LDAP_ADMIN_USER already defined in /var/www/auth/config.php on line 4
[20-Jun-2024 21:24:39 UTC] PHP Notice:  Constant LDAP_ADMIN_PASS already defined in /var/www/auth/config.php on line 5
[20-Jun-2024 21:24:39 UTC] PHP Notice:  Constant LDAP_SEARCH_BASE already defined in /var/www/auth/config.php on line 6
[20-Jun-2024 21:24:39 UTC] PHP Notice:  Constant DB_SERVER already defined in /var/www/auth/config.php on line 9
[20-Jun-2024 21:24:39 UTC] PHP Notice:  Constant DB_USERNAME already defined in /var/www/auth/config.php on line 10
[20-Jun-2024 21:24:39 UTC] PHP Notice:  Constant DB_PASSWORD already defined in /var/www/auth/config.php on line 11
[20-Jun-2024 21:24:39 UTC] PHP Notice:  Constant DB_NAME already defined in /var/www/auth/config.php on line 12
[20-Jun-2024 21:24:40 UTC] PHP Warning:  include(auth/session_timeout.php): failed to open stream: No such file or directory in /var/www/auth/admin_dashboard.php on line 3
[20-Jun-2024 21:24:40 UTC] PHP Warning:  include(): Failed opening 'auth/session_timeout.php' for inclusion (include_path='.:/usr/share/php') in /var/www/auth/admin_dashboard.php on line 3
[20-Jun-2024 21:24:43 UTC] PHP Warning:  include(auth/session_timeout.php): failed to open stream: No such file or directory in /var/www/auth/delete_data.php on line 3
[20-Jun-2024 21:24:43 UTC] PHP Warning:  include(): Failed opening 'auth/session_timeout.php' for inclusion (include_path='.:/usr/share/php') in /var/www/auth/delete_data.php on line 3
[20-Jun-2024 21:24:51 UTC] PHP Warning:  include(auth/session_timeout.php): failed to open stream: No such file or directory in /var/www/auth/admin_dashboard.php on line 3
[20-Jun-2024 21:24:51 UTC] PHP Warning:  include(): Failed opening 'auth/session_timeout.php' for inclusion (include_path='.:/usr/share/php') in /var/www/auth/admin_dashboard.php on line 3
[20-Jun-2024 21:24:53 UTC] PHP Warning:  include(auth/session_timeout.php): failed to open stream: No such file or directory in /var/www/auth/delete_data.php on line 3
[20-Jun-2024 21:24:53 UTC] PHP Warning:  include(): Failed opening 'auth/session_timeout.php' for inclusion (include_path='.:/usr/share/php') in /var/www/auth/delete_data.php on line 3
[20-Jun-2024 21:24:53 UTC] PHP Warning:  include(auth/session_timeout.php): failed to open stream: No such file or directory in /var/www/auth/admin_dashboard.php on line 3
[20-Jun-2024 21:24:53 UTC] PHP Warning:  include(): Failed opening 'auth/session_timeout.php' for inclusion (include_path='.:/usr/share/php') in /var/www/auth/admin_dashboard.php on line 3
[20-Jun-2024 21:24:56 UTC] PHP Warning:  include(auth/session_timeout.php): failed to open stream: No such file or directory in /var/www/auth/delete_data.php on line 3
[20-Jun-2024 21:24:56 UTC] PHP Warning:  include(): Failed opening 'auth/session_timeout.php' for inclusion (include_path='.:/usr/share/php') in /var/www/auth/delete_data.php on line 3
[20-Jun-2024 21:24:57 UTC] PHP Warning:  include(auth/session_timeout.php): failed to open stream: No such file or directory in /var/www/auth/admin_dashboard.php on line 3
[20-Jun-2024 21:24:57 UTC] PHP Warning:  include(): Failed opening 'auth/session_timeout.php' for inclusion (include_path='.:/usr/share/php') in /var/www/auth/admin_dashboard.php on line 3
[20-Jun-2024 21:24:59 UTC] PHP Warning:  include(auth/session_timeout.php): failed to open stream: No such file or directory in /var/www/auth/admin_dashboard.php on line 3
[20-Jun-2024 21:24:59 UTC] PHP Warning:  include(): Failed opening 'auth/session_timeout.php' for inclusion (include_path='.:/usr/share/php') in /var/www/auth/admin_dashboard.php on line 3
[20-Jun-2024 21:25:00 UTC] PHP Warning:  include(auth/session_timeout.php): failed to open stream: No such file or directory in /var/www/auth/admin_dashboard.php on line 3
[20-Jun-2024 21:25:00 UTC] PHP Warning:  include(): Failed opening 'auth/session_timeout.php' for inclusion (include_path='.:/usr/share/php') in /var/www/auth/admin_dashboard.php on line 3
[20-Jun-2024 21:25:04 UTC] PHP Warning:  include(auth/session_timeout.php): failed to open stream: No such file or directory in /var/www/auth/admin_dashboard.php on line 3
[20-Jun-2024 21:25:04 UTC] PHP Warning:  include(): Failed opening 'auth/session_timeout.php' for inclusion (include_path='.:/usr/share/php') in /var/www/auth/admin_dashboard.php on line 3
[20-Jun-2024 21:25:07 UTC] PHP Notice:  Constant LDAP_SERVER already defined in /var/www/auth/config.php on line 3
[20-Jun-2024 21:25:07 UTC] PHP Notice:  Constant LDAP_ADMIN_USER already defined in /var/www/auth/config.php on line 4
[20-Jun-2024 21:25:07 UTC] PHP Notice:  Constant LDAP_ADMIN_PASS already defined in /var/www/auth/config.php on line 5
[20-Jun-2024 21:25:07 UTC] PHP Notice:  Constant LDAP_SEARCH_BASE already defined in /var/www/auth/config.php on line 6
[20-Jun-2024 21:25:07 UTC] PHP Notice:  Constant DB_SERVER already defined in /var/www/auth/config.php on line 9
[20-Jun-2024 21:25:07 UTC] PHP Notice:  Constant DB_USERNAME already defined in /var/www/auth/config.php on line 10
[20-Jun-2024 21:25:07 UTC] PHP Notice:  Constant DB_PASSWORD already defined in /var/www/auth/config.php on line 11
[20-Jun-2024 21:25:07 UTC] PHP Notice:  Constant DB_NAME already defined in /var/www/auth/config.php on line 12
[20-Jun-2024 21:25:10 UTC] PHP Notice:  Constant LDAP_SERVER already defined in /var/www/auth/config.php on line 3
[20-Jun-2024 21:25:10 UTC] PHP Notice:  Constant LDAP_ADMIN_USER already defined in /var/www/auth/config.php on line 4
[20-Jun-2024 21:25:10 UTC] PHP Notice:  Constant LDAP_ADMIN_PASS already defined in /var/www/auth/config.php on line 5
[20-Jun-2024 21:25:10 UTC] PHP Notice:  Constant LDAP_SEARCH_BASE already defined in /var/www/auth/config.php on line 6
[20-Jun-2024 21:25:10 UTC] PHP Notice:  Constant DB_SERVER already defined in /var/www/auth/config.php on line 9
[20-Jun-2024 21:25:10 UTC] PHP Notice:  Constant DB_USERNAME already defined in /var/www/auth/config.php on line 10
[20-Jun-2024 21:25:10 UTC] PHP Notice:  Constant DB_PASSWORD already defined in /var/www/auth/config.php on line 11
[20-Jun-2024 21:25:10 UTC] PHP Notice:  Constant DB_NAME already defined in /var/www/auth/config.php on line 12
[20-Jun-2024 21:25:15 UTC] PHP Notice:  Constant LDAP_SERVER already defined in /var/www/auth/config.php on line 3
[20-Jun-2024 21:25:15 UTC] PHP Notice:  Constant LDAP_ADMIN_USER already defined in /var/www/auth/config.php on line 4
[20-Jun-2024 21:25:15 UTC] PHP Notice:  Constant LDAP_ADMIN_PASS already defined in /var/www/auth/config.php on line 5
[20-Jun-2024 21:25:15 UTC] PHP Notice:  Constant LDAP_SEARCH_BASE already defined in /var/www/auth/config.php on line 6
[20-Jun-2024 21:25:15 UTC] PHP Notice:  Constant DB_SERVER already defined in /var/www/auth/config.php on line 9
[20-Jun-2024 21:25:15 UTC] PHP Notice:  Constant DB_USERNAME already defined in /var/www/auth/config.php on line 10
[20-Jun-2024 21:25:15 UTC] PHP Notice:  Constant DB_PASSWORD already defined in /var/www/auth/config.php on line 11
[20-Jun-2024 21:25:15 UTC] PHP Notice:  Constant DB_NAME already defined in /var/www/auth/config.php on line 12
[20-Jun-2024 21:25:19 UTC] PHP Notice:  Constant LDAP_SERVER already defined in /var/www/auth/config.php on line 3
[20-Jun-2024 21:25:19 UTC] PHP Notice:  Constant LDAP_ADMIN_USER already defined in /var/www/auth/config.php on line 4
[20-Jun-2024 21:25:19 UTC] PHP Notice:  Constant LDAP_ADMIN_PASS already defined in /var/www/auth/config.php on line 5
[20-Jun-2024 21:25:19 UTC] PHP Notice:  Constant LDAP_SEARCH_BASE already defined in /var/www/auth/config.php on line 6
[20-Jun-2024 21:25:19 UTC] PHP Notice:  Constant DB_SERVER already defined in /var/www/auth/config.php on line 9
[20-Jun-2024 21:25:19 UTC] PHP Notice:  Constant DB_USERNAME already defined in /var/www/auth/config.php on line 10
[20-Jun-2024 21:25:19 UTC] PHP Notice:  Constant DB_PASSWORD already defined in /var/www/auth/config.php on line 11
[20-Jun-2024 21:25:19 UTC] PHP Notice:  Constant DB_NAME already defined in /var/www/auth/config.php on line 12
[20-Jun-2024 21:25:30 UTC] PHP Warning:  include(auth/session_timeout.php): failed to open stream: No such file or directory in /var/www/auth/admin_dashboard.php on line 3
[20-Jun-2024 21:25:30 UTC] PHP Warning:  include(): Failed opening 'auth/session_timeout.php' for inclusion (include_path='.:/usr/share/php') in /var/www/auth/admin_dashboard.php on line 3
[20-Jun-2024 21:25:33 UTC] PHP Warning:  include(auth/session_timeout.php): failed to open stream: No such file or directory in /var/www/auth/admin_dashboard.php on line 3
[20-Jun-2024 21:25:33 UTC] PHP Warning:  include(): Failed opening 'auth/session_timeout.php' for inclusion (include_path='.:/usr/share/php') in /var/www/auth/admin_dashboard.php on line 3
[20-Jun-2024 21:25:35 UTC] PHP Notice:  Constant LDAP_SERVER already defined in /var/www/auth/config.php on line 3
[20-Jun-2024 21:25:35 UTC] PHP Notice:  Constant LDAP_ADMIN_USER already defined in /var/www/auth/config.php on line 4
[20-Jun-2024 21:25:35 UTC] PHP Notice:  Constant LDAP_ADMIN_PASS already defined in /var/www/auth/config.php on line 5
[20-Jun-2024 21:25:35 UTC] PHP Notice:  Constant LDAP_SEARCH_BASE already defined in /var/www/auth/config.php on line 6
[20-Jun-2024 21:25:35 UTC] PHP Notice:  Constant DB_SERVER already defined in /var/www/auth/config.php on line 9
[20-Jun-2024 21:25:35 UTC] PHP Notice:  Constant DB_USERNAME already defined in /var/www/auth/config.php on line 10
[20-Jun-2024 21:25:35 UTC] PHP Notice:  Constant DB_PASSWORD already defined in /var/www/auth/config.php on line 11
[20-Jun-2024 21:25:35 UTC] PHP Notice:  Constant DB_NAME already defined in /var/www/auth/config.php on line 12
[20-Jun-2024 21:25:48 UTC] PHP Notice:  Constant LDAP_SERVER already defined in /var/www/auth/config.php on line 3
[20-Jun-2024 21:25:48 UTC] PHP Notice:  Constant LDAP_ADMIN_USER already defined in /var/www/auth/config.php on line 4
[20-Jun-2024 21:25:48 UTC] PHP Notice:  Constant LDAP_ADMIN_PASS already defined in /var/www/auth/config.php on line 5
[20-Jun-2024 21:25:48 UTC] PHP Notice:  Constant LDAP_SEARCH_BASE already defined in /var/www/auth/config.php on line 6
[20-Jun-2024 21:25:48 UTC] PHP Notice:  Constant DB_SERVER already defined in /var/www/auth/config.php on line 9
[20-Jun-2024 21:25:48 UTC] PHP Notice:  Constant DB_USERNAME already defined in /var/www/auth/config.php on line 10
[20-Jun-2024 21:25:48 UTC] PHP Notice:  Constant DB_PASSWORD already defined in /var/www/auth/config.php on line 11
[20-Jun-2024 21:25:48 UTC] PHP Notice:  Constant DB_NAME already defined in /var/www/auth/config.php on line 12
[20-Jun-2024 21:25:50 UTC] PHP Notice:  Constant LDAP_SERVER already defined in /var/www/auth/config.php on line 3
[20-Jun-2024 21:25:50 UTC] PHP Notice:  Constant LDAP_ADMIN_USER already defined in /var/www/auth/config.php on line 4
[20-Jun-2024 21:25:50 UTC] PHP Notice:  Constant LDAP_ADMIN_PASS already defined in /var/www/auth/config.php on line 5
[20-Jun-2024 21:25:50 UTC] PHP Notice:  Constant LDAP_SEARCH_BASE already defined in /var/www/auth/config.php on line 6
[20-Jun-2024 21:25:50 UTC] PHP Notice:  Constant DB_SERVER already defined in /var/www/auth/config.php on line 9
[20-Jun-2024 21:25:50 UTC] PHP Notice:  Constant DB_USERNAME already defined in /var/www/auth/config.php on line 10
[20-Jun-2024 21:25:50 UTC] PHP Notice:  Constant DB_PASSWORD already defined in /var/www/auth/config.php on line 11
[20-Jun-2024 21:25:50 UTC] PHP Notice:  Constant DB_NAME already defined in /var/www/auth/config.php on line 12
[20-Jun-2024 21:25:51 UTC] PHP Warning:  include(auth/session_timeout.php): failed to open stream: No such file or directory in /var/www/auth/admin_dashboard.php on line 3
[20-Jun-2024 21:25:51 UTC] PHP Warning:  include(): Failed opening 'auth/session_timeout.php' for inclusion (include_path='.:/usr/share/php') in /var/www/auth/admin_dashboard.php on line 3
[20-Jun-2024 21:26:46 UTC] PHP Warning:  include(auth/session_timeout.php): failed to open stream: No such file or directory in /var/www/auth/admin_dashboard.php on line 3
[20-Jun-2024 21:26:46 UTC] PHP Warning:  include(): Failed opening 'auth/session_timeout.php' for inclusion (include_path='.:/usr/share/php') in /var/www/auth/admin_dashboard.php on line 3
[20-Jun-2024 21:26:48 UTC] PHP Notice:  Constant LDAP_SERVER already defined in /var/www/auth/config.php on line 3
[20-Jun-2024 21:26:48 UTC] PHP Notice:  Constant LDAP_ADMIN_USER already defined in /var/www/auth/config.php on line 4
[20-Jun-2024 21:26:48 UTC] PHP Notice:  Constant LDAP_ADMIN_PASS already defined in /var/www/auth/config.php on line 5
[20-Jun-2024 21:26:48 UTC] PHP Notice:  Constant LDAP_SEARCH_BASE already defined in /var/www/auth/config.php on line 6
[20-Jun-2024 21:26:48 UTC] PHP Notice:  Constant DB_SERVER already defined in /var/www/auth/config.php on line 9
[20-Jun-2024 21:26:48 UTC] PHP Notice:  Constant DB_USERNAME already defined in /var/www/auth/config.php on line 10
[20-Jun-2024 21:26:48 UTC] PHP Notice:  Constant DB_PASSWORD already defined in /var/www/auth/config.php on line 11
[20-Jun-2024 21:26:48 UTC] PHP Notice:  Constant DB_NAME already defined in /var/www/auth/config.php on line 12
[20-Jun-2024 21:26:50 UTC] PHP Notice:  Constant LDAP_SERVER already defined in /var/www/auth/config.php on line 3
[20-Jun-2024 21:26:50 UTC] PHP Notice:  Constant LDAP_ADMIN_USER already defined in /var/www/auth/config.php on line 4
[20-Jun-2024 21:26:50 UTC] PHP Notice:  Constant LDAP_ADMIN_PASS already defined in /var/www/auth/config.php on line 5
[20-Jun-2024 21:26:50 UTC] PHP Notice:  Constant LDAP_SEARCH_BASE already defined in /var/www/auth/config.php on line 6
[20-Jun-2024 21:26:50 UTC] PHP Notice:  Constant DB_SERVER already defined in /var/www/auth/config.php on line 9
[20-Jun-2024 21:26:50 UTC] PHP Notice:  Constant DB_USERNAME already defined in /var/www/auth/config.php on line 10
[20-Jun-2024 21:26:50 UTC] PHP Notice:  Constant DB_PASSWORD already defined in /var/www/auth/config.php on line 11
[20-Jun-2024 21:26:50 UTC] PHP Notice:  Constant DB_NAME already defined in /var/www/auth/config.php on line 12
[20-Jun-2024 21:26:50 UTC] PHP Notice:  Constant LDAP_SERVER already defined in /var/www/auth/config.php on line 3
[20-Jun-2024 21:26:50 UTC] PHP Notice:  Constant LDAP_ADMIN_USER already defined in /var/www/auth/config.php on line 4
[20-Jun-2024 21:26:50 UTC] PHP Notice:  Constant LDAP_ADMIN_PASS already defined in /var/www/auth/config.php on line 5
[20-Jun-2024 21:26:50 UTC] PHP Notice:  Constant LDAP_SEARCH_BASE already defined in /var/www/auth/config.php on line 6
[20-Jun-2024 21:26:50 UTC] PHP Notice:  Constant DB_SERVER already defined in /var/www/auth/config.php on line 9
[20-Jun-2024 21:26:50 UTC] PHP Notice:  Constant DB_USERNAME already defined in /var/www/auth/config.php on line 10
[20-Jun-2024 21:26:50 UTC] PHP Notice:  Constant DB_PASSWORD already defined in /var/www/auth/config.php on line 11
[20-Jun-2024 21:26:50 UTC] PHP Notice:  Constant DB_NAME already defined in /var/www/auth/config.php on line 12
[20-Jun-2024 21:26:54 UTC] PHP Notice:  Constant LDAP_SERVER already defined in /var/www/auth/config.php on line 3
[20-Jun-2024 21:26:54 UTC] PHP Notice:  Constant LDAP_ADMIN_USER already defined in /var/www/auth/config.php on line 4
[20-Jun-2024 21:26:54 UTC] PHP Notice:  Constant LDAP_ADMIN_PASS already defined in /var/www/auth/config.php on line 5
[20-Jun-2024 21:26:54 UTC] PHP Notice:  Constant LDAP_SEARCH_BASE already defined in /var/www/auth/config.php on line 6
[20-Jun-2024 21:26:54 UTC] PHP Notice:  Constant DB_SERVER already defined in /var/www/auth/config.php on line 9
[20-Jun-2024 21:26:54 UTC] PHP Notice:  Constant DB_USERNAME already defined in /var/www/auth/config.php on line 10
[20-Jun-2024 21:26:54 UTC] PHP Notice:  Constant DB_PASSWORD already defined in /var/www/auth/config.php on line 11
[20-Jun-2024 21:26:54 UTC] PHP Notice:  Constant DB_NAME already defined in /var/www/auth/config.php on line 12
[20-Jun-2024 21:26:56 UTC] PHP Warning:  include(auth/session_timeout.php): failed to open stream: No such file or directory in /var/www/auth/admin_dashboard.php on line 3
[20-Jun-2024 21:26:56 UTC] PHP Warning:  include(): Failed opening 'auth/session_timeout.php' for inclusion (include_path='.:/usr/share/php') in /var/www/auth/admin_dashboard.php on line 3
[20-Jun-2024 21:27:00 UTC] PHP Warning:  include(auth/session_timeout.php): failed to open stream: No such file or directory in /var/www/auth/delete_data.php on line 3
[20-Jun-2024 21:27:00 UTC] PHP Warning:  include(): Failed opening 'auth/session_timeout.php' for inclusion (include_path='.:/usr/share/php') in /var/www/auth/delete_data.php on line 3
[20-Jun-2024 21:27:01 UTC] PHP Warning:  include(auth/session_timeout.php): failed to open stream: No such file or directory in /var/www/auth/admin_dashboard.php on line 3
[20-Jun-2024 21:27:01 UTC] PHP Warning:  include(): Failed opening 'auth/session_timeout.php' for inclusion (include_path='.:/usr/share/php') in /var/www/auth/admin_dashboard.php on line 3
[20-Jun-2024 21:27:04 UTC] PHP Warning:  include(auth/session_timeout.php): failed to open stream: No such file or directory in /var/www/auth/delete_data.php on line 3
[20-Jun-2024 21:27:04 UTC] PHP Warning:  include(): Failed opening 'auth/session_timeout.php' for inclusion (include_path='.:/usr/share/php') in /var/www/auth/delete_data.php on line 3
[20-Jun-2024 21:27:05 UTC] PHP Warning:  include(auth/session_timeout.php): failed to open stream: No such file or directory in /var/www/auth/admin_dashboard.php on line 3
[20-Jun-2024 21:27:05 UTC] PHP Warning:  include(): Failed opening 'auth/session_timeout.php' for inclusion (include_path='.:/usr/share/php') in /var/www/auth/admin_dashboard.php on line 3
[20-Jun-2024 21:27:06 UTC] PHP Notice:  Constant LDAP_SERVER already defined in /var/www/auth/config.php on line 3
[20-Jun-2024 21:27:06 UTC] PHP Notice:  Constant LDAP_ADMIN_USER already defined in /var/www/auth/config.php on line 4
[20-Jun-2024 21:27:06 UTC] PHP Notice:  Constant LDAP_ADMIN_PASS already defined in /var/www/auth/config.php on line 5
[20-Jun-2024 21:27:06 UTC] PHP Notice:  Constant LDAP_SEARCH_BASE already defined in /var/www/auth/config.php on line 6
[20-Jun-2024 21:27:06 UTC] PHP Notice:  Constant DB_SERVER already defined in /var/www/auth/config.php on line 9
[20-Jun-2024 21:27:06 UTC] PHP Notice:  Constant DB_USERNAME already defined in /var/www/auth/config.php on line 10
[20-Jun-2024 21:27:06 UTC] PHP Notice:  Constant DB_PASSWORD already defined in /var/www/auth/config.php on line 11
[20-Jun-2024 21:27:06 UTC] PHP Notice:  Constant DB_NAME already defined in /var/www/auth/config.php on line 12
[20-Jun-2024 21:27:10 UTC] PHP Notice:  Constant LDAP_SERVER already defined in /var/www/auth/config.php on line 3
[20-Jun-2024 21:27:10 UTC] PHP Notice:  Constant LDAP_ADMIN_USER already defined in /var/www/auth/config.php on line 4
[20-Jun-2024 21:27:10 UTC] PHP Notice:  Constant LDAP_ADMIN_PASS already defined in /var/www/auth/config.php on line 5
[20-Jun-2024 21:27:10 UTC] PHP Notice:  Constant LDAP_SEARCH_BASE already defined in /var/www/auth/config.php on line 6
[20-Jun-2024 21:27:10 UTC] PHP Notice:  Constant DB_SERVER already defined in /var/www/auth/config.php on line 9
[20-Jun-2024 21:27:10 UTC] PHP Notice:  Constant DB_USERNAME already defined in /var/www/auth/config.php on line 10
[20-Jun-2024 21:27:10 UTC] PHP Notice:  Constant DB_PASSWORD already defined in /var/www/auth/config.php on line 11
[20-Jun-2024 21:27:10 UTC] PHP Notice:  Constant DB_NAME already defined in /var/www/auth/config.php on line 12
[20-Jun-2024 21:27:12 UTC] PHP Notice:  Constant LDAP_SERVER already defined in /var/www/auth/config.php on line 3
[20-Jun-2024 21:27:12 UTC] PHP Notice:  Constant LDAP_ADMIN_USER already defined in /var/www/auth/config.php on line 4
[20-Jun-2024 21:27:12 UTC] PHP Notice:  Constant LDAP_ADMIN_PASS already defined in /var/www/auth/config.php on line 5
[20-Jun-2024 21:27:12 UTC] PHP Notice:  Constant LDAP_SEARCH_BASE already defined in /var/www/auth/config.php on line 6
[20-Jun-2024 21:27:12 UTC] PHP Notice:  Constant DB_SERVER already defined in /var/www/auth/config.php on line 9
[20-Jun-2024 21:27:12 UTC] PHP Notice:  Constant DB_USERNAME already defined in /var/www/auth/config.php on line 10
[20-Jun-2024 21:27:12 UTC] PHP Notice:  Constant DB_PASSWORD already defined in /var/www/auth/config.php on line 11
[20-Jun-2024 21:27:12 UTC] PHP Notice:  Constant DB_NAME already defined in /var/www/auth/config.php on line 12
[20-Jun-2024 21:27:15 UTC] PHP Notice:  Constant LDAP_SERVER already defined in /var/www/auth/config.php on line 3
[20-Jun-2024 21:27:15 UTC] PHP Notice:  Constant LDAP_ADMIN_USER already defined in /var/www/auth/config.php on line 4
[20-Jun-2024 21:27:15 UTC] PHP Notice:  Constant LDAP_ADMIN_PASS already defined in /var/www/auth/config.php on line 5
[20-Jun-2024 21:27:15 UTC] PHP Notice:  Constant LDAP_SEARCH_BASE already defined in /var/www/auth/config.php on line 6
[20-Jun-2024 21:27:15 UTC] PHP Notice:  Constant DB_SERVER already defined in /var/www/auth/config.php on line 9
[20-Jun-2024 21:27:15 UTC] PHP Notice:  Constant DB_USERNAME already defined in /var/www/auth/config.php on line 10
[20-Jun-2024 21:27:15 UTC] PHP Notice:  Constant DB_PASSWORD already defined in /var/www/auth/config.php on line 11
[20-Jun-2024 21:27:15 UTC] PHP Notice:  Constant DB_NAME already defined in /var/www/auth/config.php on line 12
[20-Jun-2024 21:27:26 UTC] PHP Warning:  include(auth/session_timeout.php): failed to open stream: No such file or directory in /var/www/auth/admin_dashboard.php on line 3
[20-Jun-2024 21:27:26 UTC] PHP Warning:  include(): Failed opening 'auth/session_timeout.php' for inclusion (include_path='.:/usr/share/php') in /var/www/auth/admin_dashboard.php on line 3
[20-Jun-2024 21:27:40 UTC] PHP Notice:  Constant LDAP_SERVER already defined in /var/www/auth/config.php on line 3
[20-Jun-2024 21:27:40 UTC] PHP Notice:  Constant LDAP_ADMIN_USER already defined in /var/www/auth/config.php on line 4
[20-Jun-2024 21:27:40 UTC] PHP Notice:  Constant LDAP_ADMIN_PASS already defined in /var/www/auth/config.php on line 5
[20-Jun-2024 21:27:40 UTC] PHP Notice:  Constant LDAP_SEARCH_BASE already defined in /var/www/auth/config.php on line 6
[20-Jun-2024 21:27:40 UTC] PHP Notice:  Constant DB_SERVER already defined in /var/www/auth/config.php on line 9
[20-Jun-2024 21:27:40 UTC] PHP Notice:  Constant DB_USERNAME already defined in /var/www/auth/config.php on line 10
[20-Jun-2024 21:27:40 UTC] PHP Notice:  Constant DB_PASSWORD already defined in /var/www/auth/config.php on line 11
[20-Jun-2024 21:27:40 UTC] PHP Notice:  Constant DB_NAME already defined in /var/www/auth/config.php on line 12
[20-Jun-2024 21:27:43 UTC] PHP Notice:  Constant LDAP_SERVER already defined in /var/www/auth/config.php on line 3
[20-Jun-2024 21:27:43 UTC] PHP Notice:  Constant LDAP_ADMIN_USER already defined in /var/www/auth/config.php on line 4
[20-Jun-2024 21:27:43 UTC] PHP Notice:  Constant LDAP_ADMIN_PASS already defined in /var/www/auth/config.php on line 5
[20-Jun-2024 21:27:43 UTC] PHP Notice:  Constant LDAP_SEARCH_BASE already defined in /var/www/auth/config.php on line 6
[20-Jun-2024 21:27:43 UTC] PHP Notice:  Constant DB_SERVER already defined in /var/www/auth/config.php on line 9
[20-Jun-2024 21:27:43 UTC] PHP Notice:  Constant DB_USERNAME already defined in /var/www/auth/config.php on line 10
[20-Jun-2024 21:27:43 UTC] PHP Notice:  Constant DB_PASSWORD already defined in /var/www/auth/config.php on line 11
[20-Jun-2024 21:27:43 UTC] PHP Notice:  Constant DB_NAME already defined in /var/www/auth/config.php on line 12
[20-Jun-2024 21:27:45 UTC] PHP Notice:  Constant LDAP_SERVER already defined in /var/www/auth/config.php on line 3
[20-Jun-2024 21:27:45 UTC] PHP Notice:  Constant LDAP_ADMIN_USER already defined in /var/www/auth/config.php on line 4
[20-Jun-2024 21:27:45 UTC] PHP Notice:  Constant LDAP_ADMIN_PASS already defined in /var/www/auth/config.php on line 5
[20-Jun-2024 21:27:45 UTC] PHP Notice:  Constant LDAP_SEARCH_BASE already defined in /var/www/auth/config.php on line 6
[20-Jun-2024 21:27:45 UTC] PHP Notice:  Constant DB_SERVER already defined in /var/www/auth/config.php on line 9
[20-Jun-2024 21:27:45 UTC] PHP Notice:  Constant DB_USERNAME already defined in /var/www/auth/config.php on line 10
[20-Jun-2024 21:27:45 UTC] PHP Notice:  Constant DB_PASSWORD already defined in /var/www/auth/config.php on line 11
[20-Jun-2024 21:27:45 UTC] PHP Notice:  Constant DB_NAME already defined in /var/www/auth/config.php on line 12
[20-Jun-2024 21:27:47 UTC] PHP Notice:  Constant LDAP_SERVER already defined in /var/www/auth/config.php on line 3
[20-Jun-2024 21:27:47 UTC] PHP Notice:  Constant LDAP_ADMIN_USER already defined in /var/www/auth/config.php on line 4
[20-Jun-2024 21:27:47 UTC] PHP Notice:  Constant LDAP_ADMIN_PASS already defined in /var/www/auth/config.php on line 5
[20-Jun-2024 21:27:47 UTC] PHP Notice:  Constant LDAP_SEARCH_BASE already defined in /var/www/auth/config.php on line 6
[20-Jun-2024 21:27:47 UTC] PHP Notice:  Constant DB_SERVER already defined in /var/www/auth/config.php on line 9
[20-Jun-2024 21:27:47 UTC] PHP Notice:  Constant DB_USERNAME already defined in /var/www/auth/config.php on line 10
[20-Jun-2024 21:27:47 UTC] PHP Notice:  Constant DB_PASSWORD already defined in /var/www/auth/config.php on line 11
[20-Jun-2024 21:27:47 UTC] PHP Notice:  Constant DB_NAME already defined in /var/www/auth/config.php on line 12
[20-Jun-2024 21:27:48 UTC] PHP Warning:  include(auth/session_timeout.php): failed to open stream: No such file or directory in /var/www/auth/admin_dashboard.php on line 3
[20-Jun-2024 21:27:48 UTC] PHP Warning:  include(): Failed opening 'auth/session_timeout.php' for inclusion (include_path='.:/usr/share/php') in /var/www/auth/admin_dashboard.php on line 3
[20-Jun-2024 21:28:01 UTC] PHP Notice:  Constant LDAP_SERVER already defined in /var/www/auth/config.php on line 3
[20-Jun-2024 21:28:01 UTC] PHP Notice:  Constant LDAP_ADMIN_USER already defined in /var/www/auth/config.php on line 4
[20-Jun-2024 21:28:01 UTC] PHP Notice:  Constant LDAP_ADMIN_PASS already defined in /var/www/auth/config.php on line 5
[20-Jun-2024 21:28:01 UTC] PHP Notice:  Constant LDAP_SEARCH_BASE already defined in /var/www/auth/config.php on line 6
[20-Jun-2024 21:28:01 UTC] PHP Notice:  Constant DB_SERVER already defined in /var/www/auth/config.php on line 9
[20-Jun-2024 21:28:01 UTC] PHP Notice:  Constant DB_USERNAME already defined in /var/www/auth/config.php on line 10
[20-Jun-2024 21:28:01 UTC] PHP Notice:  Constant DB_PASSWORD already defined in /var/www/auth/config.php on line 11
[20-Jun-2024 21:28:01 UTC] PHP Notice:  Constant DB_NAME already defined in /var/www/auth/config.php on line 12
[20-Jun-2024 21:28:57 UTC] PHP Notice:  Constant LDAP_SERVER already defined in /var/www/auth/config.php on line 3
[20-Jun-2024 21:28:57 UTC] PHP Notice:  Constant LDAP_ADMIN_USER already defined in /var/www/auth/config.php on line 4
[20-Jun-2024 21:28:57 UTC] PHP Notice:  Constant LDAP_ADMIN_PASS already defined in /var/www/auth/config.php on line 5
[20-Jun-2024 21:28:57 UTC] PHP Notice:  Constant LDAP_SEARCH_BASE already defined in /var/www/auth/config.php on line 6
[20-Jun-2024 21:28:57 UTC] PHP Notice:  Constant DB_SERVER already defined in /var/www/auth/config.php on line 9
[20-Jun-2024 21:28:57 UTC] PHP Notice:  Constant DB_USERNAME already defined in /var/www/auth/config.php on line 10
[20-Jun-2024 21:28:57 UTC] PHP Notice:  Constant DB_PASSWORD already defined in /var/www/auth/config.php on line 11
[20-Jun-2024 21:28:57 UTC] PHP Notice:  Constant DB_NAME already defined in /var/www/auth/config.php on line 12
[20-Jun-2024 21:30:06 UTC] PHP Notice:  Constant LDAP_SERVER already defined in /var/www/auth/config.php on line 3
[20-Jun-2024 21:30:06 UTC] PHP Notice:  Constant LDAP_ADMIN_USER already defined in /var/www/auth/config.php on line 4
[20-Jun-2024 21:30:06 UTC] PHP Notice:  Constant LDAP_ADMIN_PASS already defined in /var/www/auth/config.php on line 5
[20-Jun-2024 21:30:06 UTC] PHP Notice:  Constant LDAP_SEARCH_BASE already defined in /var/www/auth/config.php on line 6
[20-Jun-2024 21:30:06 UTC] PHP Notice:  Constant DB_SERVER already defined in /var/www/auth/config.php on line 9
[20-Jun-2024 21:30:06 UTC] PHP Notice:  Constant DB_USERNAME already defined in /var/www/auth/config.php on line 10
[20-Jun-2024 21:30:06 UTC] PHP Notice:  Constant DB_PASSWORD already defined in /var/www/auth/config.php on line 11
[20-Jun-2024 21:30:06 UTC] PHP Notice:  Constant DB_NAME already defined in /var/www/auth/config.php on line 12
[20-Jun-2024 21:30:14 UTC] PHP Notice:  Constant LDAP_SERVER already defined in /var/www/auth/config.php on line 3
[20-Jun-2024 21:30:14 UTC] PHP Notice:  Constant LDAP_ADMIN_USER already defined in /var/www/auth/config.php on line 4
[20-Jun-2024 21:30:14 UTC] PHP Notice:  Constant LDAP_ADMIN_PASS already defined in /var/www/auth/config.php on line 5
[20-Jun-2024 21:30:14 UTC] PHP Notice:  Constant LDAP_SEARCH_BASE already defined in /var/www/auth/config.php on line 6
[20-Jun-2024 21:30:14 UTC] PHP Notice:  Constant DB_SERVER already defined in /var/www/auth/config.php on line 9
[20-Jun-2024 21:30:14 UTC] PHP Notice:  Constant DB_USERNAME already defined in /var/www/auth/config.php on line 10
[20-Jun-2024 21:30:14 UTC] PHP Notice:  Constant DB_PASSWORD already defined in /var/www/auth/config.php on line 11
[20-Jun-2024 21:30:14 UTC] PHP Notice:  Constant DB_NAME already defined in /var/www/auth/config.php on line 12
[20-Jun-2024 21:30:16 UTC] PHP Notice:  Constant LDAP_SERVER already defined in /var/www/auth/config.php on line 3
[20-Jun-2024 21:30:16 UTC] PHP Notice:  Constant LDAP_ADMIN_USER already defined in /var/www/auth/config.php on line 4
[20-Jun-2024 21:30:16 UTC] PHP Notice:  Constant LDAP_ADMIN_PASS already defined in /var/www/auth/config.php on line 5
[20-Jun-2024 21:30:16 UTC] PHP Notice:  Constant LDAP_SEARCH_BASE already defined in /var/www/auth/config.php on line 6
[20-Jun-2024 21:30:16 UTC] PHP Notice:  Constant DB_SERVER already defined in /var/www/auth/config.php on line 9
[20-Jun-2024 21:30:16 UTC] PHP Notice:  Constant DB_USERNAME already defined in /var/www/auth/config.php on line 10
[20-Jun-2024 21:30:16 UTC] PHP Notice:  Constant DB_PASSWORD already defined in /var/www/auth/config.php on line 11
[20-Jun-2024 21:30:16 UTC] PHP Notice:  Constant DB_NAME already defined in /var/www/auth/config.php on line 12
[20-Jun-2024 21:34:29 UTC] PHP Notice:  Constant LDAP_SERVER already defined in /var/www/auth/config.php on line 3
[20-Jun-2024 21:34:29 UTC] PHP Notice:  Constant LDAP_ADMIN_USER already defined in /var/www/auth/config.php on line 4
[20-Jun-2024 21:34:29 UTC] PHP Notice:  Constant LDAP_ADMIN_PASS already defined in /var/www/auth/config.php on line 5
[20-Jun-2024 21:34:29 UTC] PHP Notice:  Constant LDAP_SEARCH_BASE already defined in /var/www/auth/config.php on line 6
[20-Jun-2024 21:34:29 UTC] PHP Notice:  Constant DB_SERVER already defined in /var/www/auth/config.php on line 9
[20-Jun-2024 21:34:29 UTC] PHP Notice:  Constant DB_USERNAME already defined in /var/www/auth/config.php on line 10
[20-Jun-2024 21:34:29 UTC] PHP Notice:  Constant DB_PASSWORD already defined in /var/www/auth/config.php on line 11
[20-Jun-2024 21:34:29 UTC] PHP Notice:  Constant DB_NAME already defined in /var/www/auth/config.php on line 12
[20-Jun-2024 21:34:32 UTC] PHP Notice:  Constant LDAP_SERVER already defined in /var/www/auth/config.php on line 3
[20-Jun-2024 21:34:32 UTC] PHP Notice:  Constant LDAP_ADMIN_USER already defined in /var/www/auth/config.php on line 4
[20-Jun-2024 21:34:32 UTC] PHP Notice:  Constant LDAP_ADMIN_PASS already defined in /var/www/auth/config.php on line 5
[20-Jun-2024 21:34:32 UTC] PHP Notice:  Constant LDAP_SEARCH_BASE already defined in /var/www/auth/config.php on line 6
[20-Jun-2024 21:34:32 UTC] PHP Notice:  Constant DB_SERVER already defined in /var/www/auth/config.php on line 9
[20-Jun-2024 21:34:32 UTC] PHP Notice:  Constant DB_USERNAME already defined in /var/www/auth/config.php on line 10
[20-Jun-2024 21:34:32 UTC] PHP Notice:  Constant DB_PASSWORD already defined in /var/www/auth/config.php on line 11
[20-Jun-2024 21:34:32 UTC] PHP Notice:  Constant DB_NAME already defined in /var/www/auth/config.php on line 12
[20-Jun-2024 21:34:33 UTC] PHP Notice:  Constant LDAP_SERVER already defined in /var/www/auth/config.php on line 3
[20-Jun-2024 21:34:33 UTC] PHP Notice:  Constant LDAP_ADMIN_USER already defined in /var/www/auth/config.php on line 4
[20-Jun-2024 21:34:33 UTC] PHP Notice:  Constant LDAP_ADMIN_PASS already defined in /var/www/auth/config.php on line 5
[20-Jun-2024 21:34:33 UTC] PHP Notice:  Constant LDAP_SEARCH_BASE already defined in /var/www/auth/config.php on line 6
[20-Jun-2024 21:34:33 UTC] PHP Notice:  Constant DB_SERVER already defined in /var/www/auth/config.php on line 9
[20-Jun-2024 21:34:33 UTC] PHP Notice:  Constant DB_USERNAME already defined in /var/www/auth/config.php on line 10
[20-Jun-2024 21:34:33 UTC] PHP Notice:  Constant DB_PASSWORD already defined in /var/www/auth/config.php on line 11
[20-Jun-2024 21:34:33 UTC] PHP Notice:  Constant DB_NAME already defined in /var/www/auth/config.php on line 12
[20-Jun-2024 21:34:36 UTC] PHP Notice:  Constant LDAP_SERVER already defined in /var/www/auth/config.php on line 3
[20-Jun-2024 21:34:36 UTC] PHP Notice:  Constant LDAP_ADMIN_USER already defined in /var/www/auth/config.php on line 4
[20-Jun-2024 21:34:36 UTC] PHP Notice:  Constant LDAP_ADMIN_PASS already defined in /var/www/auth/config.php on line 5
[20-Jun-2024 21:34:36 UTC] PHP Notice:  Constant LDAP_SEARCH_BASE already defined in /var/www/auth/config.php on line 6
[20-Jun-2024 21:34:36 UTC] PHP Notice:  Constant DB_SERVER already defined in /var/www/auth/config.php on line 9
[20-Jun-2024 21:34:36 UTC] PHP Notice:  Constant DB_USERNAME already defined in /var/www/auth/config.php on line 10
[20-Jun-2024 21:34:36 UTC] PHP Notice:  Constant DB_PASSWORD already defined in /var/www/auth/config.php on line 11
[20-Jun-2024 21:34:36 UTC] PHP Notice:  Constant DB_NAME already defined in /var/www/auth/config.php on line 12
[20-Jun-2024 21:34:37 UTC] PHP Warning:  include(auth/session_timeout.php): failed to open stream: No such file or directory in /var/www/auth/admin_dashboard.php on line 3
[20-Jun-2024 21:34:37 UTC] PHP Warning:  include(): Failed opening 'auth/session_timeout.php' for inclusion (include_path='.:/usr/share/php') in /var/www/auth/admin_dashboard.php on line 3
[20-Jun-2024 21:34:40 UTC] PHP Warning:  include(auth/session_timeout.php): failed to open stream: No such file or directory in /var/www/auth/delete_data.php on line 3
[20-Jun-2024 21:34:40 UTC] PHP Warning:  include(): Failed opening 'auth/session_timeout.php' for inclusion (include_path='.:/usr/share/php') in /var/www/auth/delete_data.php on line 3
[20-Jun-2024 21:34:40 UTC] PHP Warning:  include(auth/session_timeout.php): failed to open stream: No such file or directory in /var/www/auth/admin_dashboard.php on line 3
[20-Jun-2024 21:34:40 UTC] PHP Warning:  include(): Failed opening 'auth/session_timeout.php' for inclusion (include_path='.:/usr/share/php') in /var/www/auth/admin_dashboard.php on line 3
[20-Jun-2024 21:34:42 UTC] PHP Warning:  include(auth/session_timeout.php): failed to open stream: No such file or directory in /var/www/auth/delete_data.php on line 3
[20-Jun-2024 21:34:42 UTC] PHP Warning:  include(): Failed opening 'auth/session_timeout.php' for inclusion (include_path='.:/usr/share/php') in /var/www/auth/delete_data.php on line 3
[20-Jun-2024 21:34:43 UTC] PHP Warning:  include(auth/session_timeout.php): failed to open stream: No such file or directory in /var/www/auth/admin_dashboard.php on line 3
[20-Jun-2024 21:34:43 UTC] PHP Warning:  include(): Failed opening 'auth/session_timeout.php' for inclusion (include_path='.:/usr/share/php') in /var/www/auth/admin_dashboard.php on line 3
[20-Jun-2024 21:34:44 UTC] PHP Notice:  Constant LDAP_SERVER already defined in /var/www/auth/config.php on line 3
[20-Jun-2024 21:34:44 UTC] PHP Notice:  Constant LDAP_ADMIN_USER already defined in /var/www/auth/config.php on line 4
[20-Jun-2024 21:34:44 UTC] PHP Notice:  Constant LDAP_ADMIN_PASS already defined in /var/www/auth/config.php on line 5
[20-Jun-2024 21:34:44 UTC] PHP Notice:  Constant LDAP_SEARCH_BASE already defined in /var/www/auth/config.php on line 6
[20-Jun-2024 21:34:44 UTC] PHP Notice:  Constant DB_SERVER already defined in /var/www/auth/config.php on line 9
[20-Jun-2024 21:34:44 UTC] PHP Notice:  Constant DB_USERNAME already defined in /var/www/auth/config.php on line 10
[20-Jun-2024 21:34:44 UTC] PHP Notice:  Constant DB_PASSWORD already defined in /var/www/auth/config.php on line 11
[20-Jun-2024 21:34:44 UTC] PHP Notice:  Constant DB_NAME already defined in /var/www/auth/config.php on line 12
[20-Jun-2024 21:34:55 UTC] PHP Notice:  Constant LDAP_SERVER already defined in /var/www/auth/config.php on line 3
[20-Jun-2024 21:34:55 UTC] PHP Notice:  Constant LDAP_ADMIN_USER already defined in /var/www/auth/config.php on line 4
[20-Jun-2024 21:34:55 UTC] PHP Notice:  Constant LDAP_ADMIN_PASS already defined in /var/www/auth/config.php on line 5
[20-Jun-2024 21:34:55 UTC] PHP Notice:  Constant LDAP_SEARCH_BASE already defined in /var/www/auth/config.php on line 6
[20-Jun-2024 21:34:55 UTC] PHP Notice:  Constant DB_SERVER already defined in /var/www/auth/config.php on line 9
[20-Jun-2024 21:34:55 UTC] PHP Notice:  Constant DB_USERNAME already defined in /var/www/auth/config.php on line 10
[20-Jun-2024 21:34:55 UTC] PHP Notice:  Constant DB_PASSWORD already defined in /var/www/auth/config.php on line 11
[20-Jun-2024 21:34:55 UTC] PHP Notice:  Constant DB_NAME already defined in /var/www/auth/config.php on line 12
[20-Jun-2024 21:35:04 UTC] PHP Notice:  Constant LDAP_SERVER already defined in /var/www/auth/config.php on line 3
[20-Jun-2024 21:35:04 UTC] PHP Notice:  Constant LDAP_ADMIN_USER already defined in /var/www/auth/config.php on line 4
[20-Jun-2024 21:35:04 UTC] PHP Notice:  Constant LDAP_ADMIN_PASS already defined in /var/www/auth/config.php on line 5
[20-Jun-2024 21:35:04 UTC] PHP Notice:  Constant LDAP_SEARCH_BASE already defined in /var/www/auth/config.php on line 6
[20-Jun-2024 21:35:04 UTC] PHP Notice:  Constant DB_SERVER already defined in /var/www/auth/config.php on line 9
[20-Jun-2024 21:35:04 UTC] PHP Notice:  Constant DB_USERNAME already defined in /var/www/auth/config.php on line 10
[20-Jun-2024 21:35:04 UTC] PHP Notice:  Constant DB_PASSWORD already defined in /var/www/auth/config.php on line 11
[20-Jun-2024 21:35:04 UTC] PHP Notice:  Constant DB_NAME already defined in /var/www/auth/config.php on line 12
[20-Jun-2024 21:35:07 UTC] PHP Notice:  Constant LDAP_SERVER already defined in /var/www/auth/config.php on line 3
[20-Jun-2024 21:35:07 UTC] PHP Notice:  Constant LDAP_ADMIN_USER already defined in /var/www/auth/config.php on line 4
[20-Jun-2024 21:35:07 UTC] PHP Notice:  Constant LDAP_ADMIN_PASS already defined in /var/www/auth/config.php on line 5
[20-Jun-2024 21:35:07 UTC] PHP Notice:  Constant LDAP_SEARCH_BASE already defined in /var/www/auth/config.php on line 6
[20-Jun-2024 21:35:07 UTC] PHP Notice:  Constant DB_SERVER already defined in /var/www/auth/config.php on line 9
[20-Jun-2024 21:35:07 UTC] PHP Notice:  Constant DB_USERNAME already defined in /var/www/auth/config.php on line 10
[20-Jun-2024 21:35:07 UTC] PHP Notice:  Constant DB_PASSWORD already defined in /var/www/auth/config.php on line 11
[20-Jun-2024 21:35:07 UTC] PHP Notice:  Constant DB_NAME already defined in /var/www/auth/config.php on line 12
[20-Jun-2024 21:35:23 UTC] PHP Warning:  include(auth/session_timeout.php): failed to open stream: No such file or directory in /var/www/auth/admin_dashboard.php on line 3
[20-Jun-2024 21:35:23 UTC] PHP Warning:  include(): Failed opening 'auth/session_timeout.php' for inclusion (include_path='.:/usr/share/php') in /var/www/auth/admin_dashboard.php on line 3
[20-Jun-2024 21:35:27 UTC] PHP Notice:  Constant LDAP_SERVER already defined in /var/www/auth/config.php on line 3
[20-Jun-2024 21:35:27 UTC] PHP Notice:  Constant LDAP_ADMIN_USER already defined in /var/www/auth/config.php on line 4
[20-Jun-2024 21:35:27 UTC] PHP Notice:  Constant LDAP_ADMIN_PASS already defined in /var/www/auth/config.php on line 5
[20-Jun-2024 21:35:27 UTC] PHP Notice:  Constant LDAP_SEARCH_BASE already defined in /var/www/auth/config.php on line 6
[20-Jun-2024 21:35:28 UTC] PHP Notice:  Constant DB_SERVER already defined in /var/www/auth/config.php on line 9
[20-Jun-2024 21:35:28 UTC] PHP Notice:  Constant DB_USERNAME already defined in /var/www/auth/config.php on line 10
[20-Jun-2024 21:35:28 UTC] PHP Notice:  Constant DB_PASSWORD already defined in /var/www/auth/config.php on line 11
[20-Jun-2024 21:35:28 UTC] PHP Notice:  Constant DB_NAME already defined in /var/www/auth/config.php on line 12
[20-Jun-2024 21:35:32 UTC] PHP Notice:  Constant LDAP_SERVER already defined in /var/www/auth/config.php on line 3
[20-Jun-2024 21:35:32 UTC] PHP Notice:  Constant LDAP_ADMIN_USER already defined in /var/www/auth/config.php on line 4
[20-Jun-2024 21:35:32 UTC] PHP Notice:  Constant LDAP_ADMIN_PASS already defined in /var/www/auth/config.php on line 5
[20-Jun-2024 21:35:32 UTC] PHP Notice:  Constant LDAP_SEARCH_BASE already defined in /var/www/auth/config.php on line 6
[20-Jun-2024 21:35:32 UTC] PHP Notice:  Constant DB_SERVER already defined in /var/www/auth/config.php on line 9
[20-Jun-2024 21:35:32 UTC] PHP Notice:  Constant DB_USERNAME already defined in /var/www/auth/config.php on line 10
[20-Jun-2024 21:35:32 UTC] PHP Notice:  Constant DB_PASSWORD already defined in /var/www/auth/config.php on line 11
[20-Jun-2024 21:35:32 UTC] PHP Notice:  Constant DB_NAME already defined in /var/www/auth/config.php on line 12
[21-Jun-2024 13:09:36 UTC] PHP Notice:  Constant LDAP_SERVER already defined in /var/www/auth/config.php on line 3
[21-Jun-2024 13:09:36 UTC] PHP Notice:  Constant LDAP_ADMIN_USER already defined in /var/www/auth/config.php on line 4
[21-Jun-2024 13:09:36 UTC] PHP Notice:  Constant LDAP_ADMIN_PASS already defined in /var/www/auth/config.php on line 5
[21-Jun-2024 13:09:36 UTC] PHP Notice:  Constant LDAP_SEARCH_BASE already defined in /var/www/auth/config.php on line 6
[21-Jun-2024 13:09:36 UTC] PHP Notice:  Constant DB_SERVER already defined in /var/www/auth/config.php on line 9
[21-Jun-2024 13:09:36 UTC] PHP Notice:  Constant DB_USERNAME already defined in /var/www/auth/config.php on line 10
[21-Jun-2024 13:09:36 UTC] PHP Notice:  Constant DB_PASSWORD already defined in /var/www/auth/config.php on line 11
[21-Jun-2024 13:09:36 UTC] PHP Notice:  Constant DB_NAME already defined in /var/www/auth/config.php on line 12
[21-Jun-2024 13:09:40 UTC] PHP Notice:  Constant LDAP_SERVER already defined in /var/www/auth/config.php on line 3
[21-Jun-2024 13:09:40 UTC] PHP Notice:  Constant LDAP_ADMIN_USER already defined in /var/www/auth/config.php on line 4
[21-Jun-2024 13:09:40 UTC] PHP Notice:  Constant LDAP_ADMIN_PASS already defined in /var/www/auth/config.php on line 5
[21-Jun-2024 13:09:40 UTC] PHP Notice:  Constant LDAP_SEARCH_BASE already defined in /var/www/auth/config.php on line 6
[21-Jun-2024 13:09:40 UTC] PHP Notice:  Constant DB_SERVER already defined in /var/www/auth/config.php on line 9
[21-Jun-2024 13:09:40 UTC] PHP Notice:  Constant DB_USERNAME already defined in /var/www/auth/config.php on line 10
[21-Jun-2024 13:09:40 UTC] PHP Notice:  Constant DB_PASSWORD already defined in /var/www/auth/config.php on line 11
[21-Jun-2024 13:09:40 UTC] PHP Notice:  Constant DB_NAME already defined in /var/www/auth/config.php on line 12
[21-Jun-2024 13:52:14 UTC] PHP Notice:  Constant LDAP_SERVER already defined in /var/www/auth/config.php on line 3
[21-Jun-2024 13:52:14 UTC] PHP Notice:  Constant LDAP_ADMIN_USER already defined in /var/www/auth/config.php on line 4
[21-Jun-2024 13:52:14 UTC] PHP Notice:  Constant LDAP_ADMIN_PASS already defined in /var/www/auth/config.php on line 5
[21-Jun-2024 13:52:14 UTC] PHP Notice:  Constant LDAP_SEARCH_BASE already defined in /var/www/auth/config.php on line 6
[21-Jun-2024 13:52:14 UTC] PHP Notice:  Constant DB_SERVER already defined in /var/www/auth/config.php on line 9
[21-Jun-2024 13:52:14 UTC] PHP Notice:  Constant DB_USERNAME already defined in /var/www/auth/config.php on line 10
[21-Jun-2024 13:52:14 UTC] PHP Notice:  Constant DB_PASSWORD already defined in /var/www/auth/config.php on line 11
[21-Jun-2024 13:52:14 UTC] PHP Notice:  Constant DB_NAME already defined in /var/www/auth/config.php on line 12
[21-Jun-2024 13:52:15 UTC] PHP Notice:  Constant LDAP_SERVER already defined in /var/www/auth/config.php on line 3
[21-Jun-2024 13:52:15 UTC] PHP Notice:  Constant LDAP_ADMIN_USER already defined in /var/www/auth/config.php on line 4
[21-Jun-2024 13:52:15 UTC] PHP Notice:  Constant LDAP_ADMIN_PASS already defined in /var/www/auth/config.php on line 5
[21-Jun-2024 13:52:15 UTC] PHP Notice:  Constant LDAP_SEARCH_BASE already defined in /var/www/auth/config.php on line 6
[21-Jun-2024 13:52:15 UTC] PHP Notice:  Constant DB_SERVER already defined in /var/www/auth/config.php on line 9
[21-Jun-2024 13:52:15 UTC] PHP Notice:  Constant DB_USERNAME already defined in /var/www/auth/config.php on line 10
[21-Jun-2024 13:52:15 UTC] PHP Notice:  Constant DB_PASSWORD already defined in /var/www/auth/config.php on line 11
[21-Jun-2024 13:52:15 UTC] PHP Notice:  Constant DB_NAME already defined in /var/www/auth/config.php on line 12
[21-Jun-2024 13:55:33 UTC] PHP Notice:  Constant LDAP_SERVER already defined in /var/www/auth/config.php on line 3
[21-Jun-2024 13:55:33 UTC] PHP Notice:  Constant LDAP_ADMIN_USER already defined in /var/www/auth/config.php on line 4
[21-Jun-2024 13:55:33 UTC] PHP Notice:  Constant LDAP_ADMIN_PASS already defined in /var/www/auth/config.php on line 5
[21-Jun-2024 13:55:33 UTC] PHP Notice:  Constant LDAP_SEARCH_BASE already defined in /var/www/auth/config.php on line 6
[21-Jun-2024 13:55:33 UTC] PHP Notice:  Constant DB_SERVER already defined in /var/www/auth/config.php on line 9
[21-Jun-2024 13:55:33 UTC] PHP Notice:  Constant DB_USERNAME already defined in /var/www/auth/config.php on line 10
[21-Jun-2024 13:55:33 UTC] PHP Notice:  Constant DB_PASSWORD already defined in /var/www/auth/config.php on line 11
[21-Jun-2024 13:55:33 UTC] PHP Notice:  Constant DB_NAME already defined in /var/www/auth/config.php on line 12
[21-Jun-2024 13:55:36 UTC] PHP Notice:  Constant LDAP_SERVER already defined in /var/www/auth/config.php on line 3
[21-Jun-2024 13:55:36 UTC] PHP Notice:  Constant LDAP_ADMIN_USER already defined in /var/www/auth/config.php on line 4
[21-Jun-2024 13:55:36 UTC] PHP Notice:  Constant LDAP_ADMIN_PASS already defined in /var/www/auth/config.php on line 5
[21-Jun-2024 13:55:36 UTC] PHP Notice:  Constant LDAP_SEARCH_BASE already defined in /var/www/auth/config.php on line 6
[21-Jun-2024 13:55:36 UTC] PHP Notice:  Constant DB_SERVER already defined in /var/www/auth/config.php on line 9
[21-Jun-2024 13:55:36 UTC] PHP Notice:  Constant DB_USERNAME already defined in /var/www/auth/config.php on line 10
[21-Jun-2024 13:55:36 UTC] PHP Notice:  Constant DB_PASSWORD already defined in /var/www/auth/config.php on line 11
[21-Jun-2024 13:55:36 UTC] PHP Notice:  Constant DB_NAME already defined in /var/www/auth/config.php on line 12
[21-Jun-2024 13:55:38 UTC] PHP Notice:  Constant LDAP_SERVER already defined in /var/www/auth/config.php on line 3
[21-Jun-2024 13:55:38 UTC] PHP Notice:  Constant LDAP_ADMIN_USER already defined in /var/www/auth/config.php on line 4
[21-Jun-2024 13:55:38 UTC] PHP Notice:  Constant LDAP_ADMIN_PASS already defined in /var/www/auth/config.php on line 5
[21-Jun-2024 13:55:38 UTC] PHP Notice:  Constant LDAP_SEARCH_BASE already defined in /var/www/auth/config.php on line 6
[21-Jun-2024 13:55:38 UTC] PHP Notice:  Constant DB_SERVER already defined in /var/www/auth/config.php on line 9
[21-Jun-2024 13:55:38 UTC] PHP Notice:  Constant DB_USERNAME already defined in /var/www/auth/config.php on line 10
[21-Jun-2024 13:55:38 UTC] PHP Notice:  Constant DB_PASSWORD already defined in /var/www/auth/config.php on line 11
[21-Jun-2024 13:55:38 UTC] PHP Notice:  Constant DB_NAME already defined in /var/www/auth/config.php on line 12
[21-Jun-2024 13:55:40 UTC] PHP Warning:  include(auth/session_timeout.php): failed to open stream: No such file or directory in /var/www/auth/admin_dashboard.php on line 3
[21-Jun-2024 13:55:40 UTC] PHP Warning:  include(): Failed opening 'auth/session_timeout.php' for inclusion (include_path='.:/usr/share/php') in /var/www/auth/admin_dashboard.php on line 3
[21-Jun-2024 13:55:45 UTC] PHP Warning:  include(auth/session_timeout.php): failed to open stream: No such file or directory in /var/www/auth/delete_data.php on line 3
[21-Jun-2024 13:55:45 UTC] PHP Warning:  include(): Failed opening 'auth/session_timeout.php' for inclusion (include_path='.:/usr/share/php') in /var/www/auth/delete_data.php on line 3
[21-Jun-2024 13:55:47 UTC] PHP Warning:  include(auth/session_timeout.php): failed to open stream: No such file or directory in /var/www/auth/admin_dashboard.php on line 3
[21-Jun-2024 13:55:47 UTC] PHP Warning:  include(): Failed opening 'auth/session_timeout.php' for inclusion (include_path='.:/usr/share/php') in /var/www/auth/admin_dashboard.php on line 3
[21-Jun-2024 13:55:49 UTC] PHP Warning:  include(auth/session_timeout.php): failed to open stream: No such file or directory in /var/www/auth/delete_data.php on line 3
[21-Jun-2024 13:55:49 UTC] PHP Warning:  include(): Failed opening 'auth/session_timeout.php' for inclusion (include_path='.:/usr/share/php') in /var/www/auth/delete_data.php on line 3
[21-Jun-2024 13:55:51 UTC] PHP Warning:  include(auth/session_timeout.php): failed to open stream: No such file or directory in /var/www/auth/admin_dashboard.php on line 3
[21-Jun-2024 13:55:51 UTC] PHP Warning:  include(): Failed opening 'auth/session_timeout.php' for inclusion (include_path='.:/usr/share/php') in /var/www/auth/admin_dashboard.php on line 3
[21-Jun-2024 13:55:52 UTC] PHP Notice:  Constant LDAP_SERVER already defined in /var/www/auth/config.php on line 3
[21-Jun-2024 13:55:52 UTC] PHP Notice:  Constant LDAP_ADMIN_USER already defined in /var/www/auth/config.php on line 4
[21-Jun-2024 13:55:52 UTC] PHP Notice:  Constant LDAP_ADMIN_PASS already defined in /var/www/auth/config.php on line 5
[21-Jun-2024 13:55:52 UTC] PHP Notice:  Constant LDAP_SEARCH_BASE already defined in /var/www/auth/config.php on line 6
[21-Jun-2024 13:55:52 UTC] PHP Notice:  Constant DB_SERVER already defined in /var/www/auth/config.php on line 9
[21-Jun-2024 13:55:52 UTC] PHP Notice:  Constant DB_USERNAME already defined in /var/www/auth/config.php on line 10
[21-Jun-2024 13:55:52 UTC] PHP Notice:  Constant DB_PASSWORD already defined in /var/www/auth/config.php on line 11
[21-Jun-2024 13:55:52 UTC] PHP Notice:  Constant DB_NAME already defined in /var/www/auth/config.php on line 12
[21-Jun-2024 14:06:21 UTC] PHP Notice:  Constant LDAP_SERVER already defined in /var/www/auth/config.php on line 3
[21-Jun-2024 14:06:21 UTC] PHP Notice:  Constant LDAP_ADMIN_USER already defined in /var/www/auth/config.php on line 4
[21-Jun-2024 14:06:21 UTC] PHP Notice:  Constant LDAP_ADMIN_PASS already defined in /var/www/auth/config.php on line 5
[21-Jun-2024 14:06:21 UTC] PHP Notice:  Constant LDAP_SEARCH_BASE already defined in /var/www/auth/config.php on line 6
[21-Jun-2024 14:06:21 UTC] PHP Notice:  Constant DB_SERVER already defined in /var/www/auth/config.php on line 9
[21-Jun-2024 14:06:21 UTC] PHP Notice:  Constant DB_USERNAME already defined in /var/www/auth/config.php on line 10
[21-Jun-2024 14:06:21 UTC] PHP Notice:  Constant DB_PASSWORD already defined in /var/www/auth/config.php on line 11
[21-Jun-2024 14:06:21 UTC] PHP Notice:  Constant DB_NAME already defined in /var/www/auth/config.php on line 12
[21-Jun-2024 14:10:46 UTC] PHP Notice:  Constant LDAP_SERVER already defined in /var/www/auth/config.php on line 3
[21-Jun-2024 14:10:46 UTC] PHP Notice:  Constant LDAP_ADMIN_USER already defined in /var/www/auth/config.php on line 4
[21-Jun-2024 14:10:46 UTC] PHP Notice:  Constant LDAP_ADMIN_PASS already defined in /var/www/auth/config.php on line 5
[21-Jun-2024 14:10:46 UTC] PHP Notice:  Constant LDAP_SEARCH_BASE already defined in /var/www/auth/config.php on line 6
[21-Jun-2024 14:10:46 UTC] PHP Notice:  Constant DB_SERVER already defined in /var/www/auth/config.php on line 9
[21-Jun-2024 14:10:46 UTC] PHP Notice:  Constant DB_USERNAME already defined in /var/www/auth/config.php on line 10
[21-Jun-2024 14:10:46 UTC] PHP Notice:  Constant DB_PASSWORD already defined in /var/www/auth/config.php on line 11
[21-Jun-2024 14:10:46 UTC] PHP Notice:  Constant DB_NAME already defined in /var/www/auth/config.php on line 12
[21-Jun-2024 14:11:09 UTC] PHP Notice:  Constant LDAP_SERVER already defined in /var/www/auth/config.php on line 3
[21-Jun-2024 14:11:09 UTC] PHP Notice:  Constant LDAP_ADMIN_USER already defined in /var/www/auth/config.php on line 4
[21-Jun-2024 14:11:09 UTC] PHP Notice:  Constant LDAP_ADMIN_PASS already defined in /var/www/auth/config.php on line 5
[21-Jun-2024 14:11:09 UTC] PHP Notice:  Constant LDAP_SEARCH_BASE already defined in /var/www/auth/config.php on line 6
[21-Jun-2024 14:11:09 UTC] PHP Notice:  Constant DB_SERVER already defined in /var/www/auth/config.php on line 9
[21-Jun-2024 14:11:09 UTC] PHP Notice:  Constant DB_USERNAME already defined in /var/www/auth/config.php on line 10
[21-Jun-2024 14:11:09 UTC] PHP Notice:  Constant DB_PASSWORD already defined in /var/www/auth/config.php on line 11
[21-Jun-2024 14:11:09 UTC] PHP Notice:  Constant DB_NAME already defined in /var/www/auth/config.php on line 12
[21-Jun-2024 14:11:12 UTC] PHP Notice:  Constant LDAP_SERVER already defined in /var/www/auth/config.php on line 3
[21-Jun-2024 14:11:12 UTC] PHP Notice:  Constant LDAP_ADMIN_USER already defined in /var/www/auth/config.php on line 4
[21-Jun-2024 14:11:12 UTC] PHP Notice:  Constant LDAP_ADMIN_PASS already defined in /var/www/auth/config.php on line 5
[21-Jun-2024 14:11:12 UTC] PHP Notice:  Constant LDAP_SEARCH_BASE already defined in /var/www/auth/config.php on line 6
[21-Jun-2024 14:11:12 UTC] PHP Notice:  Constant DB_SERVER already defined in /var/www/auth/config.php on line 9
[21-Jun-2024 14:11:12 UTC] PHP Notice:  Constant DB_USERNAME already defined in /var/www/auth/config.php on line 10
[21-Jun-2024 14:11:12 UTC] PHP Notice:  Constant DB_PASSWORD already defined in /var/www/auth/config.php on line 11
[21-Jun-2024 14:11:12 UTC] PHP Notice:  Constant DB_NAME already defined in /var/www/auth/config.php on line 12
[21-Jun-2024 14:11:36 UTC] PHP Notice:  Constant LDAP_SERVER already defined in /var/www/auth/config.php on line 3
[21-Jun-2024 14:11:36 UTC] PHP Notice:  Constant LDAP_ADMIN_USER already defined in /var/www/auth/config.php on line 4
[21-Jun-2024 14:11:36 UTC] PHP Notice:  Constant LDAP_ADMIN_PASS already defined in /var/www/auth/config.php on line 5
[21-Jun-2024 14:11:36 UTC] PHP Notice:  Constant LDAP_SEARCH_BASE already defined in /var/www/auth/config.php on line 6
[21-Jun-2024 14:11:36 UTC] PHP Notice:  Constant DB_SERVER already defined in /var/www/auth/config.php on line 9
[21-Jun-2024 14:11:36 UTC] PHP Notice:  Constant DB_USERNAME already defined in /var/www/auth/config.php on line 10
[21-Jun-2024 14:11:36 UTC] PHP Notice:  Constant DB_PASSWORD already defined in /var/www/auth/config.php on line 11
[21-Jun-2024 14:11:36 UTC] PHP Notice:  Constant DB_NAME already defined in /var/www/auth/config.php on line 12
[21-Jun-2024 14:11:49 UTC] PHP Notice:  Constant LDAP_SERVER already defined in /var/www/auth/config.php on line 3
[21-Jun-2024 14:11:49 UTC] PHP Notice:  Constant LDAP_ADMIN_USER already defined in /var/www/auth/config.php on line 4
[21-Jun-2024 14:11:49 UTC] PHP Notice:  Constant LDAP_ADMIN_PASS already defined in /var/www/auth/config.php on line 5
[21-Jun-2024 14:11:49 UTC] PHP Notice:  Constant LDAP_SEARCH_BASE already defined in /var/www/auth/config.php on line 6
[21-Jun-2024 14:11:49 UTC] PHP Notice:  Constant DB_SERVER already defined in /var/www/auth/config.php on line 9
[21-Jun-2024 14:11:49 UTC] PHP Notice:  Constant DB_USERNAME already defined in /var/www/auth/config.php on line 10
[21-Jun-2024 14:11:49 UTC] PHP Notice:  Constant DB_PASSWORD already defined in /var/www/auth/config.php on line 11
[21-Jun-2024 14:11:49 UTC] PHP Notice:  Constant DB_NAME already defined in /var/www/auth/config.php on line 12
[21-Jun-2024 14:12:08 UTC] PHP Warning:  include(auth/session_timeout.php): failed to open stream: No such file or directory in /var/www/auth/admin_dashboard.php on line 3
[21-Jun-2024 14:12:08 UTC] PHP Warning:  include(): Failed opening 'auth/session_timeout.php' for inclusion (include_path='.:/usr/share/php') in /var/www/auth/admin_dashboard.php on line 3
[21-Jun-2024 14:12:30 UTC] PHP Notice:  Constant LDAP_SERVER already defined in /var/www/auth/config.php on line 3
[21-Jun-2024 14:12:30 UTC] PHP Notice:  Constant LDAP_ADMIN_USER already defined in /var/www/auth/config.php on line 4
[21-Jun-2024 14:12:30 UTC] PHP Notice:  Constant LDAP_ADMIN_PASS already defined in /var/www/auth/config.php on line 5
[21-Jun-2024 14:12:30 UTC] PHP Notice:  Constant LDAP_SEARCH_BASE already defined in /var/www/auth/config.php on line 6
[21-Jun-2024 14:12:30 UTC] PHP Notice:  Constant DB_SERVER already defined in /var/www/auth/config.php on line 9
[21-Jun-2024 14:12:30 UTC] PHP Notice:  Constant DB_USERNAME already defined in /var/www/auth/config.php on line 10
[21-Jun-2024 14:12:30 UTC] PHP Notice:  Constant DB_PASSWORD already defined in /var/www/auth/config.php on line 11
[21-Jun-2024 14:12:30 UTC] PHP Notice:  Constant DB_NAME already defined in /var/www/auth/config.php on line 12
[21-Jun-2024 14:12:34 UTC] PHP Notice:  Constant LDAP_SERVER already defined in /var/www/auth/config.php on line 3
[21-Jun-2024 14:12:34 UTC] PHP Notice:  Constant LDAP_ADMIN_USER already defined in /var/www/auth/config.php on line 4
[21-Jun-2024 14:12:34 UTC] PHP Notice:  Constant LDAP_ADMIN_PASS already defined in /var/www/auth/config.php on line 5
[21-Jun-2024 14:12:34 UTC] PHP Notice:  Constant LDAP_SEARCH_BASE already defined in /var/www/auth/config.php on line 6
[21-Jun-2024 14:12:34 UTC] PHP Notice:  Constant DB_SERVER already defined in /var/www/auth/config.php on line 9
[21-Jun-2024 14:12:34 UTC] PHP Notice:  Constant DB_USERNAME already defined in /var/www/auth/config.php on line 10
[21-Jun-2024 14:12:34 UTC] PHP Notice:  Constant DB_PASSWORD already defined in /var/www/auth/config.php on line 11
[21-Jun-2024 14:12:34 UTC] PHP Notice:  Constant DB_NAME already defined in /var/www/auth/config.php on line 12
[21-Jun-2024 14:12:37 UTC] PHP Notice:  Constant LDAP_SERVER already defined in /var/www/auth/config.php on line 3
[21-Jun-2024 14:12:37 UTC] PHP Notice:  Constant LDAP_ADMIN_USER already defined in /var/www/auth/config.php on line 4
[21-Jun-2024 14:12:37 UTC] PHP Notice:  Constant LDAP_ADMIN_PASS already defined in /var/www/auth/config.php on line 5
[21-Jun-2024 14:12:37 UTC] PHP Notice:  Constant LDAP_SEARCH_BASE already defined in /var/www/auth/config.php on line 6
[21-Jun-2024 14:12:37 UTC] PHP Notice:  Constant DB_SERVER already defined in /var/www/auth/config.php on line 9
[21-Jun-2024 14:12:37 UTC] PHP Notice:  Constant DB_USERNAME already defined in /var/www/auth/config.php on line 10
[21-Jun-2024 14:12:37 UTC] PHP Notice:  Constant DB_PASSWORD already defined in /var/www/auth/config.php on line 11
[21-Jun-2024 14:12:37 UTC] PHP Notice:  Constant DB_NAME already defined in /var/www/auth/config.php on line 12
[21-Jun-2024 14:12:39 UTC] PHP Notice:  Constant LDAP_SERVER already defined in /var/www/auth/config.php on line 3
[21-Jun-2024 14:12:39 UTC] PHP Notice:  Constant LDAP_ADMIN_USER already defined in /var/www/auth/config.php on line 4
[21-Jun-2024 14:12:39 UTC] PHP Notice:  Constant LDAP_ADMIN_PASS already defined in /var/www/auth/config.php on line 5
[21-Jun-2024 14:12:39 UTC] PHP Notice:  Constant LDAP_SEARCH_BASE already defined in /var/www/auth/config.php on line 6
[21-Jun-2024 14:12:39 UTC] PHP Notice:  Constant DB_SERVER already defined in /var/www/auth/config.php on line 9
[21-Jun-2024 14:12:39 UTC] PHP Notice:  Constant DB_USERNAME already defined in /var/www/auth/config.php on line 10
[21-Jun-2024 14:12:39 UTC] PHP Notice:  Constant DB_PASSWORD already defined in /var/www/auth/config.php on line 11
[21-Jun-2024 14:12:39 UTC] PHP Notice:  Constant DB_NAME already defined in /var/www/auth/config.php on line 12
[21-Jun-2024 14:12:41 UTC] PHP Warning:  include(auth/session_timeout.php): failed to open stream: No such file or directory in /var/www/auth/admin_dashboard.php on line 3
[21-Jun-2024 14:12:41 UTC] PHP Warning:  include(): Failed opening 'auth/session_timeout.php' for inclusion (include_path='.:/usr/share/php') in /var/www/auth/admin_dashboard.php on line 3
[21-Jun-2024 14:12:59 UTC] PHP Notice:  Constant LDAP_SERVER already defined in /var/www/auth/config.php on line 3
[21-Jun-2024 14:12:59 UTC] PHP Notice:  Constant LDAP_ADMIN_USER already defined in /var/www/auth/config.php on line 4
[21-Jun-2024 14:12:59 UTC] PHP Notice:  Constant LDAP_ADMIN_PASS already defined in /var/www/auth/config.php on line 5
[21-Jun-2024 14:12:59 UTC] PHP Notice:  Constant LDAP_SEARCH_BASE already defined in /var/www/auth/config.php on line 6
[21-Jun-2024 14:12:59 UTC] PHP Notice:  Constant DB_SERVER already defined in /var/www/auth/config.php on line 9
[21-Jun-2024 14:12:59 UTC] PHP Notice:  Constant DB_USERNAME already defined in /var/www/auth/config.php on line 10
[21-Jun-2024 14:12:59 UTC] PHP Notice:  Constant DB_PASSWORD already defined in /var/www/auth/config.php on line 11
[21-Jun-2024 14:12:59 UTC] PHP Notice:  Constant DB_NAME already defined in /var/www/auth/config.php on line 12
[21-Jun-2024 14:14:55 UTC] PHP Notice:  Constant LDAP_SERVER already defined in /var/www/auth/config.php on line 3
[21-Jun-2024 14:14:55 UTC] PHP Notice:  Constant LDAP_ADMIN_USER already defined in /var/www/auth/config.php on line 4
[21-Jun-2024 14:14:55 UTC] PHP Notice:  Constant LDAP_ADMIN_PASS already defined in /var/www/auth/config.php on line 5
[21-Jun-2024 14:14:55 UTC] PHP Notice:  Constant LDAP_SEARCH_BASE already defined in /var/www/auth/config.php on line 6
[21-Jun-2024 14:14:55 UTC] PHP Notice:  Constant DB_SERVER already defined in /var/www/auth/config.php on line 9
[21-Jun-2024 14:14:55 UTC] PHP Notice:  Constant DB_USERNAME already defined in /var/www/auth/config.php on line 10
[21-Jun-2024 14:14:55 UTC] PHP Notice:  Constant DB_PASSWORD already defined in /var/www/auth/config.php on line 11
[21-Jun-2024 14:14:55 UTC] PHP Notice:  Constant DB_NAME already defined in /var/www/auth/config.php on line 12
[21-Jun-2024 14:14:59 UTC] PHP Notice:  Constant LDAP_SERVER already defined in /var/www/auth/config.php on line 3
[21-Jun-2024 14:14:59 UTC] PHP Notice:  Constant LDAP_ADMIN_USER already defined in /var/www/auth/config.php on line 4
[21-Jun-2024 14:14:59 UTC] PHP Notice:  Constant LDAP_ADMIN_PASS already defined in /var/www/auth/config.php on line 5
[21-Jun-2024 14:14:59 UTC] PHP Notice:  Constant LDAP_SEARCH_BASE already defined in /var/www/auth/config.php on line 6
[21-Jun-2024 14:14:59 UTC] PHP Notice:  Constant DB_SERVER already defined in /var/www/auth/config.php on line 9
[21-Jun-2024 14:14:59 UTC] PHP Notice:  Constant DB_USERNAME already defined in /var/www/auth/config.php on line 10
[21-Jun-2024 14:14:59 UTC] PHP Notice:  Constant DB_PASSWORD already defined in /var/www/auth/config.php on line 11
[21-Jun-2024 14:14:59 UTC] PHP Notice:  Constant DB_NAME already defined in /var/www/auth/config.php on line 12
[21-Jun-2024 14:15:02 UTC] PHP Warning:  include(auth/session_timeout.php): failed to open stream: No such file or directory in /var/www/auth/admin_dashboard.php on line 3
[21-Jun-2024 14:15:02 UTC] PHP Warning:  include(): Failed opening 'auth/session_timeout.php' for inclusion (include_path='.:/usr/share/php') in /var/www/auth/admin_dashboard.php on line 3
[21-Jun-2024 14:15:33 UTC] PHP Notice:  Constant LDAP_SERVER already defined in /var/www/auth/config.php on line 3
[21-Jun-2024 14:15:33 UTC] PHP Notice:  Constant LDAP_ADMIN_USER already defined in /var/www/auth/config.php on line 4
[21-Jun-2024 14:15:33 UTC] PHP Notice:  Constant LDAP_ADMIN_PASS already defined in /var/www/auth/config.php on line 5
[21-Jun-2024 14:15:33 UTC] PHP Notice:  Constant LDAP_SEARCH_BASE already defined in /var/www/auth/config.php on line 6
[21-Jun-2024 14:15:33 UTC] PHP Notice:  Constant DB_SERVER already defined in /var/www/auth/config.php on line 9
[21-Jun-2024 14:15:33 UTC] PHP Notice:  Constant DB_USERNAME already defined in /var/www/auth/config.php on line 10
[21-Jun-2024 14:15:33 UTC] PHP Notice:  Constant DB_PASSWORD already defined in /var/www/auth/config.php on line 11
[21-Jun-2024 14:15:33 UTC] PHP Notice:  Constant DB_NAME already defined in /var/www/auth/config.php on line 12
[21-Jun-2024 14:17:31 UTC] PHP Notice:  Constant LDAP_SERVER already defined in /var/www/auth/config.php on line 3
[21-Jun-2024 14:17:31 UTC] PHP Notice:  Constant LDAP_ADMIN_USER already defined in /var/www/auth/config.php on line 4
[21-Jun-2024 14:17:31 UTC] PHP Notice:  Constant LDAP_ADMIN_PASS already defined in /var/www/auth/config.php on line 5
[21-Jun-2024 14:17:31 UTC] PHP Notice:  Constant LDAP_SEARCH_BASE already defined in /var/www/auth/config.php on line 6
[21-Jun-2024 14:17:31 UTC] PHP Notice:  Constant DB_SERVER already defined in /var/www/auth/config.php on line 9
[21-Jun-2024 14:17:31 UTC] PHP Notice:  Constant DB_USERNAME already defined in /var/www/auth/config.php on line 10
[21-Jun-2024 14:17:31 UTC] PHP Notice:  Constant DB_PASSWORD already defined in /var/www/auth/config.php on line 11
[21-Jun-2024 14:17:31 UTC] PHP Notice:  Constant DB_NAME already defined in /var/www/auth/config.php on line 12
[21-Jun-2024 14:17:44 UTC] PHP Notice:  Constant LDAP_SERVER already defined in /var/www/auth/config.php on line 3
[21-Jun-2024 14:17:44 UTC] PHP Notice:  Constant LDAP_ADMIN_USER already defined in /var/www/auth/config.php on line 4
[21-Jun-2024 14:17:44 UTC] PHP Notice:  Constant LDAP_ADMIN_PASS already defined in /var/www/auth/config.php on line 5
[21-Jun-2024 14:17:44 UTC] PHP Notice:  Constant LDAP_SEARCH_BASE already defined in /var/www/auth/config.php on line 6
[21-Jun-2024 14:17:44 UTC] PHP Notice:  Constant DB_SERVER already defined in /var/www/auth/config.php on line 9
[21-Jun-2024 14:17:44 UTC] PHP Notice:  Constant DB_USERNAME already defined in /var/www/auth/config.php on line 10
[21-Jun-2024 14:17:44 UTC] PHP Notice:  Constant DB_PASSWORD already defined in /var/www/auth/config.php on line 11
[21-Jun-2024 14:17:44 UTC] PHP Notice:  Constant DB_NAME already defined in /var/www/auth/config.php on line 12
[21-Jun-2024 14:19:56 UTC] PHP Notice:  Constant LDAP_SERVER already defined in /var/www/auth/config.php on line 3
[21-Jun-2024 14:19:56 UTC] PHP Notice:  Constant LDAP_ADMIN_USER already defined in /var/www/auth/config.php on line 4
[21-Jun-2024 14:19:56 UTC] PHP Notice:  Constant LDAP_ADMIN_PASS already defined in /var/www/auth/config.php on line 5
[21-Jun-2024 14:19:56 UTC] PHP Notice:  Constant LDAP_SEARCH_BASE already defined in /var/www/auth/config.php on line 6
[21-Jun-2024 14:19:56 UTC] PHP Notice:  Constant DB_SERVER already defined in /var/www/auth/config.php on line 9
[21-Jun-2024 14:19:56 UTC] PHP Notice:  Constant DB_USERNAME already defined in /var/www/auth/config.php on line 10
[21-Jun-2024 14:19:56 UTC] PHP Notice:  Constant DB_PASSWORD already defined in /var/www/auth/config.php on line 11
[21-Jun-2024 14:19:56 UTC] PHP Notice:  Constant DB_NAME already defined in /var/www/auth/config.php on line 12
[21-Jun-2024 14:20:03 UTC] PHP Notice:  Constant LDAP_SERVER already defined in /var/www/auth/config.php on line 3
[21-Jun-2024 14:20:03 UTC] PHP Notice:  Constant LDAP_ADMIN_USER already defined in /var/www/auth/config.php on line 4
[21-Jun-2024 14:20:03 UTC] PHP Notice:  Constant LDAP_ADMIN_PASS already defined in /var/www/auth/config.php on line 5
[21-Jun-2024 14:20:03 UTC] PHP Notice:  Constant LDAP_SEARCH_BASE already defined in /var/www/auth/config.php on line 6
[21-Jun-2024 14:20:03 UTC] PHP Notice:  Constant DB_SERVER already defined in /var/www/auth/config.php on line 9
[21-Jun-2024 14:20:03 UTC] PHP Notice:  Constant DB_USERNAME already defined in /var/www/auth/config.php on line 10
[21-Jun-2024 14:20:03 UTC] PHP Notice:  Constant DB_PASSWORD already defined in /var/www/auth/config.php on line 11
[21-Jun-2024 14:20:03 UTC] PHP Notice:  Constant DB_NAME already defined in /var/www/auth/config.php on line 12
[21-Jun-2024 14:20:15 UTC] PHP Notice:  Constant LDAP_SERVER already defined in /var/www/auth/config.php on line 3
[21-Jun-2024 14:20:15 UTC] PHP Notice:  Constant LDAP_ADMIN_USER already defined in /var/www/auth/config.php on line 4
[21-Jun-2024 14:20:15 UTC] PHP Notice:  Constant LDAP_ADMIN_PASS already defined in /var/www/auth/config.php on line 5
[21-Jun-2024 14:20:15 UTC] PHP Notice:  Constant LDAP_SEARCH_BASE already defined in /var/www/auth/config.php on line 6
[21-Jun-2024 14:20:15 UTC] PHP Notice:  Constant DB_SERVER already defined in /var/www/auth/config.php on line 9
[21-Jun-2024 14:20:15 UTC] PHP Notice:  Constant DB_USERNAME already defined in /var/www/auth/config.php on line 10
[21-Jun-2024 14:20:15 UTC] PHP Notice:  Constant DB_PASSWORD already defined in /var/www/auth/config.php on line 11
[21-Jun-2024 14:20:15 UTC] PHP Notice:  Constant DB_NAME already defined in /var/www/auth/config.php on line 12
[21-Jun-2024 14:20:18 UTC] PHP Notice:  Constant LDAP_SERVER already defined in /var/www/auth/config.php on line 3
[21-Jun-2024 14:20:18 UTC] PHP Notice:  Constant LDAP_ADMIN_USER already defined in /var/www/auth/config.php on line 4
[21-Jun-2024 14:20:18 UTC] PHP Notice:  Constant LDAP_ADMIN_PASS already defined in /var/www/auth/config.php on line 5
[21-Jun-2024 14:20:18 UTC] PHP Notice:  Constant LDAP_SEARCH_BASE already defined in /var/www/auth/config.php on line 6
[21-Jun-2024 14:20:18 UTC] PHP Notice:  Constant DB_SERVER already defined in /var/www/auth/config.php on line 9
[21-Jun-2024 14:20:18 UTC] PHP Notice:  Constant DB_USERNAME already defined in /var/www/auth/config.php on line 10
[21-Jun-2024 14:20:18 UTC] PHP Notice:  Constant DB_PASSWORD already defined in /var/www/auth/config.php on line 11
[21-Jun-2024 14:20:18 UTC] PHP Notice:  Constant DB_NAME already defined in /var/www/auth/config.php on line 12
[21-Jun-2024 14:22:13 UTC] PHP Notice:  Constant LDAP_SERVER already defined in /var/www/auth/config.php on line 3
[21-Jun-2024 14:22:13 UTC] PHP Notice:  Constant LDAP_ADMIN_USER already defined in /var/www/auth/config.php on line 4
[21-Jun-2024 14:22:13 UTC] PHP Notice:  Constant LDAP_ADMIN_PASS already defined in /var/www/auth/config.php on line 5
[21-Jun-2024 14:22:13 UTC] PHP Notice:  Constant LDAP_SEARCH_BASE already defined in /var/www/auth/config.php on line 6
[21-Jun-2024 14:22:13 UTC] PHP Notice:  Constant DB_SERVER already defined in /var/www/auth/config.php on line 9
[21-Jun-2024 14:22:13 UTC] PHP Notice:  Constant DB_USERNAME already defined in /var/www/auth/config.php on line 10
[21-Jun-2024 14:22:13 UTC] PHP Notice:  Constant DB_PASSWORD already defined in /var/www/auth/config.php on line 11
[21-Jun-2024 14:22:13 UTC] PHP Notice:  Constant DB_NAME already defined in /var/www/auth/config.php on line 12
[21-Jun-2024 14:25:40 UTC] PHP Notice:  Constant LDAP_SERVER already defined in /var/www/auth/config.php on line 3
[21-Jun-2024 14:25:40 UTC] PHP Notice:  Constant LDAP_ADMIN_USER already defined in /var/www/auth/config.php on line 4
[21-Jun-2024 14:25:40 UTC] PHP Notice:  Constant LDAP_ADMIN_PASS already defined in /var/www/auth/config.php on line 5
[21-Jun-2024 14:25:40 UTC] PHP Notice:  Constant LDAP_SEARCH_BASE already defined in /var/www/auth/config.php on line 6
[21-Jun-2024 14:25:40 UTC] PHP Notice:  Constant DB_SERVER already defined in /var/www/auth/config.php on line 9
[21-Jun-2024 14:25:40 UTC] PHP Notice:  Constant DB_USERNAME already defined in /var/www/auth/config.php on line 10
[21-Jun-2024 14:25:40 UTC] PHP Notice:  Constant DB_PASSWORD already defined in /var/www/auth/config.php on line 11
[21-Jun-2024 14:25:40 UTC] PHP Notice:  Constant DB_NAME already defined in /var/www/auth/config.php on line 12
[21-Jun-2024 14:25:46 UTC] PHP Notice:  Constant LDAP_SERVER already defined in /var/www/auth/config.php on line 3
[21-Jun-2024 14:25:46 UTC] PHP Notice:  Constant LDAP_ADMIN_USER already defined in /var/www/auth/config.php on line 4
[21-Jun-2024 14:25:46 UTC] PHP Notice:  Constant LDAP_ADMIN_PASS already defined in /var/www/auth/config.php on line 5
[21-Jun-2024 14:25:46 UTC] PHP Notice:  Constant LDAP_SEARCH_BASE already defined in /var/www/auth/config.php on line 6
[21-Jun-2024 14:25:46 UTC] PHP Notice:  Constant DB_SERVER already defined in /var/www/auth/config.php on line 9
[21-Jun-2024 14:25:46 UTC] PHP Notice:  Constant DB_USERNAME already defined in /var/www/auth/config.php on line 10
[21-Jun-2024 14:25:46 UTC] PHP Notice:  Constant DB_PASSWORD already defined in /var/www/auth/config.php on line 11
[21-Jun-2024 14:25:46 UTC] PHP Notice:  Constant DB_NAME already defined in /var/www/auth/config.php on line 12
[21-Jun-2024 14:25:52 UTC] PHP Warning:  include(auth/session_timeout.php): failed to open stream: No such file or directory in /var/www/auth/admin_dashboard.php on line 3
[21-Jun-2024 14:25:52 UTC] PHP Warning:  include(): Failed opening 'auth/session_timeout.php' for inclusion (include_path='.:/usr/share/php') in /var/www/auth/admin_dashboard.php on line 3
[21-Jun-2024 14:26:01 UTC] PHP Notice:  Constant LDAP_SERVER already defined in /var/www/auth/config.php on line 3
[21-Jun-2024 14:26:01 UTC] PHP Notice:  Constant LDAP_ADMIN_USER already defined in /var/www/auth/config.php on line 4
[21-Jun-2024 14:26:01 UTC] PHP Notice:  Constant LDAP_ADMIN_PASS already defined in /var/www/auth/config.php on line 5
[21-Jun-2024 14:26:01 UTC] PHP Notice:  Constant LDAP_SEARCH_BASE already defined in /var/www/auth/config.php on line 6
[21-Jun-2024 14:26:01 UTC] PHP Notice:  Constant DB_SERVER already defined in /var/www/auth/config.php on line 9
[21-Jun-2024 14:26:01 UTC] PHP Notice:  Constant DB_USERNAME already defined in /var/www/auth/config.php on line 10
[21-Jun-2024 14:26:01 UTC] PHP Notice:  Constant DB_PASSWORD already defined in /var/www/auth/config.php on line 11
[21-Jun-2024 14:26:01 UTC] PHP Notice:  Constant DB_NAME already defined in /var/www/auth/config.php on line 12
[21-Jun-2024 14:26:08 UTC] PHP Notice:  Constant LDAP_SERVER already defined in /var/www/auth/config.php on line 3
[21-Jun-2024 14:26:08 UTC] PHP Notice:  Constant LDAP_ADMIN_USER already defined in /var/www/auth/config.php on line 4
[21-Jun-2024 14:26:08 UTC] PHP Notice:  Constant LDAP_ADMIN_PASS already defined in /var/www/auth/config.php on line 5
[21-Jun-2024 14:26:08 UTC] PHP Notice:  Constant LDAP_SEARCH_BASE already defined in /var/www/auth/config.php on line 6
[21-Jun-2024 14:26:08 UTC] PHP Notice:  Constant DB_SERVER already defined in /var/www/auth/config.php on line 9
[21-Jun-2024 14:26:08 UTC] PHP Notice:  Constant DB_USERNAME already defined in /var/www/auth/config.php on line 10
[21-Jun-2024 14:26:08 UTC] PHP Notice:  Constant DB_PASSWORD already defined in /var/www/auth/config.php on line 11
[21-Jun-2024 14:26:08 UTC] PHP Notice:  Constant DB_NAME already defined in /var/www/auth/config.php on line 12
[21-Jun-2024 14:26:23 UTC] PHP Notice:  Constant LDAP_SERVER already defined in /var/www/auth/config.php on line 3
[21-Jun-2024 14:26:23 UTC] PHP Notice:  Constant LDAP_ADMIN_USER already defined in /var/www/auth/config.php on line 4
[21-Jun-2024 14:26:23 UTC] PHP Notice:  Constant LDAP_ADMIN_PASS already defined in /var/www/auth/config.php on line 5
[21-Jun-2024 14:26:23 UTC] PHP Notice:  Constant LDAP_SEARCH_BASE already defined in /var/www/auth/config.php on line 6
[21-Jun-2024 14:26:23 UTC] PHP Notice:  Constant DB_SERVER already defined in /var/www/auth/config.php on line 9
[21-Jun-2024 14:26:23 UTC] PHP Notice:  Constant DB_USERNAME already defined in /var/www/auth/config.php on line 10
[21-Jun-2024 14:26:23 UTC] PHP Notice:  Constant DB_PASSWORD already defined in /var/www/auth/config.php on line 11
[21-Jun-2024 14:26:23 UTC] PHP Notice:  Constant DB_NAME already defined in /var/www/auth/config.php on line 12
[21-Jun-2024 14:26:28 UTC] PHP Notice:  Constant LDAP_SERVER already defined in /var/www/auth/config.php on line 3
[21-Jun-2024 14:26:28 UTC] PHP Notice:  Constant LDAP_ADMIN_USER already defined in /var/www/auth/config.php on line 4
[21-Jun-2024 14:26:28 UTC] PHP Notice:  Constant LDAP_ADMIN_PASS already defined in /var/www/auth/config.php on line 5
[21-Jun-2024 14:26:28 UTC] PHP Notice:  Constant LDAP_SEARCH_BASE already defined in /var/www/auth/config.php on line 6
[21-Jun-2024 14:26:28 UTC] PHP Notice:  Constant DB_SERVER already defined in /var/www/auth/config.php on line 9
[21-Jun-2024 14:26:28 UTC] PHP Notice:  Constant DB_USERNAME already defined in /var/www/auth/config.php on line 10
[21-Jun-2024 14:26:28 UTC] PHP Notice:  Constant DB_PASSWORD already defined in /var/www/auth/config.php on line 11
[21-Jun-2024 14:26:28 UTC] PHP Notice:  Constant DB_NAME already defined in /var/www/auth/config.php on line 12
[21-Jun-2024 14:26:50 UTC] PHP Notice:  Constant LDAP_SERVER already defined in /var/www/auth/config.php on line 3
[21-Jun-2024 14:26:50 UTC] PHP Notice:  Constant LDAP_ADMIN_USER already defined in /var/www/auth/config.php on line 4
[21-Jun-2024 14:26:50 UTC] PHP Notice:  Constant LDAP_ADMIN_PASS already defined in /var/www/auth/config.php on line 5
[21-Jun-2024 14:26:50 UTC] PHP Notice:  Constant LDAP_SEARCH_BASE already defined in /var/www/auth/config.php on line 6
[21-Jun-2024 14:26:50 UTC] PHP Notice:  Constant DB_SERVER already defined in /var/www/auth/config.php on line 9
[21-Jun-2024 14:26:50 UTC] PHP Notice:  Constant DB_USERNAME already defined in /var/www/auth/config.php on line 10
[21-Jun-2024 14:26:50 UTC] PHP Notice:  Constant DB_PASSWORD already defined in /var/www/auth/config.php on line 11
[21-Jun-2024 14:26:50 UTC] PHP Notice:  Constant DB_NAME already defined in /var/www/auth/config.php on line 12
[21-Jun-2024 14:26:54 UTC] PHP Notice:  Constant LDAP_SERVER already defined in /var/www/auth/config.php on line 3
[21-Jun-2024 14:26:54 UTC] PHP Notice:  Constant LDAP_ADMIN_USER already defined in /var/www/auth/config.php on line 4
[21-Jun-2024 14:26:54 UTC] PHP Notice:  Constant LDAP_ADMIN_PASS already defined in /var/www/auth/config.php on line 5
[21-Jun-2024 14:26:54 UTC] PHP Notice:  Constant LDAP_SEARCH_BASE already defined in /var/www/auth/config.php on line 6
[21-Jun-2024 14:26:54 UTC] PHP Notice:  Constant DB_SERVER already defined in /var/www/auth/config.php on line 9
[21-Jun-2024 14:26:54 UTC] PHP Notice:  Constant DB_USERNAME already defined in /var/www/auth/config.php on line 10
[21-Jun-2024 14:26:54 UTC] PHP Notice:  Constant DB_PASSWORD already defined in /var/www/auth/config.php on line 11
[21-Jun-2024 14:26:54 UTC] PHP Notice:  Constant DB_NAME already defined in /var/www/auth/config.php on line 12
[21-Jun-2024 14:26:57 UTC] PHP Notice:  Constant LDAP_SERVER already defined in /var/www/auth/config.php on line 3
[21-Jun-2024 14:26:57 UTC] PHP Notice:  Constant LDAP_ADMIN_USER already defined in /var/www/auth/config.php on line 4
[21-Jun-2024 14:26:57 UTC] PHP Notice:  Constant LDAP_ADMIN_PASS already defined in /var/www/auth/config.php on line 5
[21-Jun-2024 14:26:57 UTC] PHP Notice:  Constant LDAP_SEARCH_BASE already defined in /var/www/auth/config.php on line 6
[21-Jun-2024 14:26:57 UTC] PHP Notice:  Constant DB_SERVER already defined in /var/www/auth/config.php on line 9
[21-Jun-2024 14:26:57 UTC] PHP Notice:  Constant DB_USERNAME already defined in /var/www/auth/config.php on line 10
[21-Jun-2024 14:26:57 UTC] PHP Notice:  Constant DB_PASSWORD already defined in /var/www/auth/config.php on line 11
[21-Jun-2024 14:26:57 UTC] PHP Notice:  Constant DB_NAME already defined in /var/www/auth/config.php on line 12
[21-Jun-2024 14:26:58 UTC] PHP Warning:  include(auth/session_timeout.php): failed to open stream: No such file or directory in /var/www/auth/admin_dashboard.php on line 3
[21-Jun-2024 14:26:58 UTC] PHP Warning:  include(): Failed opening 'auth/session_timeout.php' for inclusion (include_path='.:/usr/share/php') in /var/www/auth/admin_dashboard.php on line 3
[21-Jun-2024 14:28:34 UTC] PHP Notice:  Constant LDAP_SERVER already defined in /var/www/auth/config.php on line 3
[21-Jun-2024 14:28:34 UTC] PHP Notice:  Constant LDAP_ADMIN_USER already defined in /var/www/auth/config.php on line 4
[21-Jun-2024 14:28:34 UTC] PHP Notice:  Constant LDAP_ADMIN_PASS already defined in /var/www/auth/config.php on line 5
[21-Jun-2024 14:28:34 UTC] PHP Notice:  Constant LDAP_SEARCH_BASE already defined in /var/www/auth/config.php on line 6
[21-Jun-2024 14:28:34 UTC] PHP Notice:  Constant DB_SERVER already defined in /var/www/auth/config.php on line 9
[21-Jun-2024 14:28:34 UTC] PHP Notice:  Constant DB_USERNAME already defined in /var/www/auth/config.php on line 10
[21-Jun-2024 14:28:34 UTC] PHP Notice:  Constant DB_PASSWORD already defined in /var/www/auth/config.php on line 11
[21-Jun-2024 14:28:34 UTC] PHP Notice:  Constant DB_NAME already defined in /var/www/auth/config.php on line 12
[21-Jun-2024 16:15:37 UTC] PHP Notice:  Constant LDAP_SERVER already defined in /var/www/auth/config.php on line 3
[21-Jun-2024 16:15:37 UTC] PHP Notice:  Constant LDAP_ADMIN_USER already defined in /var/www/auth/config.php on line 4
[21-Jun-2024 16:15:37 UTC] PHP Notice:  Constant LDAP_ADMIN_PASS already defined in /var/www/auth/config.php on line 5
[21-Jun-2024 16:15:37 UTC] PHP Notice:  Constant LDAP_SEARCH_BASE already defined in /var/www/auth/config.php on line 6
[21-Jun-2024 16:15:37 UTC] PHP Notice:  Constant DB_SERVER already defined in /var/www/auth/config.php on line 9
[21-Jun-2024 16:15:37 UTC] PHP Notice:  Constant DB_USERNAME already defined in /var/www/auth/config.php on line 10
[21-Jun-2024 16:15:37 UTC] PHP Notice:  Constant DB_PASSWORD already defined in /var/www/auth/config.php on line 11
[21-Jun-2024 16:15:37 UTC] PHP Notice:  Constant DB_NAME already defined in /var/www/auth/config.php on line 12
[25-Jun-2024 13:34:04 UTC] PHP Notice:  Constant LDAP_SERVER already defined in /var/www/auth/config.php on line 3
[25-Jun-2024 13:34:04 UTC] PHP Notice:  Constant LDAP_ADMIN_USER already defined in /var/www/auth/config.php on line 4
[25-Jun-2024 13:34:04 UTC] PHP Notice:  Constant LDAP_ADMIN_PASS already defined in /var/www/auth/config.php on line 5
[25-Jun-2024 13:34:04 UTC] PHP Notice:  Constant LDAP_SEARCH_BASE already defined in /var/www/auth/config.php on line 6
[25-Jun-2024 13:34:04 UTC] PHP Notice:  Constant DB_SERVER already defined in /var/www/auth/config.php on line 9
[25-Jun-2024 13:34:04 UTC] PHP Notice:  Constant DB_USERNAME already defined in /var/www/auth/config.php on line 10
[25-Jun-2024 13:34:04 UTC] PHP Notice:  Constant DB_PASSWORD already defined in /var/www/auth/config.php on line 11
[25-Jun-2024 13:34:04 UTC] PHP Notice:  Constant DB_NAME already defined in /var/www/auth/config.php on line 12
[25-Jun-2024 13:34:09 UTC] PHP Notice:  Constant LDAP_SERVER already defined in /var/www/auth/config.php on line 3
[25-Jun-2024 13:34:09 UTC] PHP Notice:  Constant LDAP_ADMIN_USER already defined in /var/www/auth/config.php on line 4
[25-Jun-2024 13:34:09 UTC] PHP Notice:  Constant LDAP_ADMIN_PASS already defined in /var/www/auth/config.php on line 5
[25-Jun-2024 13:34:09 UTC] PHP Notice:  Constant LDAP_SEARCH_BASE already defined in /var/www/auth/config.php on line 6
[25-Jun-2024 13:34:09 UTC] PHP Notice:  Constant DB_SERVER already defined in /var/www/auth/config.php on line 9
[25-Jun-2024 13:34:09 UTC] PHP Notice:  Constant DB_USERNAME already defined in /var/www/auth/config.php on line 10
[25-Jun-2024 13:34:09 UTC] PHP Notice:  Constant DB_PASSWORD already defined in /var/www/auth/config.php on line 11
[25-Jun-2024 13:34:09 UTC] PHP Notice:  Constant DB_NAME already defined in /var/www/auth/config.php on line 12
[25-Jun-2024 13:34:11 UTC] PHP Warning:  include(auth/session_timeout.php): failed to open stream: No such file or directory in /var/www/auth/admin_dashboard.php on line 3
[25-Jun-2024 13:34:11 UTC] PHP Warning:  include(): Failed opening 'auth/session_timeout.php' for inclusion (include_path='.:/usr/share/php') in /var/www/auth/admin_dashboard.php on line 3
[25-Jun-2024 14:39:59 UTC] PHP Notice:  Constant LDAP_SERVER already defined in /var/www/auth/config.php on line 3
[25-Jun-2024 14:39:59 UTC] PHP Notice:  Constant LDAP_ADMIN_USER already defined in /var/www/auth/config.php on line 4
[25-Jun-2024 14:39:59 UTC] PHP Notice:  Constant LDAP_ADMIN_PASS already defined in /var/www/auth/config.php on line 5
[25-Jun-2024 14:39:59 UTC] PHP Notice:  Constant LDAP_SEARCH_BASE already defined in /var/www/auth/config.php on line 6
[25-Jun-2024 14:39:59 UTC] PHP Notice:  Constant DB_SERVER already defined in /var/www/auth/config.php on line 9
[25-Jun-2024 14:39:59 UTC] PHP Notice:  Constant DB_USERNAME already defined in /var/www/auth/config.php on line 10
[25-Jun-2024 14:39:59 UTC] PHP Notice:  Constant DB_PASSWORD already defined in /var/www/auth/config.php on line 11
[25-Jun-2024 14:39:59 UTC] PHP Notice:  Constant DB_NAME already defined in /var/www/auth/config.php on line 12
[25-Jun-2024 14:40:05 UTC] PHP Notice:  Constant LDAP_SERVER already defined in /var/www/auth/config.php on line 3
[25-Jun-2024 14:40:05 UTC] PHP Notice:  Constant LDAP_ADMIN_USER already defined in /var/www/auth/config.php on line 4
[25-Jun-2024 14:40:05 UTC] PHP Notice:  Constant LDAP_ADMIN_PASS already defined in /var/www/auth/config.php on line 5
[25-Jun-2024 14:40:05 UTC] PHP Notice:  Constant LDAP_SEARCH_BASE already defined in /var/www/auth/config.php on line 6
[25-Jun-2024 14:40:05 UTC] PHP Notice:  Constant DB_SERVER already defined in /var/www/auth/config.php on line 9
[25-Jun-2024 14:40:05 UTC] PHP Notice:  Constant DB_USERNAME already defined in /var/www/auth/config.php on line 10
[25-Jun-2024 14:40:05 UTC] PHP Notice:  Constant DB_PASSWORD already defined in /var/www/auth/config.php on line 11
[25-Jun-2024 14:40:05 UTC] PHP Notice:  Constant DB_NAME already defined in /var/www/auth/config.php on line 12
[25-Jun-2024 14:43:16 UTC] PHP Notice:  Constant LDAP_SERVER already defined in /var/www/auth/config.php on line 3
[25-Jun-2024 14:43:16 UTC] PHP Notice:  Constant LDAP_ADMIN_USER already defined in /var/www/auth/config.php on line 4
[25-Jun-2024 14:43:16 UTC] PHP Notice:  Constant LDAP_ADMIN_PASS already defined in /var/www/auth/config.php on line 5
[25-Jun-2024 14:43:16 UTC] PHP Notice:  Constant LDAP_SEARCH_BASE already defined in /var/www/auth/config.php on line 6
[25-Jun-2024 14:43:16 UTC] PHP Notice:  Constant DB_SERVER already defined in /var/www/auth/config.php on line 9
[25-Jun-2024 14:43:16 UTC] PHP Notice:  Constant DB_USERNAME already defined in /var/www/auth/config.php on line 10
[25-Jun-2024 14:43:16 UTC] PHP Notice:  Constant DB_PASSWORD already defined in /var/www/auth/config.php on line 11
[25-Jun-2024 14:43:16 UTC] PHP Notice:  Constant DB_NAME already defined in /var/www/auth/config.php on line 12
[25-Jun-2024 14:43:21 UTC] PHP Notice:  Constant LDAP_SERVER already defined in /var/www/auth/config.php on line 3
[25-Jun-2024 14:43:21 UTC] PHP Notice:  Constant LDAP_ADMIN_USER already defined in /var/www/auth/config.php on line 4
[25-Jun-2024 14:43:21 UTC] PHP Notice:  Constant LDAP_ADMIN_PASS already defined in /var/www/auth/config.php on line 5
[25-Jun-2024 14:43:21 UTC] PHP Notice:  Constant LDAP_SEARCH_BASE already defined in /var/www/auth/config.php on line 6
[25-Jun-2024 14:43:21 UTC] PHP Notice:  Constant DB_SERVER already defined in /var/www/auth/config.php on line 9
[25-Jun-2024 14:43:21 UTC] PHP Notice:  Constant DB_USERNAME already defined in /var/www/auth/config.php on line 10
[25-Jun-2024 14:43:21 UTC] PHP Notice:  Constant DB_PASSWORD already defined in /var/www/auth/config.php on line 11
[25-Jun-2024 14:43:21 UTC] PHP Notice:  Constant DB_NAME already defined in /var/www/auth/config.php on line 12
[25-Jun-2024 14:45:39 UTC] PHP Notice:  Constant LDAP_SERVER already defined in /var/www/auth/config.php on line 3
[25-Jun-2024 14:45:39 UTC] PHP Notice:  Constant LDAP_ADMIN_USER already defined in /var/www/auth/config.php on line 4
[25-Jun-2024 14:45:39 UTC] PHP Notice:  Constant LDAP_ADMIN_PASS already defined in /var/www/auth/config.php on line 5
[25-Jun-2024 14:45:39 UTC] PHP Notice:  Constant LDAP_SEARCH_BASE already defined in /var/www/auth/config.php on line 6
[25-Jun-2024 14:45:39 UTC] PHP Notice:  Constant DB_SERVER already defined in /var/www/auth/config.php on line 9
[25-Jun-2024 14:45:39 UTC] PHP Notice:  Constant DB_USERNAME already defined in /var/www/auth/config.php on line 10
[25-Jun-2024 14:45:39 UTC] PHP Notice:  Constant DB_PASSWORD already defined in /var/www/auth/config.php on line 11
[25-Jun-2024 14:45:39 UTC] PHP Notice:  Constant DB_NAME already defined in /var/www/auth/config.php on line 12
[25-Jun-2024 14:45:46 UTC] PHP Notice:  Constant LDAP_SERVER already defined in /var/www/auth/config.php on line 3
[25-Jun-2024 14:45:46 UTC] PHP Notice:  Constant LDAP_ADMIN_USER already defined in /var/www/auth/config.php on line 4
[25-Jun-2024 14:45:46 UTC] PHP Notice:  Constant LDAP_ADMIN_PASS already defined in /var/www/auth/config.php on line 5
[25-Jun-2024 14:45:46 UTC] PHP Notice:  Constant LDAP_SEARCH_BASE already defined in /var/www/auth/config.php on line 6
[25-Jun-2024 14:45:46 UTC] PHP Notice:  Constant DB_SERVER already defined in /var/www/auth/config.php on line 9
[25-Jun-2024 14:45:46 UTC] PHP Notice:  Constant DB_USERNAME already defined in /var/www/auth/config.php on line 10
[25-Jun-2024 14:45:46 UTC] PHP Notice:  Constant DB_PASSWORD already defined in /var/www/auth/config.php on line 11
[25-Jun-2024 14:45:46 UTC] PHP Notice:  Constant DB_NAME already defined in /var/www/auth/config.php on line 12
[25-Jun-2024 14:45:51 UTC] PHP Notice:  Constant LDAP_SERVER already defined in /var/www/auth/config.php on line 3
[25-Jun-2024 14:45:51 UTC] PHP Notice:  Constant LDAP_ADMIN_USER already defined in /var/www/auth/config.php on line 4
[25-Jun-2024 14:45:51 UTC] PHP Notice:  Constant LDAP_ADMIN_PASS already defined in /var/www/auth/config.php on line 5
[25-Jun-2024 14:45:51 UTC] PHP Notice:  Constant LDAP_SEARCH_BASE already defined in /var/www/auth/config.php on line 6
[25-Jun-2024 14:45:51 UTC] PHP Notice:  Constant DB_SERVER already defined in /var/www/auth/config.php on line 9
[25-Jun-2024 14:45:51 UTC] PHP Notice:  Constant DB_USERNAME already defined in /var/www/auth/config.php on line 10
[25-Jun-2024 14:45:51 UTC] PHP Notice:  Constant DB_PASSWORD already defined in /var/www/auth/config.php on line 11
[25-Jun-2024 14:45:51 UTC] PHP Notice:  Constant DB_NAME already defined in /var/www/auth/config.php on line 12
[25-Jun-2024 14:52:45 UTC] PHP Notice:  Constant LDAP_SERVER already defined in /var/www/auth/config.php on line 3
[25-Jun-2024 14:52:45 UTC] PHP Notice:  Constant LDAP_ADMIN_USER already defined in /var/www/auth/config.php on line 4
[25-Jun-2024 14:52:45 UTC] PHP Notice:  Constant LDAP_ADMIN_PASS already defined in /var/www/auth/config.php on line 5
[25-Jun-2024 14:52:45 UTC] PHP Notice:  Constant LDAP_SEARCH_BASE already defined in /var/www/auth/config.php on line 6
[25-Jun-2024 14:52:45 UTC] PHP Notice:  Constant DB_SERVER already defined in /var/www/auth/config.php on line 9
[25-Jun-2024 14:52:45 UTC] PHP Notice:  Constant DB_USERNAME already defined in /var/www/auth/config.php on line 10
[25-Jun-2024 14:52:45 UTC] PHP Notice:  Constant DB_PASSWORD already defined in /var/www/auth/config.php on line 11
[25-Jun-2024 14:52:45 UTC] PHP Notice:  Constant DB_NAME already defined in /var/www/auth/config.php on line 12
[25-Jun-2024 15:08:32 UTC] PHP Notice:  Constant LDAP_SERVER already defined in /var/www/auth/config.php on line 3
[25-Jun-2024 15:08:32 UTC] PHP Notice:  Constant LDAP_ADMIN_USER already defined in /var/www/auth/config.php on line 4
[25-Jun-2024 15:08:32 UTC] PHP Notice:  Constant LDAP_ADMIN_PASS already defined in /var/www/auth/config.php on line 5
[25-Jun-2024 15:08:32 UTC] PHP Notice:  Constant LDAP_SEARCH_BASE already defined in /var/www/auth/config.php on line 6
[25-Jun-2024 15:08:32 UTC] PHP Notice:  Constant DB_SERVER already defined in /var/www/auth/config.php on line 9
[25-Jun-2024 15:08:32 UTC] PHP Notice:  Constant DB_USERNAME already defined in /var/www/auth/config.php on line 10
[25-Jun-2024 15:08:32 UTC] PHP Notice:  Constant DB_PASSWORD already defined in /var/www/auth/config.php on line 11
[25-Jun-2024 15:08:32 UTC] PHP Notice:  Constant DB_NAME already defined in /var/www/auth/config.php on line 12
[25-Jun-2024 15:51:05 UTC] PHP Notice:  Constant LDAP_SERVER already defined in /var/www/auth/config.php on line 3
[25-Jun-2024 15:51:05 UTC] PHP Notice:  Constant LDAP_ADMIN_USER already defined in /var/www/auth/config.php on line 4
[25-Jun-2024 15:51:05 UTC] PHP Notice:  Constant LDAP_ADMIN_PASS already defined in /var/www/auth/config.php on line 5
[25-Jun-2024 15:51:05 UTC] PHP Notice:  Constant LDAP_SEARCH_BASE already defined in /var/www/auth/config.php on line 6
[25-Jun-2024 15:51:05 UTC] PHP Notice:  Constant DB_SERVER already defined in /var/www/auth/config.php on line 9
[25-Jun-2024 15:51:05 UTC] PHP Notice:  Constant DB_USERNAME already defined in /var/www/auth/config.php on line 10
[25-Jun-2024 15:51:05 UTC] PHP Notice:  Constant DB_PASSWORD already defined in /var/www/auth/config.php on line 11
[25-Jun-2024 15:51:05 UTC] PHP Notice:  Constant DB_NAME already defined in /var/www/auth/config.php on line 12
[25-Jun-2024 15:51:11 UTC] PHP Notice:  Constant LDAP_SERVER already defined in /var/www/auth/config.php on line 3
[25-Jun-2024 15:51:11 UTC] PHP Notice:  Constant LDAP_ADMIN_USER already defined in /var/www/auth/config.php on line 4
[25-Jun-2024 15:51:11 UTC] PHP Notice:  Constant LDAP_ADMIN_PASS already defined in /var/www/auth/config.php on line 5
[25-Jun-2024 15:51:11 UTC] PHP Notice:  Constant LDAP_SEARCH_BASE already defined in /var/www/auth/config.php on line 6
[25-Jun-2024 15:51:11 UTC] PHP Notice:  Constant DB_SERVER already defined in /var/www/auth/config.php on line 9
[25-Jun-2024 15:51:11 UTC] PHP Notice:  Constant DB_USERNAME already defined in /var/www/auth/config.php on line 10
[25-Jun-2024 15:51:11 UTC] PHP Notice:  Constant DB_PASSWORD already defined in /var/www/auth/config.php on line 11
[25-Jun-2024 15:51:11 UTC] PHP Notice:  Constant DB_NAME already defined in /var/www/auth/config.php on line 12
[25-Jun-2024 15:51:47 UTC] PHP Warning:  include(auth/session_timeout.php): failed to open stream: No such file or directory in /var/www/auth/admin_dashboard.php on line 3
[25-Jun-2024 15:51:47 UTC] PHP Warning:  include(): Failed opening 'auth/session_timeout.php' for inclusion (include_path='.:/usr/share/php') in /var/www/auth/admin_dashboard.php on line 3
[25-Jun-2024 16:23:53 UTC] PHP Notice:  Constant LDAP_SERVER already defined in /var/www/auth/config.php on line 3
[25-Jun-2024 16:23:53 UTC] PHP Notice:  Constant LDAP_ADMIN_USER already defined in /var/www/auth/config.php on line 4
[25-Jun-2024 16:23:53 UTC] PHP Notice:  Constant LDAP_ADMIN_PASS already defined in /var/www/auth/config.php on line 5
[25-Jun-2024 16:23:53 UTC] PHP Notice:  Constant LDAP_SEARCH_BASE already defined in /var/www/auth/config.php on line 6
[25-Jun-2024 16:23:53 UTC] PHP Notice:  Constant DB_SERVER already defined in /var/www/auth/config.php on line 9
[25-Jun-2024 16:23:53 UTC] PHP Notice:  Constant DB_USERNAME already defined in /var/www/auth/config.php on line 10
[25-Jun-2024 16:23:53 UTC] PHP Notice:  Constant DB_PASSWORD already defined in /var/www/auth/config.php on line 11
[25-Jun-2024 16:23:53 UTC] PHP Notice:  Constant DB_NAME already defined in /var/www/auth/config.php on line 12
[25-Jun-2024 16:24:05 UTC] PHP Notice:  Constant LDAP_SERVER already defined in /var/www/auth/config.php on line 3
[25-Jun-2024 16:24:05 UTC] PHP Notice:  Constant LDAP_ADMIN_USER already defined in /var/www/auth/config.php on line 4
[25-Jun-2024 16:24:05 UTC] PHP Notice:  Constant LDAP_ADMIN_PASS already defined in /var/www/auth/config.php on line 5
[25-Jun-2024 16:24:05 UTC] PHP Notice:  Constant LDAP_SEARCH_BASE already defined in /var/www/auth/config.php on line 6
[25-Jun-2024 16:24:05 UTC] PHP Notice:  Constant DB_SERVER already defined in /var/www/auth/config.php on line 9
[25-Jun-2024 16:24:06 UTC] PHP Notice:  Constant DB_USERNAME already defined in /var/www/auth/config.php on line 10
[25-Jun-2024 16:24:06 UTC] PHP Notice:  Constant DB_PASSWORD already defined in /var/www/auth/config.php on line 11
[25-Jun-2024 16:24:06 UTC] PHP Notice:  Constant DB_NAME already defined in /var/www/auth/config.php on line 12
[25-Jun-2024 16:24:11 UTC] PHP Notice:  Constant LDAP_SERVER already defined in /var/www/auth/config.php on line 3
[25-Jun-2024 16:24:11 UTC] PHP Notice:  Constant LDAP_ADMIN_USER already defined in /var/www/auth/config.php on line 4
[25-Jun-2024 16:24:11 UTC] PHP Notice:  Constant LDAP_ADMIN_PASS already defined in /var/www/auth/config.php on line 5
[25-Jun-2024 16:24:11 UTC] PHP Notice:  Constant LDAP_SEARCH_BASE already defined in /var/www/auth/config.php on line 6
[25-Jun-2024 16:24:11 UTC] PHP Notice:  Constant DB_SERVER already defined in /var/www/auth/config.php on line 9
[25-Jun-2024 16:24:11 UTC] PHP Notice:  Constant DB_USERNAME already defined in /var/www/auth/config.php on line 10
[25-Jun-2024 16:24:11 UTC] PHP Notice:  Constant DB_PASSWORD already defined in /var/www/auth/config.php on line 11
[25-Jun-2024 16:24:11 UTC] PHP Notice:  Constant DB_NAME already defined in /var/www/auth/config.php on line 12
[25-Jun-2024 16:29:55 UTC] PHP Notice:  Constant LDAP_SERVER already defined in /var/www/auth/config.php on line 3
[25-Jun-2024 16:29:55 UTC] PHP Notice:  Constant LDAP_ADMIN_USER already defined in /var/www/auth/config.php on line 4
[25-Jun-2024 16:29:55 UTC] PHP Notice:  Constant LDAP_ADMIN_PASS already defined in /var/www/auth/config.php on line 5
[25-Jun-2024 16:29:55 UTC] PHP Notice:  Constant LDAP_SEARCH_BASE already defined in /var/www/auth/config.php on line 6
[25-Jun-2024 16:29:55 UTC] PHP Notice:  Constant DB_SERVER already defined in /var/www/auth/config.php on line 9
[25-Jun-2024 16:29:55 UTC] PHP Notice:  Constant DB_USERNAME already defined in /var/www/auth/config.php on line 10
[25-Jun-2024 16:29:55 UTC] PHP Notice:  Constant DB_PASSWORD already defined in /var/www/auth/config.php on line 11
[25-Jun-2024 16:29:55 UTC] PHP Notice:  Constant DB_NAME already defined in /var/www/auth/config.php on line 12
[25-Jun-2024 16:30:00 UTC] PHP Notice:  Constant LDAP_SERVER already defined in /var/www/auth/config.php on line 3
[25-Jun-2024 16:30:00 UTC] PHP Notice:  Constant LDAP_ADMIN_USER already defined in /var/www/auth/config.php on line 4
[25-Jun-2024 16:30:00 UTC] PHP Notice:  Constant LDAP_ADMIN_PASS already defined in /var/www/auth/config.php on line 5
[25-Jun-2024 16:30:00 UTC] PHP Notice:  Constant LDAP_SEARCH_BASE already defined in /var/www/auth/config.php on line 6
[25-Jun-2024 16:30:00 UTC] PHP Notice:  Constant DB_SERVER already defined in /var/www/auth/config.php on line 9
[25-Jun-2024 16:30:00 UTC] PHP Notice:  Constant DB_USERNAME already defined in /var/www/auth/config.php on line 10
[25-Jun-2024 16:30:00 UTC] PHP Notice:  Constant DB_PASSWORD already defined in /var/www/auth/config.php on line 11
[25-Jun-2024 16:30:00 UTC] PHP Notice:  Constant DB_NAME already defined in /var/www/auth/config.php on line 12
[25-Jun-2024 16:54:16 UTC] PHP Notice:  Constant LDAP_SERVER already defined in /var/www/auth/config.php on line 3
[25-Jun-2024 16:54:16 UTC] PHP Notice:  Constant LDAP_ADMIN_USER already defined in /var/www/auth/config.php on line 4
[25-Jun-2024 16:54:16 UTC] PHP Notice:  Constant LDAP_ADMIN_PASS already defined in /var/www/auth/config.php on line 5
[25-Jun-2024 16:54:16 UTC] PHP Notice:  Constant LDAP_SEARCH_BASE already defined in /var/www/auth/config.php on line 6
[25-Jun-2024 16:54:16 UTC] PHP Notice:  Constant DB_SERVER already defined in /var/www/auth/config.php on line 9
[25-Jun-2024 16:54:16 UTC] PHP Notice:  Constant DB_USERNAME already defined in /var/www/auth/config.php on line 10
[25-Jun-2024 16:54:16 UTC] PHP Notice:  Constant DB_PASSWORD already defined in /var/www/auth/config.php on line 11
[25-Jun-2024 16:54:16 UTC] PHP Notice:  Constant DB_NAME already defined in /var/www/auth/config.php on line 12
[25-Jun-2024 21:40:38 UTC] PHP Notice:  Constant LDAP_SERVER already defined in /var/www/auth/config.php on line 3
[25-Jun-2024 21:40:38 UTC] PHP Notice:  Constant LDAP_ADMIN_USER already defined in /var/www/auth/config.php on line 4
[25-Jun-2024 21:40:38 UTC] PHP Notice:  Constant LDAP_ADMIN_PASS already defined in /var/www/auth/config.php on line 5
[25-Jun-2024 21:40:38 UTC] PHP Notice:  Constant LDAP_SEARCH_BASE already defined in /var/www/auth/config.php on line 6
[25-Jun-2024 21:40:38 UTC] PHP Notice:  Constant DB_SERVER already defined in /var/www/auth/config.php on line 9
[25-Jun-2024 21:40:38 UTC] PHP Notice:  Constant DB_USERNAME already defined in /var/www/auth/config.php on line 10
[25-Jun-2024 21:40:38 UTC] PHP Notice:  Constant DB_PASSWORD already defined in /var/www/auth/config.php on line 11
[25-Jun-2024 21:40:38 UTC] PHP Notice:  Constant DB_NAME already defined in /var/www/auth/config.php on line 12
[25-Jun-2024 21:40:46 UTC] PHP Notice:  Constant LDAP_SERVER already defined in /var/www/auth/config.php on line 3
[25-Jun-2024 21:40:46 UTC] PHP Notice:  Constant LDAP_ADMIN_USER already defined in /var/www/auth/config.php on line 4
[25-Jun-2024 21:40:46 UTC] PHP Notice:  Constant LDAP_ADMIN_PASS already defined in /var/www/auth/config.php on line 5
[25-Jun-2024 21:40:46 UTC] PHP Notice:  Constant LDAP_SEARCH_BASE already defined in /var/www/auth/config.php on line 6
[25-Jun-2024 21:40:46 UTC] PHP Notice:  Constant DB_SERVER already defined in /var/www/auth/config.php on line 9
[25-Jun-2024 21:40:46 UTC] PHP Notice:  Constant DB_USERNAME already defined in /var/www/auth/config.php on line 10
[25-Jun-2024 21:40:46 UTC] PHP Notice:  Constant DB_PASSWORD already defined in /var/www/auth/config.php on line 11
[25-Jun-2024 21:40:46 UTC] PHP Notice:  Constant DB_NAME already defined in /var/www/auth/config.php on line 12
[25-Jun-2024 21:40:53 UTC] PHP Notice:  Constant LDAP_SERVER already defined in /var/www/auth/config.php on line 3
[25-Jun-2024 21:40:53 UTC] PHP Notice:  Constant LDAP_ADMIN_USER already defined in /var/www/auth/config.php on line 4
[25-Jun-2024 21:40:53 UTC] PHP Notice:  Constant LDAP_ADMIN_PASS already defined in /var/www/auth/config.php on line 5
[25-Jun-2024 21:40:53 UTC] PHP Notice:  Constant LDAP_SEARCH_BASE already defined in /var/www/auth/config.php on line 6
[25-Jun-2024 21:40:53 UTC] PHP Notice:  Constant DB_SERVER already defined in /var/www/auth/config.php on line 9
[25-Jun-2024 21:40:53 UTC] PHP Notice:  Constant DB_USERNAME already defined in /var/www/auth/config.php on line 10
[25-Jun-2024 21:40:53 UTC] PHP Notice:  Constant DB_PASSWORD already defined in /var/www/auth/config.php on line 11
[25-Jun-2024 21:40:53 UTC] PHP Notice:  Constant DB_NAME already defined in /var/www/auth/config.php on line 12
[25-Jun-2024 21:41:11 UTC] PHP Warning:  include(auth/session_timeout.php): failed to open stream: No such file or directory in /var/www/auth/admin_dashboard.php on line 3
[25-Jun-2024 21:41:11 UTC] PHP Warning:  include(): Failed opening 'auth/session_timeout.php' for inclusion (include_path='.:/usr/share/php') in /var/www/auth/admin_dashboard.php on line 3
[25-Jun-2024 21:41:59 UTC] PHP Notice:  Constant LDAP_SERVER already defined in /var/www/auth/config.php on line 3
[25-Jun-2024 21:41:59 UTC] PHP Notice:  Constant LDAP_ADMIN_USER already defined in /var/www/auth/config.php on line 4
[25-Jun-2024 21:41:59 UTC] PHP Notice:  Constant LDAP_ADMIN_PASS already defined in /var/www/auth/config.php on line 5
[25-Jun-2024 21:41:59 UTC] PHP Notice:  Constant LDAP_SEARCH_BASE already defined in /var/www/auth/config.php on line 6
[25-Jun-2024 21:41:59 UTC] PHP Notice:  Constant DB_SERVER already defined in /var/www/auth/config.php on line 9
[25-Jun-2024 21:41:59 UTC] PHP Notice:  Constant DB_USERNAME already defined in /var/www/auth/config.php on line 10
[25-Jun-2024 21:41:59 UTC] PHP Notice:  Constant DB_PASSWORD already defined in /var/www/auth/config.php on line 11
[25-Jun-2024 21:41:59 UTC] PHP Notice:  Constant DB_NAME already defined in /var/www/auth/config.php on line 12
[25-Jun-2024 21:42:03 UTC] PHP Notice:  Constant LDAP_SERVER already defined in /var/www/auth/config.php on line 3
[25-Jun-2024 21:42:03 UTC] PHP Notice:  Constant LDAP_ADMIN_USER already defined in /var/www/auth/config.php on line 4
[25-Jun-2024 21:42:03 UTC] PHP Notice:  Constant LDAP_ADMIN_PASS already defined in /var/www/auth/config.php on line 5
[25-Jun-2024 21:42:03 UTC] PHP Notice:  Constant LDAP_SEARCH_BASE already defined in /var/www/auth/config.php on line 6
[25-Jun-2024 21:42:03 UTC] PHP Notice:  Constant DB_SERVER already defined in /var/www/auth/config.php on line 9
[25-Jun-2024 21:42:03 UTC] PHP Notice:  Constant DB_USERNAME already defined in /var/www/auth/config.php on line 10
[25-Jun-2024 21:42:03 UTC] PHP Notice:  Constant DB_PASSWORD already defined in /var/www/auth/config.php on line 11
[25-Jun-2024 21:42:03 UTC] PHP Notice:  Constant DB_NAME already defined in /var/www/auth/config.php on line 12
[25-Jun-2024 21:46:47 UTC] PHP Warning:  include(auth/session_timeout.php): failed to open stream: No such file or directory in /var/www/auth/admin_dashboard.php on line 3
[25-Jun-2024 21:46:47 UTC] PHP Warning:  include(): Failed opening 'auth/session_timeout.php' for inclusion (include_path='.:/usr/share/php') in /var/www/auth/admin_dashboard.php on line 3
[25-Jun-2024 21:48:27 UTC] PHP Notice:  Constant LDAP_SERVER already defined in /var/www/auth/config.php on line 3
[25-Jun-2024 21:48:27 UTC] PHP Notice:  Constant LDAP_ADMIN_USER already defined in /var/www/auth/config.php on line 4
[25-Jun-2024 21:48:27 UTC] PHP Notice:  Constant LDAP_ADMIN_PASS already defined in /var/www/auth/config.php on line 5
[25-Jun-2024 21:48:27 UTC] PHP Notice:  Constant LDAP_SEARCH_BASE already defined in /var/www/auth/config.php on line 6
[25-Jun-2024 21:48:27 UTC] PHP Notice:  Constant DB_SERVER already defined in /var/www/auth/config.php on line 9
[25-Jun-2024 21:48:27 UTC] PHP Notice:  Constant DB_USERNAME already defined in /var/www/auth/config.php on line 10
[25-Jun-2024 21:48:27 UTC] PHP Notice:  Constant DB_PASSWORD already defined in /var/www/auth/config.php on line 11
[25-Jun-2024 21:48:27 UTC] PHP Notice:  Constant DB_NAME already defined in /var/www/auth/config.php on line 12
[25-Jun-2024 21:48:32 UTC] PHP Notice:  Constant LDAP_SERVER already defined in /var/www/auth/config.php on line 3
[25-Jun-2024 21:48:32 UTC] PHP Notice:  Constant LDAP_ADMIN_USER already defined in /var/www/auth/config.php on line 4
[25-Jun-2024 21:48:32 UTC] PHP Notice:  Constant LDAP_ADMIN_PASS already defined in /var/www/auth/config.php on line 5
[25-Jun-2024 21:48:32 UTC] PHP Notice:  Constant LDAP_SEARCH_BASE already defined in /var/www/auth/config.php on line 6
[25-Jun-2024 21:48:32 UTC] PHP Notice:  Constant DB_SERVER already defined in /var/www/auth/config.php on line 9
[25-Jun-2024 21:48:32 UTC] PHP Notice:  Constant DB_USERNAME already defined in /var/www/auth/config.php on line 10
[25-Jun-2024 21:48:32 UTC] PHP Notice:  Constant DB_PASSWORD already defined in /var/www/auth/config.php on line 11
[25-Jun-2024 21:48:32 UTC] PHP Notice:  Constant DB_NAME already defined in /var/www/auth/config.php on line 12
[25-Jun-2024 21:51:45 UTC] PHP Notice:  Constant LDAP_SERVER already defined in /var/www/auth/config.php on line 3
[25-Jun-2024 21:51:45 UTC] PHP Notice:  Constant LDAP_ADMIN_USER already defined in /var/www/auth/config.php on line 4
[25-Jun-2024 21:51:45 UTC] PHP Notice:  Constant LDAP_ADMIN_PASS already defined in /var/www/auth/config.php on line 5
[25-Jun-2024 21:51:45 UTC] PHP Notice:  Constant LDAP_SEARCH_BASE already defined in /var/www/auth/config.php on line 6
[25-Jun-2024 21:51:45 UTC] PHP Notice:  Constant DB_SERVER already defined in /var/www/auth/config.php on line 9
[25-Jun-2024 21:51:45 UTC] PHP Notice:  Constant DB_USERNAME already defined in /var/www/auth/config.php on line 10
[25-Jun-2024 21:51:45 UTC] PHP Notice:  Constant DB_PASSWORD already defined in /var/www/auth/config.php on line 11
[25-Jun-2024 21:51:45 UTC] PHP Notice:  Constant DB_NAME already defined in /var/www/auth/config.php on line 12
[25-Jun-2024 21:51:49 UTC] PHP Notice:  Constant LDAP_SERVER already defined in /var/www/auth/config.php on line 3
[25-Jun-2024 21:51:49 UTC] PHP Notice:  Constant LDAP_ADMIN_USER already defined in /var/www/auth/config.php on line 4
[25-Jun-2024 21:51:49 UTC] PHP Notice:  Constant LDAP_ADMIN_PASS already defined in /var/www/auth/config.php on line 5
[25-Jun-2024 21:51:49 UTC] PHP Notice:  Constant LDAP_SEARCH_BASE already defined in /var/www/auth/config.php on line 6
[25-Jun-2024 21:51:49 UTC] PHP Notice:  Constant DB_SERVER already defined in /var/www/auth/config.php on line 9
[25-Jun-2024 21:51:49 UTC] PHP Notice:  Constant DB_USERNAME already defined in /var/www/auth/config.php on line 10
[25-Jun-2024 21:51:49 UTC] PHP Notice:  Constant DB_PASSWORD already defined in /var/www/auth/config.php on line 11
[25-Jun-2024 21:51:49 UTC] PHP Notice:  Constant DB_NAME already defined in /var/www/auth/config.php on line 12
[25-Jun-2024 21:52:22 UTC] PHP Notice:  Constant LDAP_SERVER already defined in /var/www/auth/config.php on line 3
[25-Jun-2024 21:52:22 UTC] PHP Notice:  Constant LDAP_ADMIN_USER already defined in /var/www/auth/config.php on line 4
[25-Jun-2024 21:52:22 UTC] PHP Notice:  Constant LDAP_ADMIN_PASS already defined in /var/www/auth/config.php on line 5
[25-Jun-2024 21:52:22 UTC] PHP Notice:  Constant LDAP_SEARCH_BASE already defined in /var/www/auth/config.php on line 6
[25-Jun-2024 21:52:22 UTC] PHP Notice:  Constant DB_SERVER already defined in /var/www/auth/config.php on line 9
[25-Jun-2024 21:52:22 UTC] PHP Notice:  Constant DB_USERNAME already defined in /var/www/auth/config.php on line 10
[25-Jun-2024 21:52:22 UTC] PHP Notice:  Constant DB_PASSWORD already defined in /var/www/auth/config.php on line 11
[25-Jun-2024 21:52:22 UTC] PHP Notice:  Constant DB_NAME already defined in /var/www/auth/config.php on line 12
[25-Jun-2024 21:52:26 UTC] PHP Notice:  Constant LDAP_SERVER already defined in /var/www/auth/config.php on line 3
[25-Jun-2024 21:52:26 UTC] PHP Notice:  Constant LDAP_ADMIN_USER already defined in /var/www/auth/config.php on line 4
[25-Jun-2024 21:52:26 UTC] PHP Notice:  Constant LDAP_ADMIN_PASS already defined in /var/www/auth/config.php on line 5
[25-Jun-2024 21:52:26 UTC] PHP Notice:  Constant LDAP_SEARCH_BASE already defined in /var/www/auth/config.php on line 6
[25-Jun-2024 21:52:26 UTC] PHP Notice:  Constant DB_SERVER already defined in /var/www/auth/config.php on line 9
[25-Jun-2024 21:52:26 UTC] PHP Notice:  Constant DB_USERNAME already defined in /var/www/auth/config.php on line 10
[25-Jun-2024 21:52:26 UTC] PHP Notice:  Constant DB_PASSWORD already defined in /var/www/auth/config.php on line 11
[25-Jun-2024 21:52:26 UTC] PHP Notice:  Constant DB_NAME already defined in /var/www/auth/config.php on line 12
[25-Jun-2024 21:52:57 UTC] PHP Notice:  Constant LDAP_SERVER already defined in /var/www/auth/config.php on line 3
[25-Jun-2024 21:52:57 UTC] PHP Notice:  Constant LDAP_ADMIN_USER already defined in /var/www/auth/config.php on line 4
[25-Jun-2024 21:52:57 UTC] PHP Notice:  Constant LDAP_ADMIN_PASS already defined in /var/www/auth/config.php on line 5
[25-Jun-2024 21:52:57 UTC] PHP Notice:  Constant LDAP_SEARCH_BASE already defined in /var/www/auth/config.php on line 6
[25-Jun-2024 21:52:57 UTC] PHP Notice:  Constant DB_SERVER already defined in /var/www/auth/config.php on line 9
[25-Jun-2024 21:52:57 UTC] PHP Notice:  Constant DB_USERNAME already defined in /var/www/auth/config.php on line 10
[25-Jun-2024 21:52:57 UTC] PHP Notice:  Constant DB_PASSWORD already defined in /var/www/auth/config.php on line 11
[25-Jun-2024 21:52:57 UTC] PHP Notice:  Constant DB_NAME already defined in /var/www/auth/config.php on line 12
[25-Jun-2024 21:52:59 UTC] PHP Notice:  Constant LDAP_SERVER already defined in /var/www/auth/config.php on line 3
[25-Jun-2024 21:52:59 UTC] PHP Notice:  Constant LDAP_ADMIN_USER already defined in /var/www/auth/config.php on line 4
[25-Jun-2024 21:52:59 UTC] PHP Notice:  Constant LDAP_ADMIN_PASS already defined in /var/www/auth/config.php on line 5
[25-Jun-2024 21:52:59 UTC] PHP Notice:  Constant LDAP_SEARCH_BASE already defined in /var/www/auth/config.php on line 6
[25-Jun-2024 21:52:59 UTC] PHP Notice:  Constant DB_SERVER already defined in /var/www/auth/config.php on line 9
[25-Jun-2024 21:52:59 UTC] PHP Notice:  Constant DB_USERNAME already defined in /var/www/auth/config.php on line 10
[25-Jun-2024 21:52:59 UTC] PHP Notice:  Constant DB_PASSWORD already defined in /var/www/auth/config.php on line 11
[25-Jun-2024 21:52:59 UTC] PHP Notice:  Constant DB_NAME already defined in /var/www/auth/config.php on line 12
[25-Jun-2024 21:53:00 UTC] PHP Warning:  include(auth/session_timeout.php): failed to open stream: No such file or directory in /var/www/auth/admin_dashboard.php on line 3
[25-Jun-2024 21:53:00 UTC] PHP Warning:  include(): Failed opening 'auth/session_timeout.php' for inclusion (include_path='.:/usr/share/php') in /var/www/auth/admin_dashboard.php on line 3
[25-Jun-2024 21:53:03 UTC] PHP Warning:  include(auth/session_timeout.php): failed to open stream: No such file or directory in /var/www/auth/delete_data.php on line 3
[25-Jun-2024 21:53:03 UTC] PHP Warning:  include(): Failed opening 'auth/session_timeout.php' for inclusion (include_path='.:/usr/share/php') in /var/www/auth/delete_data.php on line 3
[25-Jun-2024 21:53:04 UTC] PHP Warning:  include(auth/session_timeout.php): failed to open stream: No such file or directory in /var/www/auth/admin_dashboard.php on line 3
[25-Jun-2024 21:53:04 UTC] PHP Warning:  include(): Failed opening 'auth/session_timeout.php' for inclusion (include_path='.:/usr/share/php') in /var/www/auth/admin_dashboard.php on line 3
[25-Jun-2024 21:53:06 UTC] PHP Warning:  include(auth/session_timeout.php): failed to open stream: No such file or directory in /var/www/auth/delete_data.php on line 3
[25-Jun-2024 21:53:06 UTC] PHP Warning:  include(): Failed opening 'auth/session_timeout.php' for inclusion (include_path='.:/usr/share/php') in /var/www/auth/delete_data.php on line 3
[25-Jun-2024 21:53:07 UTC] PHP Warning:  include(auth/session_timeout.php): failed to open stream: No such file or directory in /var/www/auth/admin_dashboard.php on line 3
[25-Jun-2024 21:53:07 UTC] PHP Warning:  include(): Failed opening 'auth/session_timeout.php' for inclusion (include_path='.:/usr/share/php') in /var/www/auth/admin_dashboard.php on line 3
[25-Jun-2024 21:53:09 UTC] PHP Notice:  Constant LDAP_SERVER already defined in /var/www/auth/config.php on line 3
[25-Jun-2024 21:53:09 UTC] PHP Notice:  Constant LDAP_ADMIN_USER already defined in /var/www/auth/config.php on line 4
[25-Jun-2024 21:53:09 UTC] PHP Notice:  Constant LDAP_ADMIN_PASS already defined in /var/www/auth/config.php on line 5
[25-Jun-2024 21:53:09 UTC] PHP Notice:  Constant LDAP_SEARCH_BASE already defined in /var/www/auth/config.php on line 6
[25-Jun-2024 21:53:09 UTC] PHP Notice:  Constant DB_SERVER already defined in /var/www/auth/config.php on line 9
[25-Jun-2024 21:53:09 UTC] PHP Notice:  Constant DB_USERNAME already defined in /var/www/auth/config.php on line 10
[25-Jun-2024 21:53:09 UTC] PHP Notice:  Constant DB_PASSWORD already defined in /var/www/auth/config.php on line 11
[25-Jun-2024 21:53:09 UTC] PHP Notice:  Constant DB_NAME already defined in /var/www/auth/config.php on line 12
[25-Jun-2024 21:53:12 UTC] PHP Notice:  Constant LDAP_SERVER already defined in /var/www/auth/config.php on line 3
[25-Jun-2024 21:53:12 UTC] PHP Notice:  Constant LDAP_ADMIN_USER already defined in /var/www/auth/config.php on line 4
[25-Jun-2024 21:53:12 UTC] PHP Notice:  Constant LDAP_ADMIN_PASS already defined in /var/www/auth/config.php on line 5
[25-Jun-2024 21:53:12 UTC] PHP Notice:  Constant LDAP_SEARCH_BASE already defined in /var/www/auth/config.php on line 6
[25-Jun-2024 21:53:12 UTC] PHP Notice:  Constant DB_SERVER already defined in /var/www/auth/config.php on line 9
[25-Jun-2024 21:53:12 UTC] PHP Notice:  Constant DB_USERNAME already defined in /var/www/auth/config.php on line 10
[25-Jun-2024 21:53:12 UTC] PHP Notice:  Constant DB_PASSWORD already defined in /var/www/auth/config.php on line 11
[25-Jun-2024 21:53:12 UTC] PHP Notice:  Constant DB_NAME already defined in /var/www/auth/config.php on line 12
[25-Jun-2024 22:09:31 UTC] PHP Notice:  Constant LDAP_SERVER already defined in /var/www/auth/config.php on line 3
[25-Jun-2024 22:09:31 UTC] PHP Notice:  Constant LDAP_ADMIN_USER already defined in /var/www/auth/config.php on line 4
[25-Jun-2024 22:09:31 UTC] PHP Notice:  Constant LDAP_ADMIN_PASS already defined in /var/www/auth/config.php on line 5
[25-Jun-2024 22:09:31 UTC] PHP Notice:  Constant LDAP_SEARCH_BASE already defined in /var/www/auth/config.php on line 6
[25-Jun-2024 22:09:31 UTC] PHP Notice:  Constant DB_SERVER already defined in /var/www/auth/config.php on line 9
[25-Jun-2024 22:09:31 UTC] PHP Notice:  Constant DB_USERNAME already defined in /var/www/auth/config.php on line 10
[25-Jun-2024 22:09:31 UTC] PHP Notice:  Constant DB_PASSWORD already defined in /var/www/auth/config.php on line 11
[25-Jun-2024 22:09:31 UTC] PHP Notice:  Constant DB_NAME already defined in /var/www/auth/config.php on line 12
[25-Jun-2024 22:11:59 UTC] PHP Notice:  Constant LDAP_SERVER already defined in /var/www/auth/config.php on line 3
[25-Jun-2024 22:11:59 UTC] PHP Notice:  Constant LDAP_ADMIN_USER already defined in /var/www/auth/config.php on line 4
[25-Jun-2024 22:11:59 UTC] PHP Notice:  Constant LDAP_ADMIN_PASS already defined in /var/www/auth/config.php on line 5
[25-Jun-2024 22:11:59 UTC] PHP Notice:  Constant LDAP_SEARCH_BASE already defined in /var/www/auth/config.php on line 6
[25-Jun-2024 22:11:59 UTC] PHP Notice:  Constant DB_SERVER already defined in /var/www/auth/config.php on line 9
[25-Jun-2024 22:11:59 UTC] PHP Notice:  Constant DB_USERNAME already defined in /var/www/auth/config.php on line 10
[25-Jun-2024 22:11:59 UTC] PHP Notice:  Constant DB_PASSWORD already defined in /var/www/auth/config.php on line 11
[25-Jun-2024 22:11:59 UTC] PHP Notice:  Constant DB_NAME already defined in /var/www/auth/config.php on line 12
[26-Jun-2024 13:55:20 UTC] PHP Notice:  Constant LDAP_SERVER already defined in /var/www/auth/config.php on line 3
[26-Jun-2024 13:55:20 UTC] PHP Notice:  Constant LDAP_ADMIN_USER already defined in /var/www/auth/config.php on line 4
[26-Jun-2024 13:55:20 UTC] PHP Notice:  Constant LDAP_ADMIN_PASS already defined in /var/www/auth/config.php on line 5
[26-Jun-2024 13:55:20 UTC] PHP Notice:  Constant LDAP_SEARCH_BASE already defined in /var/www/auth/config.php on line 6
[26-Jun-2024 13:55:20 UTC] PHP Notice:  Constant DB_SERVER already defined in /var/www/auth/config.php on line 9
[26-Jun-2024 13:55:20 UTC] PHP Notice:  Constant DB_USERNAME already defined in /var/www/auth/config.php on line 10
[26-Jun-2024 13:55:20 UTC] PHP Notice:  Constant DB_PASSWORD already defined in /var/www/auth/config.php on line 11
[26-Jun-2024 13:55:20 UTC] PHP Notice:  Constant DB_NAME already defined in /var/www/auth/config.php on line 12
[26-Jun-2024 13:55:24 UTC] PHP Notice:  Constant LDAP_SERVER already defined in /var/www/auth/config.php on line 3
[26-Jun-2024 13:55:24 UTC] PHP Notice:  Constant LDAP_ADMIN_USER already defined in /var/www/auth/config.php on line 4
[26-Jun-2024 13:55:24 UTC] PHP Notice:  Constant LDAP_ADMIN_PASS already defined in /var/www/auth/config.php on line 5
[26-Jun-2024 13:55:24 UTC] PHP Notice:  Constant LDAP_SEARCH_BASE already defined in /var/www/auth/config.php on line 6
[26-Jun-2024 13:55:24 UTC] PHP Notice:  Constant DB_SERVER already defined in /var/www/auth/config.php on line 9
[26-Jun-2024 13:55:24 UTC] PHP Notice:  Constant DB_USERNAME already defined in /var/www/auth/config.php on line 10
[26-Jun-2024 13:55:24 UTC] PHP Notice:  Constant DB_PASSWORD already defined in /var/www/auth/config.php on line 11
[26-Jun-2024 13:55:24 UTC] PHP Notice:  Constant DB_NAME already defined in /var/www/auth/config.php on line 12
[26-Jun-2024 13:55:27 UTC] PHP Notice:  Constant LDAP_SERVER already defined in /var/www/auth/config.php on line 3
[26-Jun-2024 13:55:27 UTC] PHP Notice:  Constant LDAP_ADMIN_USER already defined in /var/www/auth/config.php on line 4
[26-Jun-2024 13:55:27 UTC] PHP Notice:  Constant LDAP_ADMIN_PASS already defined in /var/www/auth/config.php on line 5
[26-Jun-2024 13:55:27 UTC] PHP Notice:  Constant LDAP_SEARCH_BASE already defined in /var/www/auth/config.php on line 6
[26-Jun-2024 13:55:27 UTC] PHP Notice:  Constant DB_SERVER already defined in /var/www/auth/config.php on line 9
[26-Jun-2024 13:55:27 UTC] PHP Notice:  Constant DB_USERNAME already defined in /var/www/auth/config.php on line 10
[26-Jun-2024 13:55:27 UTC] PHP Notice:  Constant DB_PASSWORD already defined in /var/www/auth/config.php on line 11
[26-Jun-2024 13:55:27 UTC] PHP Notice:  Constant DB_NAME already defined in /var/www/auth/config.php on line 12
[26-Jun-2024 13:55:34 UTC] PHP Notice:  Constant LDAP_SERVER already defined in /var/www/auth/config.php on line 3
[26-Jun-2024 13:55:34 UTC] PHP Notice:  Constant LDAP_ADMIN_USER already defined in /var/www/auth/config.php on line 4
[26-Jun-2024 13:55:34 UTC] PHP Notice:  Constant LDAP_ADMIN_PASS already defined in /var/www/auth/config.php on line 5
[26-Jun-2024 13:55:34 UTC] PHP Notice:  Constant LDAP_SEARCH_BASE already defined in /var/www/auth/config.php on line 6
[26-Jun-2024 13:55:34 UTC] PHP Notice:  Constant DB_SERVER already defined in /var/www/auth/config.php on line 9
[26-Jun-2024 13:55:34 UTC] PHP Notice:  Constant DB_USERNAME already defined in /var/www/auth/config.php on line 10
[26-Jun-2024 13:55:34 UTC] PHP Notice:  Constant DB_PASSWORD already defined in /var/www/auth/config.php on line 11
[26-Jun-2024 13:55:34 UTC] PHP Notice:  Constant DB_NAME already defined in /var/www/auth/config.php on line 12
[26-Jun-2024 13:57:26 UTC] PHP Notice:  Constant LDAP_SERVER already defined in /var/www/auth/config.php on line 3
[26-Jun-2024 13:57:26 UTC] PHP Notice:  Constant LDAP_ADMIN_USER already defined in /var/www/auth/config.php on line 4
[26-Jun-2024 13:57:26 UTC] PHP Notice:  Constant LDAP_ADMIN_PASS already defined in /var/www/auth/config.php on line 5
[26-Jun-2024 13:57:26 UTC] PHP Notice:  Constant LDAP_SEARCH_BASE already defined in /var/www/auth/config.php on line 6
[26-Jun-2024 13:57:26 UTC] PHP Notice:  Constant DB_SERVER already defined in /var/www/auth/config.php on line 9
[26-Jun-2024 13:57:26 UTC] PHP Notice:  Constant DB_USERNAME already defined in /var/www/auth/config.php on line 10
[26-Jun-2024 13:57:26 UTC] PHP Notice:  Constant DB_PASSWORD already defined in /var/www/auth/config.php on line 11
[26-Jun-2024 13:57:26 UTC] PHP Notice:  Constant DB_NAME already defined in /var/www/auth/config.php on line 12
[26-Jun-2024 14:46:52 UTC] PHP Notice:  Constant LDAP_SERVER already defined in /var/www/auth/config.php on line 3
[26-Jun-2024 14:46:52 UTC] PHP Notice:  Constant LDAP_ADMIN_USER already defined in /var/www/auth/config.php on line 4
[26-Jun-2024 14:46:52 UTC] PHP Notice:  Constant LDAP_ADMIN_PASS already defined in /var/www/auth/config.php on line 5
[26-Jun-2024 14:46:52 UTC] PHP Notice:  Constant LDAP_SEARCH_BASE already defined in /var/www/auth/config.php on line 6
[26-Jun-2024 14:46:52 UTC] PHP Notice:  Constant DB_SERVER already defined in /var/www/auth/config.php on line 9
[26-Jun-2024 14:46:52 UTC] PHP Notice:  Constant DB_USERNAME already defined in /var/www/auth/config.php on line 10
[26-Jun-2024 14:46:52 UTC] PHP Notice:  Constant DB_PASSWORD already defined in /var/www/auth/config.php on line 11
[26-Jun-2024 14:46:52 UTC] PHP Notice:  Constant DB_NAME already defined in /var/www/auth/config.php on line 12
[26-Jun-2024 14:47:47 UTC] PHP Notice:  Constant LDAP_SERVER already defined in /var/www/auth/config.php on line 3
[26-Jun-2024 14:47:47 UTC] PHP Notice:  Constant LDAP_ADMIN_USER already defined in /var/www/auth/config.php on line 4
[26-Jun-2024 14:47:47 UTC] PHP Notice:  Constant LDAP_ADMIN_PASS already defined in /var/www/auth/config.php on line 5
[26-Jun-2024 14:47:47 UTC] PHP Notice:  Constant LDAP_SEARCH_BASE already defined in /var/www/auth/config.php on line 6
[26-Jun-2024 14:47:47 UTC] PHP Notice:  Constant DB_SERVER already defined in /var/www/auth/config.php on line 9
[26-Jun-2024 14:47:47 UTC] PHP Notice:  Constant DB_USERNAME already defined in /var/www/auth/config.php on line 10
[26-Jun-2024 14:47:47 UTC] PHP Notice:  Constant DB_PASSWORD already defined in /var/www/auth/config.php on line 11
[26-Jun-2024 14:47:47 UTC] PHP Notice:  Constant DB_NAME already defined in /var/www/auth/config.php on line 12
[26-Jun-2024 14:47:51 UTC] PHP Notice:  Constant LDAP_SERVER already defined in /var/www/auth/config.php on line 3
[26-Jun-2024 14:47:51 UTC] PHP Notice:  Constant LDAP_ADMIN_USER already defined in /var/www/auth/config.php on line 4
[26-Jun-2024 14:47:51 UTC] PHP Notice:  Constant LDAP_ADMIN_PASS already defined in /var/www/auth/config.php on line 5
[26-Jun-2024 14:47:51 UTC] PHP Notice:  Constant LDAP_SEARCH_BASE already defined in /var/www/auth/config.php on line 6
[26-Jun-2024 14:47:51 UTC] PHP Notice:  Constant DB_SERVER already defined in /var/www/auth/config.php on line 9
[26-Jun-2024 14:47:51 UTC] PHP Notice:  Constant DB_USERNAME already defined in /var/www/auth/config.php on line 10
[26-Jun-2024 14:47:51 UTC] PHP Notice:  Constant DB_PASSWORD already defined in /var/www/auth/config.php on line 11
[26-Jun-2024 14:47:51 UTC] PHP Notice:  Constant DB_NAME already defined in /var/www/auth/config.php on line 12
[26-Jun-2024 15:06:52 UTC] PHP Notice:  Constant LDAP_SERVER already defined in /var/www/auth/config.php on line 3
[26-Jun-2024 15:06:52 UTC] PHP Notice:  Constant LDAP_ADMIN_USER already defined in /var/www/auth/config.php on line 4
[26-Jun-2024 15:06:52 UTC] PHP Notice:  Constant LDAP_ADMIN_PASS already defined in /var/www/auth/config.php on line 5
[26-Jun-2024 15:06:52 UTC] PHP Notice:  Constant LDAP_SEARCH_BASE already defined in /var/www/auth/config.php on line 6
[26-Jun-2024 15:06:52 UTC] PHP Notice:  Constant DB_SERVER already defined in /var/www/auth/config.php on line 9
[26-Jun-2024 15:06:52 UTC] PHP Notice:  Constant DB_USERNAME already defined in /var/www/auth/config.php on line 10
[26-Jun-2024 15:06:52 UTC] PHP Notice:  Constant DB_PASSWORD already defined in /var/www/auth/config.php on line 11
[26-Jun-2024 15:06:52 UTC] PHP Notice:  Constant DB_NAME already defined in /var/www/auth/config.php on line 12
[26-Jun-2024 17:05:10 UTC] PHP Notice:  Constant LDAP_SERVER already defined in /var/www/auth/config.php on line 3
[26-Jun-2024 17:05:10 UTC] PHP Notice:  Constant LDAP_ADMIN_USER already defined in /var/www/auth/config.php on line 4
[26-Jun-2024 17:05:10 UTC] PHP Notice:  Constant LDAP_ADMIN_PASS already defined in /var/www/auth/config.php on line 5
[26-Jun-2024 17:05:10 UTC] PHP Notice:  Constant LDAP_SEARCH_BASE already defined in /var/www/auth/config.php on line 6
[26-Jun-2024 17:05:10 UTC] PHP Notice:  Constant DB_SERVER already defined in /var/www/auth/config.php on line 9
[26-Jun-2024 17:05:10 UTC] PHP Notice:  Constant DB_USERNAME already defined in /var/www/auth/config.php on line 10
[26-Jun-2024 17:05:10 UTC] PHP Notice:  Constant DB_PASSWORD already defined in /var/www/auth/config.php on line 11
[26-Jun-2024 17:05:10 UTC] PHP Notice:  Constant DB_NAME already defined in /var/www/auth/config.php on line 12
[26-Jun-2024 17:05:14 UTC] PHP Notice:  Constant LDAP_SERVER already defined in /var/www/auth/config.php on line 3
[26-Jun-2024 17:05:14 UTC] PHP Notice:  Constant LDAP_ADMIN_USER already defined in /var/www/auth/config.php on line 4
[26-Jun-2024 17:05:14 UTC] PHP Notice:  Constant LDAP_ADMIN_PASS already defined in /var/www/auth/config.php on line 5
[26-Jun-2024 17:05:14 UTC] PHP Notice:  Constant LDAP_SEARCH_BASE already defined in /var/www/auth/config.php on line 6
[26-Jun-2024 17:05:14 UTC] PHP Notice:  Constant DB_SERVER already defined in /var/www/auth/config.php on line 9
[26-Jun-2024 17:05:14 UTC] PHP Notice:  Constant DB_USERNAME already defined in /var/www/auth/config.php on line 10
[26-Jun-2024 17:05:14 UTC] PHP Notice:  Constant DB_PASSWORD already defined in /var/www/auth/config.php on line 11
[26-Jun-2024 17:05:14 UTC] PHP Notice:  Constant DB_NAME already defined in /var/www/auth/config.php on line 12
[26-Jun-2024 17:05:20 UTC] PHP Notice:  Constant LDAP_SERVER already defined in /var/www/auth/config.php on line 3
[26-Jun-2024 17:05:20 UTC] PHP Notice:  Constant LDAP_ADMIN_USER already defined in /var/www/auth/config.php on line 4
[26-Jun-2024 17:05:20 UTC] PHP Notice:  Constant LDAP_ADMIN_PASS already defined in /var/www/auth/config.php on line 5
[26-Jun-2024 17:05:20 UTC] PHP Notice:  Constant LDAP_SEARCH_BASE already defined in /var/www/auth/config.php on line 6
[26-Jun-2024 17:05:20 UTC] PHP Notice:  Constant DB_SERVER already defined in /var/www/auth/config.php on line 9
[26-Jun-2024 17:05:20 UTC] PHP Notice:  Constant DB_USERNAME already defined in /var/www/auth/config.php on line 10
[26-Jun-2024 17:05:20 UTC] PHP Notice:  Constant DB_PASSWORD already defined in /var/www/auth/config.php on line 11
[26-Jun-2024 17:05:20 UTC] PHP Notice:  Constant DB_NAME already defined in /var/www/auth/config.php on line 12
[26-Jun-2024 17:32:25 UTC] PHP Notice:  Constant LDAP_SERVER already defined in /var/www/auth/config.php on line 3
[26-Jun-2024 17:32:25 UTC] PHP Notice:  Constant LDAP_ADMIN_USER already defined in /var/www/auth/config.php on line 4
[26-Jun-2024 17:32:25 UTC] PHP Notice:  Constant LDAP_ADMIN_PASS already defined in /var/www/auth/config.php on line 5
[26-Jun-2024 17:32:25 UTC] PHP Notice:  Constant LDAP_SEARCH_BASE already defined in /var/www/auth/config.php on line 6
[26-Jun-2024 17:32:25 UTC] PHP Notice:  Constant DB_SERVER already defined in /var/www/auth/config.php on line 9
[26-Jun-2024 17:32:25 UTC] PHP Notice:  Constant DB_USERNAME already defined in /var/www/auth/config.php on line 10
[26-Jun-2024 17:32:25 UTC] PHP Notice:  Constant DB_PASSWORD already defined in /var/www/auth/config.php on line 11
[26-Jun-2024 17:32:25 UTC] PHP Notice:  Constant DB_NAME already defined in /var/www/auth/config.php on line 12
[26-Jun-2024 17:32:30 UTC] PHP Notice:  Constant LDAP_SERVER already defined in /var/www/auth/config.php on line 3
[26-Jun-2024 17:32:30 UTC] PHP Notice:  Constant LDAP_ADMIN_USER already defined in /var/www/auth/config.php on line 4
[26-Jun-2024 17:32:30 UTC] PHP Notice:  Constant LDAP_ADMIN_PASS already defined in /var/www/auth/config.php on line 5
[26-Jun-2024 17:32:30 UTC] PHP Notice:  Constant LDAP_SEARCH_BASE already defined in /var/www/auth/config.php on line 6
[26-Jun-2024 17:32:30 UTC] PHP Notice:  Constant DB_SERVER already defined in /var/www/auth/config.php on line 9
[26-Jun-2024 17:32:30 UTC] PHP Notice:  Constant DB_USERNAME already defined in /var/www/auth/config.php on line 10
[26-Jun-2024 17:32:30 UTC] PHP Notice:  Constant DB_PASSWORD already defined in /var/www/auth/config.php on line 11
[26-Jun-2024 17:32:30 UTC] PHP Notice:  Constant DB_NAME already defined in /var/www/auth/config.php on line 12
[26-Jun-2024 17:36:39 UTC] PHP Notice:  Constant LDAP_SERVER already defined in /var/www/auth/config.php on line 3
[26-Jun-2024 17:36:39 UTC] PHP Notice:  Constant LDAP_ADMIN_USER already defined in /var/www/auth/config.php on line 4
[26-Jun-2024 17:36:39 UTC] PHP Notice:  Constant LDAP_ADMIN_PASS already defined in /var/www/auth/config.php on line 5
[26-Jun-2024 17:36:39 UTC] PHP Notice:  Constant LDAP_SEARCH_BASE already defined in /var/www/auth/config.php on line 6
[26-Jun-2024 17:36:39 UTC] PHP Notice:  Constant DB_SERVER already defined in /var/www/auth/config.php on line 9
[26-Jun-2024 17:36:39 UTC] PHP Notice:  Constant DB_USERNAME already defined in /var/www/auth/config.php on line 10
[26-Jun-2024 17:36:39 UTC] PHP Notice:  Constant DB_PASSWORD already defined in /var/www/auth/config.php on line 11
[26-Jun-2024 17:36:39 UTC] PHP Notice:  Constant DB_NAME already defined in /var/www/auth/config.php on line 12
[26-Jun-2024 17:36:53 UTC] PHP Warning:  include(auth/session_timeout.php): failed to open stream: No such file or directory in /var/www/auth/admin_dashboard.php on line 3
[26-Jun-2024 17:36:53 UTC] PHP Warning:  include(): Failed opening 'auth/session_timeout.php' for inclusion (include_path='.:/usr/share/php') in /var/www/auth/admin_dashboard.php on line 3
[26-Jun-2024 17:36:59 UTC] PHP Warning:  include(auth/session_timeout.php): failed to open stream: No such file or directory in /var/www/auth/delete_data.php on line 3
[26-Jun-2024 17:36:59 UTC] PHP Warning:  include(): Failed opening 'auth/session_timeout.php' for inclusion (include_path='.:/usr/share/php') in /var/www/auth/delete_data.php on line 3
[26-Jun-2024 17:37:00 UTC] PHP Warning:  include(auth/session_timeout.php): failed to open stream: No such file or directory in /var/www/auth/admin_dashboard.php on line 3
[26-Jun-2024 17:37:00 UTC] PHP Warning:  include(): Failed opening 'auth/session_timeout.php' for inclusion (include_path='.:/usr/share/php') in /var/www/auth/admin_dashboard.php on line 3
[26-Jun-2024 17:37:02 UTC] PHP Warning:  include(auth/session_timeout.php): failed to open stream: No such file or directory in /var/www/auth/delete_data.php on line 3
[26-Jun-2024 17:37:02 UTC] PHP Warning:  include(): Failed opening 'auth/session_timeout.php' for inclusion (include_path='.:/usr/share/php') in /var/www/auth/delete_data.php on line 3
[26-Jun-2024 17:37:04 UTC] PHP Warning:  include(auth/session_timeout.php): failed to open stream: No such file or directory in /var/www/auth/admin_dashboard.php on line 3
[26-Jun-2024 17:37:04 UTC] PHP Warning:  include(): Failed opening 'auth/session_timeout.php' for inclusion (include_path='.:/usr/share/php') in /var/www/auth/admin_dashboard.php on line 3
[26-Jun-2024 17:37:06 UTC] PHP Warning:  include(auth/session_timeout.php): failed to open stream: No such file or directory in /var/www/auth/admin_dashboard.php on line 3
[26-Jun-2024 17:37:06 UTC] PHP Warning:  include(): Failed opening 'auth/session_timeout.php' for inclusion (include_path='.:/usr/share/php') in /var/www/auth/admin_dashboard.php on line 3
[26-Jun-2024 17:37:08 UTC] PHP Notice:  Constant LDAP_SERVER already defined in /var/www/auth/config.php on line 3
[26-Jun-2024 17:37:08 UTC] PHP Notice:  Constant LDAP_ADMIN_USER already defined in /var/www/auth/config.php on line 4
[26-Jun-2024 17:37:08 UTC] PHP Notice:  Constant LDAP_ADMIN_PASS already defined in /var/www/auth/config.php on line 5
[26-Jun-2024 17:37:08 UTC] PHP Notice:  Constant LDAP_SEARCH_BASE already defined in /var/www/auth/config.php on line 6
[26-Jun-2024 17:37:08 UTC] PHP Notice:  Constant DB_SERVER already defined in /var/www/auth/config.php on line 9
[26-Jun-2024 17:37:08 UTC] PHP Notice:  Constant DB_USERNAME already defined in /var/www/auth/config.php on line 10
[26-Jun-2024 17:37:08 UTC] PHP Notice:  Constant DB_PASSWORD already defined in /var/www/auth/config.php on line 11
[26-Jun-2024 17:37:08 UTC] PHP Notice:  Constant DB_NAME already defined in /var/www/auth/config.php on line 12
[26-Jun-2024 17:37:18 UTC] PHP Warning:  include(auth/session_timeout.php): failed to open stream: No such file or directory in /var/www/auth/admin_dashboard.php on line 3
[26-Jun-2024 17:37:18 UTC] PHP Warning:  include(): Failed opening 'auth/session_timeout.php' for inclusion (include_path='.:/usr/share/php') in /var/www/auth/admin_dashboard.php on line 3
[26-Jun-2024 17:37:20 UTC] PHP Notice:  Constant LDAP_SERVER already defined in /var/www/auth/config.php on line 3
[26-Jun-2024 17:37:20 UTC] PHP Notice:  Constant LDAP_ADMIN_USER already defined in /var/www/auth/config.php on line 4
[26-Jun-2024 17:37:20 UTC] PHP Notice:  Constant LDAP_ADMIN_PASS already defined in /var/www/auth/config.php on line 5
[26-Jun-2024 17:37:20 UTC] PHP Notice:  Constant LDAP_SEARCH_BASE already defined in /var/www/auth/config.php on line 6
[26-Jun-2024 17:37:20 UTC] PHP Notice:  Constant DB_SERVER already defined in /var/www/auth/config.php on line 9
[26-Jun-2024 17:37:20 UTC] PHP Notice:  Constant DB_USERNAME already defined in /var/www/auth/config.php on line 10
[26-Jun-2024 17:37:20 UTC] PHP Notice:  Constant DB_PASSWORD already defined in /var/www/auth/config.php on line 11
[26-Jun-2024 17:37:20 UTC] PHP Notice:  Constant DB_NAME already defined in /var/www/auth/config.php on line 12
[26-Jun-2024 17:37:23 UTC] PHP Notice:  Constant LDAP_SERVER already defined in /var/www/auth/config.php on line 3
[26-Jun-2024 17:37:23 UTC] PHP Notice:  Constant LDAP_ADMIN_USER already defined in /var/www/auth/config.php on line 4
[26-Jun-2024 17:37:23 UTC] PHP Notice:  Constant LDAP_ADMIN_PASS already defined in /var/www/auth/config.php on line 5
[26-Jun-2024 17:37:23 UTC] PHP Notice:  Constant LDAP_SEARCH_BASE already defined in /var/www/auth/config.php on line 6
[26-Jun-2024 17:37:23 UTC] PHP Notice:  Constant DB_SERVER already defined in /var/www/auth/config.php on line 9
[26-Jun-2024 17:37:23 UTC] PHP Notice:  Constant DB_USERNAME already defined in /var/www/auth/config.php on line 10
[26-Jun-2024 17:37:23 UTC] PHP Notice:  Constant DB_PASSWORD already defined in /var/www/auth/config.php on line 11
[26-Jun-2024 17:37:23 UTC] PHP Notice:  Constant DB_NAME already defined in /var/www/auth/config.php on line 12
[12-Jul-2024 16:46:19 UTC] PHP Notice:  Constant LDAP_SERVER already defined in /var/www/auth/config.php on line 3
[12-Jul-2024 16:46:19 UTC] PHP Notice:  Constant LDAP_ADMIN_USER already defined in /var/www/auth/config.php on line 4
[12-Jul-2024 16:46:19 UTC] PHP Notice:  Constant LDAP_ADMIN_PASS already defined in /var/www/auth/config.php on line 5
[12-Jul-2024 16:46:19 UTC] PHP Notice:  Constant LDAP_SEARCH_BASE already defined in /var/www/auth/config.php on line 6
[12-Jul-2024 16:46:19 UTC] PHP Notice:  Constant DB_SERVER already defined in /var/www/auth/config.php on line 9
[12-Jul-2024 16:46:19 UTC] PHP Notice:  Constant DB_USERNAME already defined in /var/www/auth/config.php on line 10
[12-Jul-2024 16:46:19 UTC] PHP Notice:  Constant DB_PASSWORD already defined in /var/www/auth/config.php on line 11
[12-Jul-2024 16:46:19 UTC] PHP Notice:  Constant DB_NAME already defined in /var/www/auth/config.php on line 12
[12-Jul-2024 16:46:24 UTC] PHP Notice:  Constant LDAP_SERVER already defined in /var/www/auth/config.php on line 3
[12-Jul-2024 16:46:24 UTC] PHP Notice:  Constant LDAP_ADMIN_USER already defined in /var/www/auth/config.php on line 4
[12-Jul-2024 16:46:24 UTC] PHP Notice:  Constant LDAP_ADMIN_PASS already defined in /var/www/auth/config.php on line 5
[12-Jul-2024 16:46:24 UTC] PHP Notice:  Constant LDAP_SEARCH_BASE already defined in /var/www/auth/config.php on line 6
[12-Jul-2024 16:46:24 UTC] PHP Notice:  Constant DB_SERVER already defined in /var/www/auth/config.php on line 9
[12-Jul-2024 16:46:24 UTC] PHP Notice:  Constant DB_USERNAME already defined in /var/www/auth/config.php on line 10
[12-Jul-2024 16:46:24 UTC] PHP Notice:  Constant DB_PASSWORD already defined in /var/www/auth/config.php on line 11
[12-Jul-2024 16:46:24 UTC] PHP Notice:  Constant DB_NAME already defined in /var/www/auth/config.php on line 12
[12-Jul-2024 16:46:54 UTC] PHP Notice:  Constant LDAP_SERVER already defined in /var/www/auth/config.php on line 3
[12-Jul-2024 16:46:54 UTC] PHP Notice:  Constant LDAP_ADMIN_USER already defined in /var/www/auth/config.php on line 4
[12-Jul-2024 16:46:54 UTC] PHP Notice:  Constant LDAP_ADMIN_PASS already defined in /var/www/auth/config.php on line 5
[12-Jul-2024 16:46:54 UTC] PHP Notice:  Constant LDAP_SEARCH_BASE already defined in /var/www/auth/config.php on line 6
[12-Jul-2024 16:46:54 UTC] PHP Notice:  Constant DB_SERVER already defined in /var/www/auth/config.php on line 9
[12-Jul-2024 16:46:54 UTC] PHP Notice:  Constant DB_USERNAME already defined in /var/www/auth/config.php on line 10
[12-Jul-2024 16:46:54 UTC] PHP Notice:  Constant DB_PASSWORD already defined in /var/www/auth/config.php on line 11
[12-Jul-2024 16:46:54 UTC] PHP Notice:  Constant DB_NAME already defined in /var/www/auth/config.php on line 12
[12-Jul-2024 16:46:58 UTC] PHP Notice:  Constant LDAP_SERVER already defined in /var/www/auth/config.php on line 3
[12-Jul-2024 16:46:58 UTC] PHP Notice:  Constant LDAP_ADMIN_USER already defined in /var/www/auth/config.php on line 4
[12-Jul-2024 16:46:58 UTC] PHP Notice:  Constant LDAP_ADMIN_PASS already defined in /var/www/auth/config.php on line 5
[12-Jul-2024 16:46:58 UTC] PHP Notice:  Constant LDAP_SEARCH_BASE already defined in /var/www/auth/config.php on line 6
[12-Jul-2024 16:46:58 UTC] PHP Notice:  Constant DB_SERVER already defined in /var/www/auth/config.php on line 9
[12-Jul-2024 16:46:58 UTC] PHP Notice:  Constant DB_USERNAME already defined in /var/www/auth/config.php on line 10
[12-Jul-2024 16:46:58 UTC] PHP Notice:  Constant DB_PASSWORD already defined in /var/www/auth/config.php on line 11
[12-Jul-2024 16:46:58 UTC] PHP Notice:  Constant DB_NAME already defined in /var/www/auth/config.php on line 12
[12-Jul-2024 16:51:17 UTC] PHP Notice:  Constant LDAP_SERVER already defined in /var/www/auth/config.php on line 3
[12-Jul-2024 16:51:17 UTC] PHP Notice:  Constant LDAP_ADMIN_USER already defined in /var/www/auth/config.php on line 4
[12-Jul-2024 16:51:17 UTC] PHP Notice:  Constant LDAP_ADMIN_PASS already defined in /var/www/auth/config.php on line 5
[12-Jul-2024 16:51:17 UTC] PHP Notice:  Constant LDAP_SEARCH_BASE already defined in /var/www/auth/config.php on line 6
[12-Jul-2024 16:51:17 UTC] PHP Notice:  Constant DB_SERVER already defined in /var/www/auth/config.php on line 9
[12-Jul-2024 16:51:17 UTC] PHP Notice:  Constant DB_USERNAME already defined in /var/www/auth/config.php on line 10
[12-Jul-2024 16:51:17 UTC] PHP Notice:  Constant DB_PASSWORD already defined in /var/www/auth/config.php on line 11
[12-Jul-2024 16:51:17 UTC] PHP Notice:  Constant DB_NAME already defined in /var/www/auth/config.php on line 12
[12-Jul-2024 17:00:45 UTC] PHP Notice:  Constant LDAP_SERVER already defined in /var/www/auth/config.php on line 3
[12-Jul-2024 17:00:45 UTC] PHP Notice:  Constant LDAP_ADMIN_USER already defined in /var/www/auth/config.php on line 4
[12-Jul-2024 17:00:45 UTC] PHP Notice:  Constant LDAP_ADMIN_PASS already defined in /var/www/auth/config.php on line 5
[12-Jul-2024 17:00:45 UTC] PHP Notice:  Constant LDAP_SEARCH_BASE already defined in /var/www/auth/config.php on line 6
[12-Jul-2024 17:00:45 UTC] PHP Notice:  Constant DB_SERVER already defined in /var/www/auth/config.php on line 9
[12-Jul-2024 17:00:45 UTC] PHP Notice:  Constant DB_USERNAME already defined in /var/www/auth/config.php on line 10
[12-Jul-2024 17:00:45 UTC] PHP Notice:  Constant DB_PASSWORD already defined in /var/www/auth/config.php on line 11
[12-Jul-2024 17:00:45 UTC] PHP Notice:  Constant DB_NAME already defined in /var/www/auth/config.php on line 12
[12-Jul-2024 17:00:58 UTC] PHP Notice:  Constant LDAP_SERVER already defined in /var/www/auth/config.php on line 3
[12-Jul-2024 17:00:58 UTC] PHP Notice:  Constant LDAP_ADMIN_USER already defined in /var/www/auth/config.php on line 4
[12-Jul-2024 17:00:58 UTC] PHP Notice:  Constant LDAP_ADMIN_PASS already defined in /var/www/auth/config.php on line 5
[12-Jul-2024 17:00:58 UTC] PHP Notice:  Constant LDAP_SEARCH_BASE already defined in /var/www/auth/config.php on line 6
[12-Jul-2024 17:00:58 UTC] PHP Notice:  Constant DB_SERVER already defined in /var/www/auth/config.php on line 9
[12-Jul-2024 17:00:58 UTC] PHP Notice:  Constant DB_USERNAME already defined in /var/www/auth/config.php on line 10
[12-Jul-2024 17:00:58 UTC] PHP Notice:  Constant DB_PASSWORD already defined in /var/www/auth/config.php on line 11
[12-Jul-2024 17:00:58 UTC] PHP Notice:  Constant DB_NAME already defined in /var/www/auth/config.php on line 12
[19-Jul-2024 17:47:15 UTC] PHP Warning:  mysqli::__construct(): (HY000/2002): No such file or directory in /var/www/auth/config.php on line 15
[19-Jul-2024 17:51:58 UTC] PHP Warning:  mysqli::__construct(): (HY000/1049): Unknown database 'polyscope' in /var/www/auth/config.php on line 15
[19-Jul-2024 17:52:44 UTC] PHP Notice:  Constant LDAP_SERVER already defined in /var/www/auth/config.php on line 3
[19-Jul-2024 17:52:44 UTC] PHP Notice:  Constant LDAP_ADMIN_USER already defined in /var/www/auth/config.php on line 4
[19-Jul-2024 17:52:44 UTC] PHP Notice:  Constant LDAP_ADMIN_PASS already defined in /var/www/auth/config.php on line 5
[19-Jul-2024 17:52:44 UTC] PHP Notice:  Constant LDAP_SEARCH_BASE already defined in /var/www/auth/config.php on line 6
[19-Jul-2024 17:52:44 UTC] PHP Notice:  Constant DB_SERVER already defined in /var/www/auth/config.php on line 9
[19-Jul-2024 17:52:44 UTC] PHP Notice:  Constant DB_USERNAME already defined in /var/www/auth/config.php on line 10
[19-Jul-2024 17:52:44 UTC] PHP Notice:  Constant DB_PASSWORD already defined in /var/www/auth/config.php on line 11
[19-Jul-2024 17:52:44 UTC] PHP Notice:  Constant DB_NAME already defined in /var/www/auth/config.php on line 12
[19-Jul-2024 17:52:49 UTC] PHP Notice:  Constant LDAP_SERVER already defined in /var/www/auth/config.php on line 3
[19-Jul-2024 17:52:49 UTC] PHP Notice:  Constant LDAP_ADMIN_USER already defined in /var/www/auth/config.php on line 4
[19-Jul-2024 17:52:49 UTC] PHP Notice:  Constant LDAP_ADMIN_PASS already defined in /var/www/auth/config.php on line 5
[19-Jul-2024 17:52:49 UTC] PHP Notice:  Constant LDAP_SEARCH_BASE already defined in /var/www/auth/config.php on line 6
[19-Jul-2024 17:52:49 UTC] PHP Notice:  Constant DB_SERVER already defined in /var/www/auth/config.php on line 9
[19-Jul-2024 17:52:49 UTC] PHP Notice:  Constant DB_USERNAME already defined in /var/www/auth/config.php on line 10
[19-Jul-2024 17:52:49 UTC] PHP Notice:  Constant DB_PASSWORD already defined in /var/www/auth/config.php on line 11
[19-Jul-2024 17:52:49 UTC] PHP Notice:  Constant DB_NAME already defined in /var/www/auth/config.php on line 12
[19-Jul-2024 17:54:20 UTC] PHP Notice:  Constant LDAP_SERVER already defined in /var/www/auth/config.php on line 3
[19-Jul-2024 17:54:20 UTC] PHP Notice:  Constant LDAP_ADMIN_USER already defined in /var/www/auth/config.php on line 4
[19-Jul-2024 17:54:20 UTC] PHP Notice:  Constant LDAP_ADMIN_PASS already defined in /var/www/auth/config.php on line 5
[19-Jul-2024 17:54:20 UTC] PHP Notice:  Constant LDAP_SEARCH_BASE already defined in /var/www/auth/config.php on line 6
[19-Jul-2024 17:54:20 UTC] PHP Notice:  Constant DB_SERVER already defined in /var/www/auth/config.php on line 9
[19-Jul-2024 17:54:20 UTC] PHP Notice:  Constant DB_USERNAME already defined in /var/www/auth/config.php on line 10
[19-Jul-2024 17:54:20 UTC] PHP Notice:  Constant DB_PASSWORD already defined in /var/www/auth/config.php on line 11
[19-Jul-2024 17:54:20 UTC] PHP Notice:  Constant DB_NAME already defined in /var/www/auth/config.php on line 12
[19-Jul-2024 19:06:50 UTC] PHP Notice:  Constant LDAP_SERVER already defined in /var/www/auth/config.php on line 3
[19-Jul-2024 19:06:50 UTC] PHP Notice:  Constant LDAP_ADMIN_USER already defined in /var/www/auth/config.php on line 4
[19-Jul-2024 19:06:50 UTC] PHP Notice:  Constant LDAP_ADMIN_PASS already defined in /var/www/auth/config.php on line 5
[19-Jul-2024 19:06:50 UTC] PHP Notice:  Constant LDAP_SEARCH_BASE already defined in /var/www/auth/config.php on line 6
[19-Jul-2024 19:06:50 UTC] PHP Notice:  Constant DB_SERVER already defined in /var/www/auth/config.php on line 9
[19-Jul-2024 19:06:50 UTC] PHP Notice:  Constant DB_USERNAME already defined in /var/www/auth/config.php on line 10
[19-Jul-2024 19:06:50 UTC] PHP Notice:  Constant DB_PASSWORD already defined in /var/www/auth/config.php on line 11
[19-Jul-2024 19:06:50 UTC] PHP Notice:  Constant DB_NAME already defined in /var/www/auth/config.php on line 12
[19-Jul-2024 19:06:54 UTC] PHP Notice:  Constant LDAP_SERVER already defined in /var/www/auth/config.php on line 3
[19-Jul-2024 19:06:54 UTC] PHP Notice:  Constant LDAP_ADMIN_USER already defined in /var/www/auth/config.php on line 4
[19-Jul-2024 19:06:54 UTC] PHP Notice:  Constant LDAP_ADMIN_PASS already defined in /var/www/auth/config.php on line 5
[19-Jul-2024 19:06:54 UTC] PHP Notice:  Constant LDAP_SEARCH_BASE already defined in /var/www/auth/config.php on line 6
[19-Jul-2024 19:06:54 UTC] PHP Notice:  Constant DB_SERVER already defined in /var/www/auth/config.php on line 9
[19-Jul-2024 19:06:54 UTC] PHP Notice:  Constant DB_USERNAME already defined in /var/www/auth/config.php on line 10
[19-Jul-2024 19:06:54 UTC] PHP Notice:  Constant DB_PASSWORD already defined in /var/www/auth/config.php on line 11
[19-Jul-2024 19:06:54 UTC] PHP Notice:  Constant DB_NAME already defined in /var/www/auth/config.php on line 12
[19-Jul-2024 19:55:11 UTC] PHP Notice:  Constant LDAP_SERVER already defined in /var/www/auth/config.php on line 3
[19-Jul-2024 19:55:11 UTC] PHP Notice:  Constant LDAP_ADMIN_USER already defined in /var/www/auth/config.php on line 4
[19-Jul-2024 19:55:11 UTC] PHP Notice:  Constant LDAP_ADMIN_PASS already defined in /var/www/auth/config.php on line 5
[19-Jul-2024 19:55:11 UTC] PHP Notice:  Constant LDAP_SEARCH_BASE already defined in /var/www/auth/config.php on line 6
[19-Jul-2024 19:55:11 UTC] PHP Notice:  Constant DB_SERVER already defined in /var/www/auth/config.php on line 9
[19-Jul-2024 19:55:11 UTC] PHP Notice:  Constant DB_USERNAME already defined in /var/www/auth/config.php on line 10
[19-Jul-2024 19:55:11 UTC] PHP Notice:  Constant DB_PASSWORD already defined in /var/www/auth/config.php on line 11
[19-Jul-2024 19:55:11 UTC] PHP Notice:  Constant DB_NAME already defined in /var/www/auth/config.php on line 12
[19-Jul-2024 19:55:14 UTC] PHP Notice:  Constant LDAP_SERVER already defined in /var/www/auth/config.php on line 3
[19-Jul-2024 19:55:14 UTC] PHP Notice:  Constant LDAP_ADMIN_USER already defined in /var/www/auth/config.php on line 4
[19-Jul-2024 19:55:14 UTC] PHP Notice:  Constant LDAP_ADMIN_PASS already defined in /var/www/auth/config.php on line 5
[19-Jul-2024 19:55:14 UTC] PHP Notice:  Constant LDAP_SEARCH_BASE already defined in /var/www/auth/config.php on line 6
[19-Jul-2024 19:55:14 UTC] PHP Notice:  Constant DB_SERVER already defined in /var/www/auth/config.php on line 9
[19-Jul-2024 19:55:14 UTC] PHP Notice:  Constant DB_USERNAME already defined in /var/www/auth/config.php on line 10
[19-Jul-2024 19:55:14 UTC] PHP Notice:  Constant DB_PASSWORD already defined in /var/www/auth/config.php on line 11
[19-Jul-2024 19:55:14 UTC] PHP Notice:  Constant DB_NAME already defined in /var/www/auth/config.php on line 12
[19-Jul-2024 20:44:37 UTC] PHP Notice:  Constant LDAP_SERVER already defined in /var/www/auth/config.php on line 3
[19-Jul-2024 20:44:37 UTC] PHP Notice:  Constant LDAP_ADMIN_USER already defined in /var/www/auth/config.php on line 4
[19-Jul-2024 20:44:37 UTC] PHP Notice:  Constant LDAP_ADMIN_PASS already defined in /var/www/auth/config.php on line 5
[19-Jul-2024 20:44:37 UTC] PHP Notice:  Constant LDAP_SEARCH_BASE already defined in /var/www/auth/config.php on line 6
[19-Jul-2024 20:44:37 UTC] PHP Notice:  Constant DB_SERVER already defined in /var/www/auth/config.php on line 9
[19-Jul-2024 20:44:37 UTC] PHP Notice:  Constant DB_USERNAME already defined in /var/www/auth/config.php on line 10
[19-Jul-2024 20:44:37 UTC] PHP Notice:  Constant DB_PASSWORD already defined in /var/www/auth/config.php on line 11
[19-Jul-2024 20:44:37 UTC] PHP Notice:  Constant DB_NAME already defined in /var/www/auth/config.php on line 12
[19-Jul-2024 20:44:41 UTC] PHP Notice:  Constant LDAP_SERVER already defined in /var/www/auth/config.php on line 3
[19-Jul-2024 20:44:41 UTC] PHP Notice:  Constant LDAP_ADMIN_USER already defined in /var/www/auth/config.php on line 4
[19-Jul-2024 20:44:41 UTC] PHP Notice:  Constant LDAP_ADMIN_PASS already defined in /var/www/auth/config.php on line 5
[19-Jul-2024 20:44:41 UTC] PHP Notice:  Constant LDAP_SEARCH_BASE already defined in /var/www/auth/config.php on line 6
[19-Jul-2024 20:44:41 UTC] PHP Notice:  Constant DB_SERVER already defined in /var/www/auth/config.php on line 9
[19-Jul-2024 20:44:41 UTC] PHP Notice:  Constant DB_USERNAME already defined in /var/www/auth/config.php on line 10
[19-Jul-2024 20:44:41 UTC] PHP Notice:  Constant DB_PASSWORD already defined in /var/www/auth/config.php on line 11
[19-Jul-2024 20:44:41 UTC] PHP Notice:  Constant DB_NAME already defined in /var/www/auth/config.php on line 12
[19-Jul-2024 20:55:57 UTC] PHP Notice:  Constant LDAP_SERVER already defined in /var/www/auth/config.php on line 3
[19-Jul-2024 20:55:57 UTC] PHP Notice:  Constant LDAP_ADMIN_USER already defined in /var/www/auth/config.php on line 4
[19-Jul-2024 20:55:57 UTC] PHP Notice:  Constant LDAP_ADMIN_PASS already defined in /var/www/auth/config.php on line 5
[19-Jul-2024 20:55:57 UTC] PHP Notice:  Constant LDAP_SEARCH_BASE already defined in /var/www/auth/config.php on line 6
[19-Jul-2024 20:55:57 UTC] PHP Notice:  Constant DB_SERVER already defined in /var/www/auth/config.php on line 9
[19-Jul-2024 20:55:57 UTC] PHP Notice:  Constant DB_USERNAME already defined in /var/www/auth/config.php on line 10
[19-Jul-2024 20:55:57 UTC] PHP Notice:  Constant DB_PASSWORD already defined in /var/www/auth/config.php on line 11
[19-Jul-2024 20:55:57 UTC] PHP Notice:  Constant DB_NAME already defined in /var/www/auth/config.php on line 12
[19-Jul-2024 20:56:01 UTC] PHP Notice:  Constant LDAP_SERVER already defined in /var/www/auth/config.php on line 3
[19-Jul-2024 20:56:01 UTC] PHP Notice:  Constant LDAP_ADMIN_USER already defined in /var/www/auth/config.php on line 4
[19-Jul-2024 20:56:01 UTC] PHP Notice:  Constant LDAP_ADMIN_PASS already defined in /var/www/auth/config.php on line 5
[19-Jul-2024 20:56:01 UTC] PHP Notice:  Constant LDAP_SEARCH_BASE already defined in /var/www/auth/config.php on line 6
[19-Jul-2024 20:56:01 UTC] PHP Notice:  Constant DB_SERVER already defined in /var/www/auth/config.php on line 9
[19-Jul-2024 20:56:01 UTC] PHP Notice:  Constant DB_USERNAME already defined in /var/www/auth/config.php on line 10
[19-Jul-2024 20:56:01 UTC] PHP Notice:  Constant DB_PASSWORD already defined in /var/www/auth/config.php on line 11
[19-Jul-2024 20:56:01 UTC] PHP Notice:  Constant DB_NAME already defined in /var/www/auth/config.php on line 12
[19-Jul-2024 22:16:31 UTC] PHP Notice:  Constant LDAP_SERVER already defined in /var/www/auth/config.php on line 3
[19-Jul-2024 22:16:31 UTC] PHP Notice:  Constant LDAP_ADMIN_USER already defined in /var/www/auth/config.php on line 4
[19-Jul-2024 22:16:31 UTC] PHP Notice:  Constant LDAP_ADMIN_PASS already defined in /var/www/auth/config.php on line 5
[19-Jul-2024 22:16:31 UTC] PHP Notice:  Constant LDAP_SEARCH_BASE already defined in /var/www/auth/config.php on line 6
[19-Jul-2024 22:16:31 UTC] PHP Notice:  Constant DB_SERVER already defined in /var/www/auth/config.php on line 9
[19-Jul-2024 22:16:31 UTC] PHP Notice:  Constant DB_USERNAME already defined in /var/www/auth/config.php on line 10
[19-Jul-2024 22:16:31 UTC] PHP Notice:  Constant DB_PASSWORD already defined in /var/www/auth/config.php on line 11
[19-Jul-2024 22:16:31 UTC] PHP Notice:  Constant DB_NAME already defined in /var/www/auth/config.php on line 12
[19-Jul-2024 22:16:35 UTC] PHP Notice:  Constant LDAP_SERVER already defined in /var/www/auth/config.php on line 3
[19-Jul-2024 22:16:35 UTC] PHP Notice:  Constant LDAP_ADMIN_USER already defined in /var/www/auth/config.php on line 4
[19-Jul-2024 22:16:35 UTC] PHP Notice:  Constant LDAP_ADMIN_PASS already defined in /var/www/auth/config.php on line 5
[19-Jul-2024 22:16:35 UTC] PHP Notice:  Constant LDAP_SEARCH_BASE already defined in /var/www/auth/config.php on line 6
[19-Jul-2024 22:16:35 UTC] PHP Notice:  Constant DB_SERVER already defined in /var/www/auth/config.php on line 9
[19-Jul-2024 22:16:35 UTC] PHP Notice:  Constant DB_USERNAME already defined in /var/www/auth/config.php on line 10
[19-Jul-2024 22:16:35 UTC] PHP Notice:  Constant DB_PASSWORD already defined in /var/www/auth/config.php on line 11
[19-Jul-2024 22:16:35 UTC] PHP Notice:  Constant DB_NAME already defined in /var/www/auth/config.php on line 12
[31-Oct-2024 16:38:22 UTC] PHP Warning:  mysqli::__construct(): (HY000/2002): No such file or directory in /var/www/auth/config.php on line 15
[31-Oct-2024 16:40:41 UTC] PHP Notice:  Constant LDAP_SERVER already defined in /var/www/auth/config.php on line 3
[31-Oct-2024 16:40:41 UTC] PHP Notice:  Constant LDAP_ADMIN_USER already defined in /var/www/auth/config.php on line 4
[31-Oct-2024 16:40:41 UTC] PHP Notice:  Constant LDAP_ADMIN_PASS already defined in /var/www/auth/config.php on line 5
[31-Oct-2024 16:40:41 UTC] PHP Notice:  Constant LDAP_SEARCH_BASE already defined in /var/www/auth/config.php on line 6
[31-Oct-2024 16:40:41 UTC] PHP Notice:  Constant DB_SERVER already defined in /var/www/auth/config.php on line 9
[31-Oct-2024 16:40:41 UTC] PHP Notice:  Constant DB_USERNAME already defined in /var/www/auth/config.php on line 10
[31-Oct-2024 16:40:41 UTC] PHP Notice:  Constant DB_PASSWORD already defined in /var/www/auth/config.php on line 11
[31-Oct-2024 16:40:41 UTC] PHP Notice:  Constant DB_NAME already defined in /var/www/auth/config.php on line 12
[31-Oct-2024 16:40:45 UTC] PHP Notice:  Constant LDAP_SERVER already defined in /var/www/auth/config.php on line 3
[31-Oct-2024 16:40:45 UTC] PHP Notice:  Constant LDAP_ADMIN_USER already defined in /var/www/auth/config.php on line 4
[31-Oct-2024 16:40:45 UTC] PHP Notice:  Constant LDAP_ADMIN_PASS already defined in /var/www/auth/config.php on line 5
[31-Oct-2024 16:40:45 UTC] PHP Notice:  Constant LDAP_SEARCH_BASE already defined in /var/www/auth/config.php on line 6
[31-Oct-2024 16:40:45 UTC] PHP Notice:  Constant DB_SERVER already defined in /var/www/auth/config.php on line 9
[31-Oct-2024 16:40:45 UTC] PHP Notice:  Constant DB_USERNAME already defined in /var/www/auth/config.php on line 10
[31-Oct-2024 16:40:45 UTC] PHP Notice:  Constant DB_PASSWORD already defined in /var/www/auth/config.php on line 11
[31-Oct-2024 16:40:45 UTC] PHP Notice:  Constant DB_NAME already defined in /var/www/auth/config.php on line 12
[31-Oct-2024 16:40:53 UTC] PHP Notice:  Constant LDAP_SERVER already defined in /var/www/auth/config.php on line 3
[31-Oct-2024 16:40:53 UTC] PHP Notice:  Constant LDAP_ADMIN_USER already defined in /var/www/auth/config.php on line 4
[31-Oct-2024 16:40:53 UTC] PHP Notice:  Constant LDAP_ADMIN_PASS already defined in /var/www/auth/config.php on line 5
[31-Oct-2024 16:40:53 UTC] PHP Notice:  Constant LDAP_SEARCH_BASE already defined in /var/www/auth/config.php on line 6
[31-Oct-2024 16:40:53 UTC] PHP Notice:  Constant DB_SERVER already defined in /var/www/auth/config.php on line 9
[31-Oct-2024 16:40:53 UTC] PHP Notice:  Constant DB_USERNAME already defined in /var/www/auth/config.php on line 10
[31-Oct-2024 16:40:53 UTC] PHP Notice:  Constant DB_PASSWORD already defined in /var/www/auth/config.php on line 11
[31-Oct-2024 16:40:53 UTC] PHP Notice:  Constant DB_NAME already defined in /var/www/auth/config.php on line 12
[31-Oct-2024 16:41:47 UTC] PHP Notice:  Constant LDAP_SERVER already defined in /var/www/auth/config.php on line 3
[31-Oct-2024 16:41:47 UTC] PHP Notice:  Constant LDAP_ADMIN_USER already defined in /var/www/auth/config.php on line 4
[31-Oct-2024 16:41:47 UTC] PHP Notice:  Constant LDAP_ADMIN_PASS already defined in /var/www/auth/config.php on line 5
[31-Oct-2024 16:41:47 UTC] PHP Notice:  Constant LDAP_SEARCH_BASE already defined in /var/www/auth/config.php on line 6
[31-Oct-2024 16:41:47 UTC] PHP Notice:  Constant DB_SERVER already defined in /var/www/auth/config.php on line 9
[31-Oct-2024 16:41:47 UTC] PHP Notice:  Constant DB_USERNAME already defined in /var/www/auth/config.php on line 10
[31-Oct-2024 16:41:47 UTC] PHP Notice:  Constant DB_PASSWORD already defined in /var/www/auth/config.php on line 11
[31-Oct-2024 16:41:47 UTC] PHP Notice:  Constant DB_NAME already defined in /var/www/auth/config.php on line 12
[31-Oct-2024 16:47:14 UTC] PHP Notice:  Use of undefined constant PASSWORD_ARGON2ID - assumed 'PASSWORD_ARGON2ID' in /var/www/auth/signup.php on line 76
[31-Oct-2024 16:47:14 UTC] PHP Warning:  password_hash() expects parameter 2 to be integer, string given in /var/www/auth/signup.php on line 76
[31-Oct-2024 16:47:14 UTC] Failed to create account for user: admin
[31-Oct-2024 16:47:33 UTC] PHP Notice:  Use of undefined constant PASSWORD_ARGON2ID - assumed 'PASSWORD_ARGON2ID' in /var/www/auth/signup.php on line 76
[31-Oct-2024 16:47:33 UTC] PHP Warning:  password_hash() expects parameter 2 to be integer, string given in /var/www/auth/signup.php on line 76
[31-Oct-2024 16:47:33 UTC] Failed to create account for user: admin
[31-Oct-2024 16:48:02 UTC] PHP Notice:  Use of undefined constant PASSWORD_ARGON2ID - assumed 'PASSWORD_ARGON2ID' in /var/www/auth/signup.php on line 76
[31-Oct-2024 16:48:02 UTC] PHP Warning:  password_hash() expects parameter 2 to be integer, string given in /var/www/auth/signup.php on line 76
[31-Oct-2024 16:48:02 UTC] Failed to create account for user: admin
[31-Oct-2024 16:49:24 UTC] PHP Notice:  Use of undefined constant PASSWORD_ARGON2ID - assumed 'PASSWORD_ARGON2ID' in /var/www/auth/signup.php on line 76
[31-Oct-2024 16:49:24 UTC] PHP Warning:  password_hash() expects parameter 2 to be integer, string given in /var/www/auth/signup.php on line 76
[31-Oct-2024 16:49:24 UTC] Failed to create account for user: john_doe123
[31-Oct-2024 16:50:45 UTC] Database connection successful
[31-Oct-2024 16:50:45 UTC] PHP Notice:  Use of undefined constant PASSWORD_ARGON2ID - assumed 'PASSWORD_ARGON2ID' in /var/www/auth/signup.php on line 85
[31-Oct-2024 16:50:45 UTC] PHP Warning:  password_hash() expects parameter 2 to be integer, string given in /var/www/auth/signup.php on line 85
[31-Oct-2024 16:50:45 UTC] Failed to create account for user: john_doe123
[31-Oct-2024 16:50:59 UTC] Database connection successful
[31-Oct-2024 16:50:59 UTC] PHP Notice:  Use of undefined constant PASSWORD_ARGON2ID - assumed 'PASSWORD_ARGON2ID' in /var/www/auth/signup.php on line 85
[31-Oct-2024 16:50:59 UTC] PHP Warning:  password_hash() expects parameter 2 to be integer, string given in /var/www/auth/signup.php on line 85
[31-Oct-2024 16:50:59 UTC] Failed to create account for user: john_doe123
[31-Oct-2024 16:51:24 UTC] Database connection successful
[31-Oct-2024 16:51:24 UTC] PHP Notice:  Use of undefined constant PASSWORD_ARGON2ID - assumed 'PASSWORD_ARGON2ID' in /var/www/auth/signup.php on line 85
[31-Oct-2024 16:51:24 UTC] PHP Warning:  password_hash() expects parameter 2 to be integer, string given in /var/www/auth/signup.php on line 85
[31-Oct-2024 16:51:24 UTC] Failed to create account for user: john_doe123
[31-Oct-2024 16:52:13 UTC] PHP Notice:  Use of undefined constant PASSWORD_ARGON2ID - assumed 'PASSWORD_ARGON2ID' in /var/www/auth/signup.php on line 76
[31-Oct-2024 16:52:13 UTC] PHP Warning:  password_hash() expects parameter 2 to be integer, string given in /var/www/auth/signup.php on line 76
[31-Oct-2024 16:52:13 UTC] Failed to create account for user: john_doe123
[31-Oct-2024 16:52:25 UTC] PHP Notice:  Use of undefined constant PASSWORD_ARGON2ID - assumed 'PASSWORD_ARGON2ID' in /var/www/auth/signup.php on line 76
[31-Oct-2024 16:52:25 UTC] PHP Warning:  password_hash() expects parameter 2 to be integer, string given in /var/www/auth/signup.php on line 76
[31-Oct-2024 16:52:25 UTC] Failed to create account for user: admin
[31-Oct-2024 16:53:00 UTC] PHP Notice:  Constant LDAP_SERVER already defined in /var/www/auth/config.php on line 3
[31-Oct-2024 16:53:00 UTC] PHP Notice:  Constant LDAP_ADMIN_USER already defined in /var/www/auth/config.php on line 4
[31-Oct-2024 16:53:00 UTC] PHP Notice:  Constant LDAP_ADMIN_PASS already defined in /var/www/auth/config.php on line 5
[31-Oct-2024 16:53:00 UTC] PHP Notice:  Constant LDAP_SEARCH_BASE already defined in /var/www/auth/config.php on line 6
[31-Oct-2024 16:53:00 UTC] PHP Notice:  Constant DB_SERVER already defined in /var/www/auth/config.php on line 9
[31-Oct-2024 16:53:00 UTC] PHP Notice:  Constant DB_USERNAME already defined in /var/www/auth/config.php on line 10
[31-Oct-2024 16:53:00 UTC] PHP Notice:  Constant DB_PASSWORD already defined in /var/www/auth/config.php on line 11
[31-Oct-2024 16:53:00 UTC] PHP Notice:  Constant DB_NAME already defined in /var/www/auth/config.php on line 12
[31-Oct-2024 16:53:20 UTC] PHP Notice:  Constant LDAP_SERVER already defined in /var/www/auth/config.php on line 3
[31-Oct-2024 16:53:20 UTC] PHP Notice:  Constant LDAP_ADMIN_USER already defined in /var/www/auth/config.php on line 4
[31-Oct-2024 16:53:20 UTC] PHP Notice:  Constant LDAP_ADMIN_PASS already defined in /var/www/auth/config.php on line 5
[31-Oct-2024 16:53:20 UTC] PHP Notice:  Constant LDAP_SEARCH_BASE already defined in /var/www/auth/config.php on line 6
[31-Oct-2024 16:53:20 UTC] PHP Notice:  Constant DB_SERVER already defined in /var/www/auth/config.php on line 9
[31-Oct-2024 16:53:20 UTC] PHP Notice:  Constant DB_USERNAME already defined in /var/www/auth/config.php on line 10
[31-Oct-2024 16:53:20 UTC] PHP Notice:  Constant DB_PASSWORD already defined in /var/www/auth/config.php on line 11
[31-Oct-2024 16:53:20 UTC] PHP Notice:  Constant DB_NAME already defined in /var/www/auth/config.php on line 12
[31-Oct-2024 16:53:21 UTC] PHP Notice:  Constant LDAP_SERVER already defined in /var/www/auth/config.php on line 3
[31-Oct-2024 16:53:21 UTC] PHP Notice:  Constant LDAP_ADMIN_USER already defined in /var/www/auth/config.php on line 4
[31-Oct-2024 16:53:21 UTC] PHP Notice:  Constant LDAP_ADMIN_PASS already defined in /var/www/auth/config.php on line 5
[31-Oct-2024 16:53:21 UTC] PHP Notice:  Constant LDAP_SEARCH_BASE already defined in /var/www/auth/config.php on line 6
[31-Oct-2024 16:53:21 UTC] PHP Notice:  Constant DB_SERVER already defined in /var/www/auth/config.php on line 9
[31-Oct-2024 16:53:21 UTC] PHP Notice:  Constant DB_USERNAME already defined in /var/www/auth/config.php on line 10
[31-Oct-2024 16:53:21 UTC] PHP Notice:  Constant DB_PASSWORD already defined in /var/www/auth/config.php on line 11
[31-Oct-2024 16:53:21 UTC] PHP Notice:  Constant DB_NAME already defined in /var/www/auth/config.php on line 12
[31-Oct-2024 16:57:35 UTC] PHP Notice:  Array to string conversion in /var/www/auth/signup.php on line 105
[31-Oct-2024 16:57:42 UTC] PHP Notice:  Constant LDAP_SERVER already defined in /var/www/auth/config.php on line 3
[31-Oct-2024 16:57:42 UTC] PHP Notice:  Constant LDAP_ADMIN_USER already defined in /var/www/auth/config.php on line 4
[31-Oct-2024 16:57:42 UTC] PHP Notice:  Constant LDAP_ADMIN_PASS already defined in /var/www/auth/config.php on line 5
[31-Oct-2024 16:57:42 UTC] PHP Notice:  Constant LDAP_SEARCH_BASE already defined in /var/www/auth/config.php on line 6
[31-Oct-2024 16:57:42 UTC] PHP Notice:  Constant DB_SERVER already defined in /var/www/auth/config.php on line 9
[31-Oct-2024 16:57:42 UTC] PHP Notice:  Constant DB_USERNAME already defined in /var/www/auth/config.php on line 10
[31-Oct-2024 16:57:42 UTC] PHP Notice:  Constant DB_PASSWORD already defined in /var/www/auth/config.php on line 11
[31-Oct-2024 16:57:42 UTC] PHP Notice:  Constant DB_NAME already defined in /var/www/auth/config.php on line 12
[31-Oct-2024 17:04:59 UTC] PHP Notice:  Constant LDAP_SERVER already defined in /var/www/auth/config.php on line 3
[31-Oct-2024 17:04:59 UTC] PHP Notice:  Constant LDAP_ADMIN_USER already defined in /var/www/auth/config.php on line 4
[31-Oct-2024 17:04:59 UTC] PHP Notice:  Constant LDAP_ADMIN_PASS already defined in /var/www/auth/config.php on line 5
[31-Oct-2024 17:04:59 UTC] PHP Notice:  Constant LDAP_SEARCH_BASE already defined in /var/www/auth/config.php on line 6
[31-Oct-2024 17:04:59 UTC] PHP Notice:  Constant DB_SERVER already defined in /var/www/auth/config.php on line 9
[31-Oct-2024 17:04:59 UTC] PHP Notice:  Constant DB_USERNAME already defined in /var/www/auth/config.php on line 10
[31-Oct-2024 17:04:59 UTC] PHP Notice:  Constant DB_PASSWORD already defined in /var/www/auth/config.php on line 11
[31-Oct-2024 17:04:59 UTC] PHP Notice:  Constant DB_NAME already defined in /var/www/auth/config.php on line 12
[31-Oct-2024 17:04:59 UTC] PHP Notice:  Array to string conversion in /var/www/auth/login.php on line 27
[31-Oct-2024 17:05:01 UTC] PHP Notice:  Constant LDAP_SERVER already defined in /var/www/auth/config.php on line 3
[31-Oct-2024 17:05:01 UTC] PHP Notice:  Constant LDAP_ADMIN_USER already defined in /var/www/auth/config.php on line 4
[31-Oct-2024 17:05:01 UTC] PHP Notice:  Constant LDAP_ADMIN_PASS already defined in /var/www/auth/config.php on line 5
[31-Oct-2024 17:05:01 UTC] PHP Notice:  Constant LDAP_SEARCH_BASE already defined in /var/www/auth/config.php on line 6
[31-Oct-2024 17:05:01 UTC] PHP Notice:  Constant DB_SERVER already defined in /var/www/auth/config.php on line 9
[31-Oct-2024 17:05:01 UTC] PHP Notice:  Constant DB_USERNAME already defined in /var/www/auth/config.php on line 10
[31-Oct-2024 17:05:01 UTC] PHP Notice:  Constant DB_PASSWORD already defined in /var/www/auth/config.php on line 11
[31-Oct-2024 17:05:01 UTC] PHP Notice:  Constant DB_NAME already defined in /var/www/auth/config.php on line 12
[31-Oct-2024 17:05:01 UTC] PHP Notice:  Array to string conversion in /var/www/auth/login.php on line 27
[31-Oct-2024 17:05:04 UTC] PHP Notice:  Constant LDAP_SERVER already defined in /var/www/auth/config.php on line 3
[31-Oct-2024 17:05:04 UTC] PHP Notice:  Constant LDAP_ADMIN_USER already defined in /var/www/auth/config.php on line 4
[31-Oct-2024 17:05:04 UTC] PHP Notice:  Constant LDAP_ADMIN_PASS already defined in /var/www/auth/config.php on line 5
[31-Oct-2024 17:05:04 UTC] PHP Notice:  Constant LDAP_SEARCH_BASE already defined in /var/www/auth/config.php on line 6
[31-Oct-2024 17:05:04 UTC] PHP Notice:  Constant DB_SERVER already defined in /var/www/auth/config.php on line 9
[31-Oct-2024 17:05:04 UTC] PHP Notice:  Constant DB_USERNAME already defined in /var/www/auth/config.php on line 10
[31-Oct-2024 17:05:04 UTC] PHP Notice:  Constant DB_PASSWORD already defined in /var/www/auth/config.php on line 11
[31-Oct-2024 17:05:04 UTC] PHP Notice:  Constant DB_NAME already defined in /var/www/auth/config.php on line 12
[31-Oct-2024 17:05:04 UTC] PHP Notice:  Array to string conversion in /var/www/auth/login.php on line 27
[31-Oct-2024 17:05:06 UTC] PHP Notice:  Constant LDAP_SERVER already defined in /var/www/auth/config.php on line 3
[31-Oct-2024 17:05:06 UTC] PHP Notice:  Constant LDAP_ADMIN_USER already defined in /var/www/auth/config.php on line 4
[31-Oct-2024 17:05:06 UTC] PHP Notice:  Constant LDAP_ADMIN_PASS already defined in /var/www/auth/config.php on line 5
[31-Oct-2024 17:05:06 UTC] PHP Notice:  Constant LDAP_SEARCH_BASE already defined in /var/www/auth/config.php on line 6
[31-Oct-2024 17:05:06 UTC] PHP Notice:  Constant DB_SERVER already defined in /var/www/auth/config.php on line 9
[31-Oct-2024 17:05:06 UTC] PHP Notice:  Constant DB_USERNAME already defined in /var/www/auth/config.php on line 10
[31-Oct-2024 17:05:06 UTC] PHP Notice:  Constant DB_PASSWORD already defined in /var/www/auth/config.php on line 11
[31-Oct-2024 17:05:06 UTC] PHP Notice:  Constant DB_NAME already defined in /var/www/auth/config.php on line 12
[31-Oct-2024 17:05:06 UTC] PHP Notice:  Array to string conversion in /var/www/auth/login.php on line 27
[31-Oct-2024 17:05:10 UTC] PHP Notice:  Constant LDAP_SERVER already defined in /var/www/auth/config.php on line 3
[31-Oct-2024 17:05:10 UTC] PHP Notice:  Constant LDAP_ADMIN_USER already defined in /var/www/auth/config.php on line 4
[31-Oct-2024 17:05:10 UTC] PHP Notice:  Constant LDAP_ADMIN_PASS already defined in /var/www/auth/config.php on line 5
[31-Oct-2024 17:05:10 UTC] PHP Notice:  Constant LDAP_SEARCH_BASE already defined in /var/www/auth/config.php on line 6
[31-Oct-2024 17:05:10 UTC] PHP Notice:  Constant DB_SERVER already defined in /var/www/auth/config.php on line 9
[31-Oct-2024 17:05:10 UTC] PHP Notice:  Constant DB_USERNAME already defined in /var/www/auth/config.php on line 10
[31-Oct-2024 17:05:10 UTC] PHP Notice:  Constant DB_PASSWORD already defined in /var/www/auth/config.php on line 11
[31-Oct-2024 17:05:10 UTC] PHP Notice:  Constant DB_NAME already defined in /var/www/auth/config.php on line 12
[31-Oct-2024 17:05:10 UTC] PHP Notice:  Array to string conversion in /var/www/auth/login.php on line 27
[31-Oct-2024 17:05:14 UTC] PHP Notice:  Constant LDAP_SERVER already defined in /var/www/auth/config.php on line 3
[31-Oct-2024 17:05:14 UTC] PHP Notice:  Constant LDAP_ADMIN_USER already defined in /var/www/auth/config.php on line 4
[31-Oct-2024 17:05:14 UTC] PHP Notice:  Constant LDAP_ADMIN_PASS already defined in /var/www/auth/config.php on line 5
[31-Oct-2024 17:05:14 UTC] PHP Notice:  Constant LDAP_SEARCH_BASE already defined in /var/www/auth/config.php on line 6
[31-Oct-2024 17:05:14 UTC] PHP Notice:  Constant DB_SERVER already defined in /var/www/auth/config.php on line 9
[31-Oct-2024 17:05:14 UTC] PHP Notice:  Constant DB_USERNAME already defined in /var/www/auth/config.php on line 10
[31-Oct-2024 17:05:14 UTC] PHP Notice:  Constant DB_PASSWORD already defined in /var/www/auth/config.php on line 11
[31-Oct-2024 17:05:14 UTC] PHP Notice:  Constant DB_NAME already defined in /var/www/auth/config.php on line 12
[31-Oct-2024 17:05:14 UTC] PHP Notice:  Array to string conversion in /var/www/auth/login.php on line 27
[31-Oct-2024 17:05:20 UTC] PHP Notice:  Constant LDAP_SERVER already defined in /var/www/auth/config.php on line 3
[31-Oct-2024 17:05:20 UTC] PHP Notice:  Constant LDAP_ADMIN_USER already defined in /var/www/auth/config.php on line 4
[31-Oct-2024 17:05:20 UTC] PHP Notice:  Constant LDAP_ADMIN_PASS already defined in /var/www/auth/config.php on line 5
[31-Oct-2024 17:05:20 UTC] PHP Notice:  Constant LDAP_SEARCH_BASE already defined in /var/www/auth/config.php on line 6
[31-Oct-2024 17:05:20 UTC] PHP Notice:  Constant DB_SERVER already defined in /var/www/auth/config.php on line 9
[31-Oct-2024 17:05:20 UTC] PHP Notice:  Constant DB_USERNAME already defined in /var/www/auth/config.php on line 10
[31-Oct-2024 17:05:20 UTC] PHP Notice:  Constant DB_PASSWORD already defined in /var/www/auth/config.php on line 11
[31-Oct-2024 17:05:20 UTC] PHP Notice:  Constant DB_NAME already defined in /var/www/auth/config.php on line 12
[31-Oct-2024 17:05:20 UTC] PHP Notice:  Array to string conversion in /var/www/auth/login.php on line 27
[31-Oct-2024 17:12:55 UTC] PHP Notice:  Constant LDAP_SERVER already defined in /var/www/auth/config.php on line 3
[31-Oct-2024 17:12:55 UTC] PHP Notice:  Constant LDAP_ADMIN_USER already defined in /var/www/auth/config.php on line 4
[31-Oct-2024 17:12:55 UTC] PHP Notice:  Constant LDAP_ADMIN_PASS already defined in /var/www/auth/config.php on line 5
[31-Oct-2024 17:12:55 UTC] PHP Notice:  Constant LDAP_SEARCH_BASE already defined in /var/www/auth/config.php on line 6
[31-Oct-2024 17:12:55 UTC] PHP Notice:  Constant DB_SERVER already defined in /var/www/auth/config.php on line 9
[31-Oct-2024 17:12:55 UTC] PHP Notice:  Constant DB_USERNAME already defined in /var/www/auth/config.php on line 10
[31-Oct-2024 17:12:55 UTC] PHP Notice:  Constant DB_PASSWORD already defined in /var/www/auth/config.php on line 11
[31-Oct-2024 17:12:55 UTC] PHP Notice:  Constant DB_NAME already defined in /var/www/auth/config.php on line 12
[31-Oct-2024 17:13:08 UTC] PHP Notice:  Constant LDAP_SERVER already defined in /var/www/auth/config.php on line 3
[31-Oct-2024 17:13:08 UTC] PHP Notice:  Constant LDAP_ADMIN_USER already defined in /var/www/auth/config.php on line 4
[31-Oct-2024 17:13:08 UTC] PHP Notice:  Constant LDAP_ADMIN_PASS already defined in /var/www/auth/config.php on line 5
[31-Oct-2024 17:13:08 UTC] PHP Notice:  Constant LDAP_SEARCH_BASE already defined in /var/www/auth/config.php on line 6
[31-Oct-2024 17:13:08 UTC] PHP Notice:  Constant DB_SERVER already defined in /var/www/auth/config.php on line 9
[31-Oct-2024 17:13:08 UTC] PHP Notice:  Constant DB_USERNAME already defined in /var/www/auth/config.php on line 10
[31-Oct-2024 17:13:08 UTC] PHP Notice:  Constant DB_PASSWORD already defined in /var/www/auth/config.php on line 11
[31-Oct-2024 17:13:08 UTC] PHP Notice:  Constant DB_NAME already defined in /var/www/auth/config.php on line 12
[31-Oct-2024 17:13:10 UTC] PHP Notice:  Constant LDAP_SERVER already defined in /var/www/auth/config.php on line 3
[31-Oct-2024 17:13:10 UTC] PHP Notice:  Constant LDAP_ADMIN_USER already defined in /var/www/auth/config.php on line 4
[31-Oct-2024 17:13:10 UTC] PHP Notice:  Constant LDAP_ADMIN_PASS already defined in /var/www/auth/config.php on line 5
[31-Oct-2024 17:13:10 UTC] PHP Notice:  Constant LDAP_SEARCH_BASE already defined in /var/www/auth/config.php on line 6
[31-Oct-2024 17:13:10 UTC] PHP Notice:  Constant DB_SERVER already defined in /var/www/auth/config.php on line 9
[31-Oct-2024 17:13:10 UTC] PHP Notice:  Constant DB_USERNAME already defined in /var/www/auth/config.php on line 10
[31-Oct-2024 17:13:10 UTC] PHP Notice:  Constant DB_PASSWORD already defined in /var/www/auth/config.php on line 11
[31-Oct-2024 17:13:10 UTC] PHP Notice:  Constant DB_NAME already defined in /var/www/auth/config.php on line 12
[31-Oct-2024 17:17:42 UTC] PHP Notice:  Constant LDAP_SERVER already defined in /var/www/auth/config.php on line 3
[31-Oct-2024 17:17:42 UTC] PHP Notice:  Constant LDAP_ADMIN_USER already defined in /var/www/auth/config.php on line 4
[31-Oct-2024 17:17:42 UTC] PHP Notice:  Constant LDAP_ADMIN_PASS already defined in /var/www/auth/config.php on line 5
[31-Oct-2024 17:17:42 UTC] PHP Notice:  Constant LDAP_SEARCH_BASE already defined in /var/www/auth/config.php on line 6
[31-Oct-2024 17:17:42 UTC] PHP Notice:  Constant DB_SERVER already defined in /var/www/auth/config.php on line 9
[31-Oct-2024 17:17:42 UTC] PHP Notice:  Constant DB_USERNAME already defined in /var/www/auth/config.php on line 10
[31-Oct-2024 17:17:42 UTC] PHP Notice:  Constant DB_PASSWORD already defined in /var/www/auth/config.php on line 11
[31-Oct-2024 17:17:42 UTC] PHP Notice:  Constant DB_NAME already defined in /var/www/auth/config.php on line 12
[31-Oct-2024 17:17:45 UTC] PHP Notice:  Constant LDAP_SERVER already defined in /var/www/auth/config.php on line 3
[31-Oct-2024 17:17:45 UTC] PHP Notice:  Constant LDAP_ADMIN_USER already defined in /var/www/auth/config.php on line 4
[31-Oct-2024 17:17:45 UTC] PHP Notice:  Constant LDAP_ADMIN_PASS already defined in /var/www/auth/config.php on line 5
[31-Oct-2024 17:17:45 UTC] PHP Notice:  Constant LDAP_SEARCH_BASE already defined in /var/www/auth/config.php on line 6
[31-Oct-2024 17:17:45 UTC] PHP Notice:  Constant DB_SERVER already defined in /var/www/auth/config.php on line 9
[31-Oct-2024 17:17:45 UTC] PHP Notice:  Constant DB_USERNAME already defined in /var/www/auth/config.php on line 10
[31-Oct-2024 17:17:45 UTC] PHP Notice:  Constant DB_PASSWORD already defined in /var/www/auth/config.php on line 11
[31-Oct-2024 17:17:45 UTC] PHP Notice:  Constant DB_NAME already defined in /var/www/auth/config.php on line 12
[31-Oct-2024 17:17:47 UTC] PHP Notice:  Constant LDAP_SERVER already defined in /var/www/auth/config.php on line 3
[31-Oct-2024 17:17:47 UTC] PHP Notice:  Constant LDAP_ADMIN_USER already defined in /var/www/auth/config.php on line 4
[31-Oct-2024 17:17:47 UTC] PHP Notice:  Constant LDAP_ADMIN_PASS already defined in /var/www/auth/config.php on line 5
[31-Oct-2024 17:17:47 UTC] PHP Notice:  Constant LDAP_SEARCH_BASE already defined in /var/www/auth/config.php on line 6
[31-Oct-2024 17:17:47 UTC] PHP Notice:  Constant DB_SERVER already defined in /var/www/auth/config.php on line 9
[31-Oct-2024 17:17:47 UTC] PHP Notice:  Constant DB_USERNAME already defined in /var/www/auth/config.php on line 10
[31-Oct-2024 17:17:47 UTC] PHP Notice:  Constant DB_PASSWORD already defined in /var/www/auth/config.php on line 11
[31-Oct-2024 17:17:47 UTC] PHP Notice:  Constant DB_NAME already defined in /var/www/auth/config.php on line 12
[31-Oct-2024 17:17:48 UTC] PHP Notice:  Constant LDAP_SERVER already defined in /var/www/auth/config.php on line 3
[31-Oct-2024 17:17:48 UTC] PHP Notice:  Constant LDAP_ADMIN_USER already defined in /var/www/auth/config.php on line 4
[31-Oct-2024 17:17:48 UTC] PHP Notice:  Constant LDAP_ADMIN_PASS already defined in /var/www/auth/config.php on line 5
[31-Oct-2024 17:17:48 UTC] PHP Notice:  Constant LDAP_SEARCH_BASE already defined in /var/www/auth/config.php on line 6
[31-Oct-2024 17:17:48 UTC] PHP Notice:  Constant DB_SERVER already defined in /var/www/auth/config.php on line 9
[31-Oct-2024 17:17:48 UTC] PHP Notice:  Constant DB_USERNAME already defined in /var/www/auth/config.php on line 10
[31-Oct-2024 17:17:48 UTC] PHP Notice:  Constant DB_PASSWORD already defined in /var/www/auth/config.php on line 11
[31-Oct-2024 17:17:48 UTC] PHP Notice:  Constant DB_NAME already defined in /var/www/auth/config.php on line 12
[31-Oct-2024 17:17:56 UTC] PHP Notice:  Constant LDAP_SERVER already defined in /var/www/auth/config.php on line 3
[31-Oct-2024 17:17:56 UTC] PHP Notice:  Constant LDAP_ADMIN_USER already defined in /var/www/auth/config.php on line 4
[31-Oct-2024 17:17:56 UTC] PHP Notice:  Constant LDAP_ADMIN_PASS already defined in /var/www/auth/config.php on line 5
[31-Oct-2024 17:17:56 UTC] PHP Notice:  Constant LDAP_SEARCH_BASE already defined in /var/www/auth/config.php on line 6
[31-Oct-2024 17:17:56 UTC] PHP Notice:  Constant DB_SERVER already defined in /var/www/auth/config.php on line 9
[31-Oct-2024 17:17:56 UTC] PHP Notice:  Constant DB_USERNAME already defined in /var/www/auth/config.php on line 10
[31-Oct-2024 17:17:56 UTC] PHP Notice:  Constant DB_PASSWORD already defined in /var/www/auth/config.php on line 11
[31-Oct-2024 17:17:56 UTC] PHP Notice:  Constant DB_NAME already defined in /var/www/auth/config.php on line 12
[31-Oct-2024 17:18:00 UTC] PHP Notice:  Constant LDAP_SERVER already defined in /var/www/auth/config.php on line 3
[31-Oct-2024 17:18:00 UTC] PHP Notice:  Constant LDAP_ADMIN_USER already defined in /var/www/auth/config.php on line 4
[31-Oct-2024 17:18:00 UTC] PHP Notice:  Constant LDAP_ADMIN_PASS already defined in /var/www/auth/config.php on line 5
[31-Oct-2024 17:18:00 UTC] PHP Notice:  Constant LDAP_SEARCH_BASE already defined in /var/www/auth/config.php on line 6
[31-Oct-2024 17:18:00 UTC] PHP Notice:  Constant DB_SERVER already defined in /var/www/auth/config.php on line 9
[31-Oct-2024 17:18:00 UTC] PHP Notice:  Constant DB_USERNAME already defined in /var/www/auth/config.php on line 10
[31-Oct-2024 17:18:00 UTC] PHP Notice:  Constant DB_PASSWORD already defined in /var/www/auth/config.php on line 11
[31-Oct-2024 17:18:00 UTC] PHP Notice:  Constant DB_NAME already defined in /var/www/auth/config.php on line 12
[31-Oct-2024 17:18:02 UTC] PHP Notice:  Constant LDAP_SERVER already defined in /var/www/auth/config.php on line 3
[31-Oct-2024 17:18:02 UTC] PHP Notice:  Constant LDAP_ADMIN_USER already defined in /var/www/auth/config.php on line 4
[31-Oct-2024 17:18:02 UTC] PHP Notice:  Constant LDAP_ADMIN_PASS already defined in /var/www/auth/config.php on line 5
[31-Oct-2024 17:18:02 UTC] PHP Notice:  Constant LDAP_SEARCH_BASE already defined in /var/www/auth/config.php on line 6
[31-Oct-2024 17:18:02 UTC] PHP Notice:  Constant DB_SERVER already defined in /var/www/auth/config.php on line 9
[31-Oct-2024 17:18:02 UTC] PHP Notice:  Constant DB_USERNAME already defined in /var/www/auth/config.php on line 10
[31-Oct-2024 17:18:02 UTC] PHP Notice:  Constant DB_PASSWORD already defined in /var/www/auth/config.php on line 11
[31-Oct-2024 17:18:02 UTC] PHP Notice:  Constant DB_NAME already defined in /var/www/auth/config.php on line 12
[31-Oct-2024 17:18:03 UTC] PHP Notice:  Constant LDAP_SERVER already defined in /var/www/auth/config.php on line 3
[31-Oct-2024 17:18:03 UTC] PHP Notice:  Constant LDAP_ADMIN_USER already defined in /var/www/auth/config.php on line 4
[31-Oct-2024 17:18:03 UTC] PHP Notice:  Constant LDAP_ADMIN_PASS already defined in /var/www/auth/config.php on line 5
[31-Oct-2024 17:18:03 UTC] PHP Notice:  Constant LDAP_SEARCH_BASE already defined in /var/www/auth/config.php on line 6
[31-Oct-2024 17:18:03 UTC] PHP Notice:  Constant DB_SERVER already defined in /var/www/auth/config.php on line 9
[31-Oct-2024 17:18:03 UTC] PHP Notice:  Constant DB_USERNAME already defined in /var/www/auth/config.php on line 10
[31-Oct-2024 17:18:03 UTC] PHP Notice:  Constant DB_PASSWORD already defined in /var/www/auth/config.php on line 11
[31-Oct-2024 17:18:03 UTC] PHP Notice:  Constant DB_NAME already defined in /var/www/auth/config.php on line 12
[31-Oct-2024 17:19:34 UTC] PHP Notice:  Constant LDAP_SERVER already defined in /var/www/auth/config.php on line 3
[31-Oct-2024 17:19:34 UTC] PHP Notice:  Constant LDAP_ADMIN_USER already defined in /var/www/auth/config.php on line 4
[31-Oct-2024 17:19:34 UTC] PHP Notice:  Constant LDAP_ADMIN_PASS already defined in /var/www/auth/config.php on line 5
[31-Oct-2024 17:19:34 UTC] PHP Notice:  Constant LDAP_SEARCH_BASE already defined in /var/www/auth/config.php on line 6
[31-Oct-2024 17:19:34 UTC] PHP Notice:  Constant DB_SERVER already defined in /var/www/auth/config.php on line 9
[31-Oct-2024 17:19:34 UTC] PHP Notice:  Constant DB_USERNAME already defined in /var/www/auth/config.php on line 10
[31-Oct-2024 17:19:34 UTC] PHP Notice:  Constant DB_PASSWORD already defined in /var/www/auth/config.php on line 11
[31-Oct-2024 17:19:34 UTC] PHP Notice:  Constant DB_NAME already defined in /var/www/auth/config.php on line 12
[31-Oct-2024 17:19:46 UTC] PHP Notice:  Constant LDAP_SERVER already defined in /var/www/auth/config.php on line 3
[31-Oct-2024 17:19:46 UTC] PHP Notice:  Constant LDAP_ADMIN_USER already defined in /var/www/auth/config.php on line 4
[31-Oct-2024 17:19:46 UTC] PHP Notice:  Constant LDAP_ADMIN_PASS already defined in /var/www/auth/config.php on line 5
[31-Oct-2024 17:19:46 UTC] PHP Notice:  Constant LDAP_SEARCH_BASE already defined in /var/www/auth/config.php on line 6
[31-Oct-2024 17:19:46 UTC] PHP Notice:  Constant DB_SERVER already defined in /var/www/auth/config.php on line 9
[31-Oct-2024 17:19:46 UTC] PHP Notice:  Constant DB_USERNAME already defined in /var/www/auth/config.php on line 10
[31-Oct-2024 17:19:46 UTC] PHP Notice:  Constant DB_PASSWORD already defined in /var/www/auth/config.php on line 11
[31-Oct-2024 17:19:46 UTC] PHP Notice:  Constant DB_NAME already defined in /var/www/auth/config.php on line 12
[31-Oct-2024 17:19:48 UTC] PHP Notice:  Constant LDAP_SERVER already defined in /var/www/auth/config.php on line 3
[31-Oct-2024 17:19:48 UTC] PHP Notice:  Constant LDAP_ADMIN_USER already defined in /var/www/auth/config.php on line 4
[31-Oct-2024 17:19:48 UTC] PHP Notice:  Constant LDAP_ADMIN_PASS already defined in /var/www/auth/config.php on line 5
[31-Oct-2024 17:19:48 UTC] PHP Notice:  Constant LDAP_SEARCH_BASE already defined in /var/www/auth/config.php on line 6
[31-Oct-2024 17:19:48 UTC] PHP Notice:  Constant DB_SERVER already defined in /var/www/auth/config.php on line 9
[31-Oct-2024 17:19:48 UTC] PHP Notice:  Constant DB_USERNAME already defined in /var/www/auth/config.php on line 10
[31-Oct-2024 17:19:48 UTC] PHP Notice:  Constant DB_PASSWORD already defined in /var/www/auth/config.php on line 11
[31-Oct-2024 17:19:48 UTC] PHP Notice:  Constant DB_NAME already defined in /var/www/auth/config.php on line 12
[31-Oct-2024 17:19:49 UTC] PHP Notice:  Constant LDAP_SERVER already defined in /var/www/auth/config.php on line 3
[31-Oct-2024 17:19:49 UTC] PHP Notice:  Constant LDAP_ADMIN_USER already defined in /var/www/auth/config.php on line 4
[31-Oct-2024 17:19:49 UTC] PHP Notice:  Constant LDAP_ADMIN_PASS already defined in /var/www/auth/config.php on line 5
[31-Oct-2024 17:19:49 UTC] PHP Notice:  Constant LDAP_SEARCH_BASE already defined in /var/www/auth/config.php on line 6
[31-Oct-2024 17:19:49 UTC] PHP Notice:  Constant DB_SERVER already defined in /var/www/auth/config.php on line 9
[31-Oct-2024 17:19:49 UTC] PHP Notice:  Constant DB_USERNAME already defined in /var/www/auth/config.php on line 10
[31-Oct-2024 17:19:49 UTC] PHP Notice:  Constant DB_PASSWORD already defined in /var/www/auth/config.php on line 11
[31-Oct-2024 17:19:49 UTC] PHP Notice:  Constant DB_NAME already defined in /var/www/auth/config.php on line 12
[31-Oct-2024 17:21:42 UTC] PHP Notice:  Constant LDAP_SERVER already defined in /var/www/auth/config.php on line 3
[31-Oct-2024 17:21:42 UTC] PHP Notice:  Constant LDAP_ADMIN_USER already defined in /var/www/auth/config.php on line 4
[31-Oct-2024 17:21:42 UTC] PHP Notice:  Constant LDAP_ADMIN_PASS already defined in /var/www/auth/config.php on line 5
[31-Oct-2024 17:21:42 UTC] PHP Notice:  Constant LDAP_SEARCH_BASE already defined in /var/www/auth/config.php on line 6
[31-Oct-2024 17:21:42 UTC] PHP Notice:  Constant DB_SERVER already defined in /var/www/auth/config.php on line 9
[31-Oct-2024 17:21:42 UTC] PHP Notice:  Constant DB_USERNAME already defined in /var/www/auth/config.php on line 10
[31-Oct-2024 17:21:42 UTC] PHP Notice:  Constant DB_PASSWORD already defined in /var/www/auth/config.php on line 11
[31-Oct-2024 17:21:42 UTC] PHP Notice:  Constant DB_NAME already defined in /var/www/auth/config.php on line 12
[31-Oct-2024 17:21:47 UTC] PHP Notice:  Constant LDAP_SERVER already defined in /var/www/auth/config.php on line 3
[31-Oct-2024 17:21:47 UTC] PHP Notice:  Constant LDAP_ADMIN_USER already defined in /var/www/auth/config.php on line 4
[31-Oct-2024 17:21:47 UTC] PHP Notice:  Constant LDAP_ADMIN_PASS already defined in /var/www/auth/config.php on line 5
[31-Oct-2024 17:21:47 UTC] PHP Notice:  Constant LDAP_SEARCH_BASE already defined in /var/www/auth/config.php on line 6
[31-Oct-2024 17:21:47 UTC] PHP Notice:  Constant DB_SERVER already defined in /var/www/auth/config.php on line 9
[31-Oct-2024 17:21:47 UTC] PHP Notice:  Constant DB_USERNAME already defined in /var/www/auth/config.php on line 10
[31-Oct-2024 17:21:47 UTC] PHP Notice:  Constant DB_PASSWORD already defined in /var/www/auth/config.php on line 11
[31-Oct-2024 17:21:47 UTC] PHP Notice:  Constant DB_NAME already defined in /var/www/auth/config.php on line 12
[31-Oct-2024 17:21:49 UTC] PHP Notice:  Constant LDAP_SERVER already defined in /var/www/auth/config.php on line 3
[31-Oct-2024 17:21:49 UTC] PHP Notice:  Constant LDAP_ADMIN_USER already defined in /var/www/auth/config.php on line 4
[31-Oct-2024 17:21:49 UTC] PHP Notice:  Constant LDAP_ADMIN_PASS already defined in /var/www/auth/config.php on line 5
[31-Oct-2024 17:21:49 UTC] PHP Notice:  Constant LDAP_SEARCH_BASE already defined in /var/www/auth/config.php on line 6
[31-Oct-2024 17:21:49 UTC] PHP Notice:  Constant DB_SERVER already defined in /var/www/auth/config.php on line 9
[31-Oct-2024 17:21:49 UTC] PHP Notice:  Constant DB_USERNAME already defined in /var/www/auth/config.php on line 10
[31-Oct-2024 17:21:49 UTC] PHP Notice:  Constant DB_PASSWORD already defined in /var/www/auth/config.php on line 11
[31-Oct-2024 17:21:49 UTC] PHP Notice:  Constant DB_NAME already defined in /var/www/auth/config.php on line 12
[31-Oct-2024 17:21:51 UTC] PHP Notice:  Constant LDAP_SERVER already defined in /var/www/auth/config.php on line 3
[31-Oct-2024 17:21:51 UTC] PHP Notice:  Constant LDAP_ADMIN_USER already defined in /var/www/auth/config.php on line 4
[31-Oct-2024 17:21:51 UTC] PHP Notice:  Constant LDAP_ADMIN_PASS already defined in /var/www/auth/config.php on line 5
[31-Oct-2024 17:21:51 UTC] PHP Notice:  Constant LDAP_SEARCH_BASE already defined in /var/www/auth/config.php on line 6
[31-Oct-2024 17:21:51 UTC] PHP Notice:  Constant DB_SERVER already defined in /var/www/auth/config.php on line 9
[31-Oct-2024 17:21:51 UTC] PHP Notice:  Constant DB_USERNAME already defined in /var/www/auth/config.php on line 10
[31-Oct-2024 17:21:51 UTC] PHP Notice:  Constant DB_PASSWORD already defined in /var/www/auth/config.php on line 11
[31-Oct-2024 17:21:51 UTC] PHP Notice:  Constant DB_NAME already defined in /var/www/auth/config.php on line 12
[31-Oct-2024 17:21:52 UTC] PHP Notice:  Constant LDAP_SERVER already defined in /var/www/auth/config.php on line 3
[31-Oct-2024 17:21:52 UTC] PHP Notice:  Constant LDAP_ADMIN_USER already defined in /var/www/auth/config.php on line 4
[31-Oct-2024 17:21:52 UTC] PHP Notice:  Constant LDAP_ADMIN_PASS already defined in /var/www/auth/config.php on line 5
[31-Oct-2024 17:21:52 UTC] PHP Notice:  Constant LDAP_SEARCH_BASE already defined in /var/www/auth/config.php on line 6
[31-Oct-2024 17:21:52 UTC] PHP Notice:  Constant DB_SERVER already defined in /var/www/auth/config.php on line 9
[31-Oct-2024 17:21:52 UTC] PHP Notice:  Constant DB_USERNAME already defined in /var/www/auth/config.php on line 10
[31-Oct-2024 17:21:52 UTC] PHP Notice:  Constant DB_PASSWORD already defined in /var/www/auth/config.php on line 11
[31-Oct-2024 17:21:52 UTC] PHP Notice:  Constant DB_NAME already defined in /var/www/auth/config.php on line 12
[31-Oct-2024 17:22:02 UTC] PHP Notice:  Constant LDAP_SERVER already defined in /var/www/auth/config.php on line 3
[31-Oct-2024 17:22:02 UTC] PHP Notice:  Constant LDAP_ADMIN_USER already defined in /var/www/auth/config.php on line 4
[31-Oct-2024 17:22:02 UTC] PHP Notice:  Constant LDAP_ADMIN_PASS already defined in /var/www/auth/config.php on line 5
[31-Oct-2024 17:22:02 UTC] PHP Notice:  Constant LDAP_SEARCH_BASE already defined in /var/www/auth/config.php on line 6
[31-Oct-2024 17:22:02 UTC] PHP Notice:  Constant DB_SERVER already defined in /var/www/auth/config.php on line 9
[31-Oct-2024 17:22:02 UTC] PHP Notice:  Constant DB_USERNAME already defined in /var/www/auth/config.php on line 10
[31-Oct-2024 17:22:02 UTC] PHP Notice:  Constant DB_PASSWORD already defined in /var/www/auth/config.php on line 11
[31-Oct-2024 17:22:02 UTC] PHP Notice:  Constant DB_NAME already defined in /var/www/auth/config.php on line 12
[31-Oct-2024 17:22:06 UTC] PHP Notice:  Constant LDAP_SERVER already defined in /var/www/auth/config.php on line 3
[31-Oct-2024 17:22:06 UTC] PHP Notice:  Constant LDAP_ADMIN_USER already defined in /var/www/auth/config.php on line 4
[31-Oct-2024 17:22:06 UTC] PHP Notice:  Constant LDAP_ADMIN_PASS already defined in /var/www/auth/config.php on line 5
[31-Oct-2024 17:22:06 UTC] PHP Notice:  Constant LDAP_SEARCH_BASE already defined in /var/www/auth/config.php on line 6
[31-Oct-2024 17:22:06 UTC] PHP Notice:  Constant DB_SERVER already defined in /var/www/auth/config.php on line 9
[31-Oct-2024 17:22:06 UTC] PHP Notice:  Constant DB_USERNAME already defined in /var/www/auth/config.php on line 10
[31-Oct-2024 17:22:06 UTC] PHP Notice:  Constant DB_PASSWORD already defined in /var/www/auth/config.php on line 11
[31-Oct-2024 17:22:06 UTC] PHP Notice:  Constant DB_NAME already defined in /var/www/auth/config.php on line 12
[31-Oct-2024 17:28:33 UTC] PHP Notice:  Constant LDAP_SERVER already defined in /var/www/auth/config.php on line 3
[31-Oct-2024 17:28:33 UTC] PHP Notice:  Constant LDAP_ADMIN_USER already defined in /var/www/auth/config.php on line 4
[31-Oct-2024 17:28:33 UTC] PHP Notice:  Constant LDAP_ADMIN_PASS already defined in /var/www/auth/config.php on line 5
[31-Oct-2024 17:28:33 UTC] PHP Notice:  Constant LDAP_SEARCH_BASE already defined in /var/www/auth/config.php on line 6
[31-Oct-2024 17:28:33 UTC] PHP Notice:  Constant DB_SERVER already defined in /var/www/auth/config.php on line 9
[31-Oct-2024 17:28:33 UTC] PHP Notice:  Constant DB_USERNAME already defined in /var/www/auth/config.php on line 10
[31-Oct-2024 17:28:33 UTC] PHP Notice:  Constant DB_PASSWORD already defined in /var/www/auth/config.php on line 11
[31-Oct-2024 17:28:33 UTC] PHP Notice:  Constant DB_NAME already defined in /var/www/auth/config.php on line 12
[31-Oct-2024 17:29:21 UTC] PHP Notice:  Constant LDAP_SERVER already defined in /var/www/auth/config.php on line 8
[31-Oct-2024 17:29:21 UTC] PHP Notice:  Constant LDAP_ADMIN_USER already defined in /var/www/auth/config.php on line 9
[31-Oct-2024 17:29:21 UTC] PHP Notice:  Constant LDAP_ADMIN_PASS already defined in /var/www/auth/config.php on line 10
[31-Oct-2024 17:29:21 UTC] PHP Notice:  Constant LDAP_SEARCH_BASE already defined in /var/www/auth/config.php on line 11
[31-Oct-2024 17:29:21 UTC] PHP Notice:  Constant DB_SERVER already defined in /var/www/auth/config.php on line 14
[31-Oct-2024 17:29:21 UTC] PHP Notice:  Constant DB_USERNAME already defined in /var/www/auth/config.php on line 15
[31-Oct-2024 17:29:21 UTC] PHP Notice:  Constant DB_PASSWORD already defined in /var/www/auth/config.php on line 16
[31-Oct-2024 17:29:21 UTC] PHP Notice:  Constant DB_NAME already defined in /var/www/auth/config.php on line 17
[31-Oct-2024 17:29:22 UTC] PHP Notice:  Constant LDAP_SERVER already defined in /var/www/auth/config.php on line 8
[31-Oct-2024 17:29:22 UTC] PHP Notice:  Constant LDAP_ADMIN_USER already defined in /var/www/auth/config.php on line 9
[31-Oct-2024 17:29:22 UTC] PHP Notice:  Constant LDAP_ADMIN_PASS already defined in /var/www/auth/config.php on line 10
[31-Oct-2024 17:29:22 UTC] PHP Notice:  Constant LDAP_SEARCH_BASE already defined in /var/www/auth/config.php on line 11
[31-Oct-2024 17:29:22 UTC] PHP Notice:  Constant DB_SERVER already defined in /var/www/auth/config.php on line 14
[31-Oct-2024 17:29:22 UTC] PHP Notice:  Constant DB_USERNAME already defined in /var/www/auth/config.php on line 15
[31-Oct-2024 17:29:22 UTC] PHP Notice:  Constant DB_PASSWORD already defined in /var/www/auth/config.php on line 16
[31-Oct-2024 17:29:22 UTC] PHP Notice:  Constant DB_NAME already defined in /var/www/auth/config.php on line 17
[31-Oct-2024 17:29:23 UTC] PHP Notice:  Constant LDAP_SERVER already defined in /var/www/auth/config.php on line 8
[31-Oct-2024 17:29:23 UTC] PHP Notice:  Constant LDAP_ADMIN_USER already defined in /var/www/auth/config.php on line 9
[31-Oct-2024 17:29:23 UTC] PHP Notice:  Constant LDAP_ADMIN_PASS already defined in /var/www/auth/config.php on line 10
[31-Oct-2024 17:29:23 UTC] PHP Notice:  Constant LDAP_SEARCH_BASE already defined in /var/www/auth/config.php on line 11
[31-Oct-2024 17:29:23 UTC] PHP Notice:  Constant DB_SERVER already defined in /var/www/auth/config.php on line 14
[31-Oct-2024 17:29:23 UTC] PHP Notice:  Constant DB_USERNAME already defined in /var/www/auth/config.php on line 15
[31-Oct-2024 17:29:23 UTC] PHP Notice:  Constant DB_PASSWORD already defined in /var/www/auth/config.php on line 16
[31-Oct-2024 17:29:23 UTC] PHP Notice:  Constant DB_NAME already defined in /var/www/auth/config.php on line 17
[31-Oct-2024 17:29:27 UTC] PHP Notice:  Constant LDAP_SERVER already defined in /var/www/auth/config.php on line 8
[31-Oct-2024 17:29:27 UTC] PHP Notice:  Constant LDAP_ADMIN_USER already defined in /var/www/auth/config.php on line 9
[31-Oct-2024 17:29:27 UTC] PHP Notice:  Constant LDAP_ADMIN_PASS already defined in /var/www/auth/config.php on line 10
[31-Oct-2024 17:29:27 UTC] PHP Notice:  Constant LDAP_SEARCH_BASE already defined in /var/www/auth/config.php on line 11
[31-Oct-2024 17:29:27 UTC] PHP Notice:  Constant DB_SERVER already defined in /var/www/auth/config.php on line 14
[31-Oct-2024 17:29:27 UTC] PHP Notice:  Constant DB_USERNAME already defined in /var/www/auth/config.php on line 15
[31-Oct-2024 17:29:27 UTC] PHP Notice:  Constant DB_PASSWORD already defined in /var/www/auth/config.php on line 16
[31-Oct-2024 17:29:27 UTC] PHP Notice:  Constant DB_NAME already defined in /var/www/auth/config.php on line 17
[31-Oct-2024 17:29:30 UTC] PHP Notice:  Constant LDAP_SERVER already defined in /var/www/auth/config.php on line 8
[31-Oct-2024 17:29:30 UTC] PHP Notice:  Constant LDAP_ADMIN_USER already defined in /var/www/auth/config.php on line 9
[31-Oct-2024 17:29:30 UTC] PHP Notice:  Constant LDAP_ADMIN_PASS already defined in /var/www/auth/config.php on line 10
[31-Oct-2024 17:29:30 UTC] PHP Notice:  Constant LDAP_SEARCH_BASE already defined in /var/www/auth/config.php on line 11
[31-Oct-2024 17:29:30 UTC] PHP Notice:  Constant DB_SERVER already defined in /var/www/auth/config.php on line 14
[31-Oct-2024 17:29:30 UTC] PHP Notice:  Constant DB_USERNAME already defined in /var/www/auth/config.php on line 15
[31-Oct-2024 17:29:30 UTC] PHP Notice:  Constant DB_PASSWORD already defined in /var/www/auth/config.php on line 16
[31-Oct-2024 17:29:30 UTC] PHP Notice:  Constant DB_NAME already defined in /var/www/auth/config.php on line 17
[31-Oct-2024 17:29:34 UTC] PHP Notice:  Constant LDAP_SERVER already defined in /var/www/auth/config.php on line 8
[31-Oct-2024 17:29:34 UTC] PHP Notice:  Constant LDAP_ADMIN_USER already defined in /var/www/auth/config.php on line 9
[31-Oct-2024 17:29:34 UTC] PHP Notice:  Constant LDAP_ADMIN_PASS already defined in /var/www/auth/config.php on line 10
[31-Oct-2024 17:29:34 UTC] PHP Notice:  Constant LDAP_SEARCH_BASE already defined in /var/www/auth/config.php on line 11
[31-Oct-2024 17:29:34 UTC] PHP Notice:  Constant DB_SERVER already defined in /var/www/auth/config.php on line 14
[31-Oct-2024 17:29:34 UTC] PHP Notice:  Constant DB_USERNAME already defined in /var/www/auth/config.php on line 15
[31-Oct-2024 17:29:34 UTC] PHP Notice:  Constant DB_PASSWORD already defined in /var/www/auth/config.php on line 16
[31-Oct-2024 17:29:34 UTC] PHP Notice:  Constant DB_NAME already defined in /var/www/auth/config.php on line 17
[31-Oct-2024 17:29:36 UTC] PHP Notice:  Constant LDAP_SERVER already defined in /var/www/auth/config.php on line 8
[31-Oct-2024 17:29:36 UTC] PHP Notice:  Constant LDAP_ADMIN_USER already defined in /var/www/auth/config.php on line 9
[31-Oct-2024 17:29:36 UTC] PHP Notice:  Constant LDAP_ADMIN_PASS already defined in /var/www/auth/config.php on line 10
[31-Oct-2024 17:29:36 UTC] PHP Notice:  Constant LDAP_SEARCH_BASE already defined in /var/www/auth/config.php on line 11
[31-Oct-2024 17:29:36 UTC] PHP Notice:  Constant DB_SERVER already defined in /var/www/auth/config.php on line 14
[31-Oct-2024 17:29:36 UTC] PHP Notice:  Constant DB_USERNAME already defined in /var/www/auth/config.php on line 15
[31-Oct-2024 17:29:36 UTC] PHP Notice:  Constant DB_PASSWORD already defined in /var/www/auth/config.php on line 16
[31-Oct-2024 17:29:36 UTC] PHP Notice:  Constant DB_NAME already defined in /var/www/auth/config.php on line 17
[31-Oct-2024 17:29:53 UTC] PHP Notice:  Constant LDAP_SERVER already defined in /var/www/auth/config.php on line 8
[31-Oct-2024 17:29:53 UTC] PHP Notice:  Constant LDAP_ADMIN_USER already defined in /var/www/auth/config.php on line 9
[31-Oct-2024 17:29:53 UTC] PHP Notice:  Constant LDAP_ADMIN_PASS already defined in /var/www/auth/config.php on line 10
[31-Oct-2024 17:29:53 UTC] PHP Notice:  Constant LDAP_SEARCH_BASE already defined in /var/www/auth/config.php on line 11
[31-Oct-2024 17:29:53 UTC] PHP Notice:  Constant DB_SERVER already defined in /var/www/auth/config.php on line 14
[31-Oct-2024 17:29:53 UTC] PHP Notice:  Constant DB_USERNAME already defined in /var/www/auth/config.php on line 15
[31-Oct-2024 17:29:53 UTC] PHP Notice:  Constant DB_PASSWORD already defined in /var/www/auth/config.php on line 16
[31-Oct-2024 17:29:53 UTC] PHP Notice:  Constant DB_NAME already defined in /var/www/auth/config.php on line 17
[31-Oct-2024 17:29:54 UTC] PHP Notice:  Constant LDAP_SERVER already defined in /var/www/auth/config.php on line 8
[31-Oct-2024 17:29:54 UTC] PHP Notice:  Constant LDAP_ADMIN_USER already defined in /var/www/auth/config.php on line 9
[31-Oct-2024 17:29:54 UTC] PHP Notice:  Constant LDAP_ADMIN_PASS already defined in /var/www/auth/config.php on line 10
[31-Oct-2024 17:29:54 UTC] PHP Notice:  Constant LDAP_SEARCH_BASE already defined in /var/www/auth/config.php on line 11
[31-Oct-2024 17:29:54 UTC] PHP Notice:  Constant DB_SERVER already defined in /var/www/auth/config.php on line 14
[31-Oct-2024 17:29:54 UTC] PHP Notice:  Constant DB_USERNAME already defined in /var/www/auth/config.php on line 15
[31-Oct-2024 17:29:54 UTC] PHP Notice:  Constant DB_PASSWORD already defined in /var/www/auth/config.php on line 16
[31-Oct-2024 17:29:54 UTC] PHP Notice:  Constant DB_NAME already defined in /var/www/auth/config.php on line 17
[31-Oct-2024 17:29:56 UTC] PHP Notice:  Constant LDAP_SERVER already defined in /var/www/auth/config.php on line 8
[31-Oct-2024 17:29:56 UTC] PHP Notice:  Constant LDAP_ADMIN_USER already defined in /var/www/auth/config.php on line 9
[31-Oct-2024 17:29:56 UTC] PHP Notice:  Constant LDAP_ADMIN_PASS already defined in /var/www/auth/config.php on line 10
[31-Oct-2024 17:29:56 UTC] PHP Notice:  Constant LDAP_SEARCH_BASE already defined in /var/www/auth/config.php on line 11
[31-Oct-2024 17:29:56 UTC] PHP Notice:  Constant DB_SERVER already defined in /var/www/auth/config.php on line 14
[31-Oct-2024 17:29:56 UTC] PHP Notice:  Constant DB_USERNAME already defined in /var/www/auth/config.php on line 15
[31-Oct-2024 17:29:56 UTC] PHP Notice:  Constant DB_PASSWORD already defined in /var/www/auth/config.php on line 16
[31-Oct-2024 17:29:56 UTC] PHP Notice:  Constant DB_NAME already defined in /var/www/auth/config.php on line 17
[31-Oct-2024 17:30:01 UTC] PHP Notice:  Constant LDAP_SERVER already defined in /var/www/auth/config.php on line 8
[31-Oct-2024 17:30:01 UTC] PHP Notice:  Constant LDAP_ADMIN_USER already defined in /var/www/auth/config.php on line 9
[31-Oct-2024 17:30:01 UTC] PHP Notice:  Constant LDAP_ADMIN_PASS already defined in /var/www/auth/config.php on line 10
[31-Oct-2024 17:30:01 UTC] PHP Notice:  Constant LDAP_SEARCH_BASE already defined in /var/www/auth/config.php on line 11
[31-Oct-2024 17:30:01 UTC] PHP Notice:  Constant DB_SERVER already defined in /var/www/auth/config.php on line 14
[31-Oct-2024 17:30:01 UTC] PHP Notice:  Constant DB_USERNAME already defined in /var/www/auth/config.php on line 15
[31-Oct-2024 17:30:01 UTC] PHP Notice:  Constant DB_PASSWORD already defined in /var/www/auth/config.php on line 16
[31-Oct-2024 17:30:01 UTC] PHP Notice:  Constant DB_NAME already defined in /var/www/auth/config.php on line 17
[31-Oct-2024 17:30:58 UTC] PHP Notice:  Constant LDAP_SERVER already defined in /var/www/auth/config.php on line 8
[31-Oct-2024 17:30:58 UTC] PHP Notice:  Constant LDAP_ADMIN_USER already defined in /var/www/auth/config.php on line 9
[31-Oct-2024 17:30:58 UTC] PHP Notice:  Constant LDAP_ADMIN_PASS already defined in /var/www/auth/config.php on line 10
[31-Oct-2024 17:30:58 UTC] PHP Notice:  Constant LDAP_SEARCH_BASE already defined in /var/www/auth/config.php on line 11
[31-Oct-2024 17:30:58 UTC] PHP Notice:  Constant DB_SERVER already defined in /var/www/auth/config.php on line 14
[31-Oct-2024 17:30:58 UTC] PHP Notice:  Constant DB_USERNAME already defined in /var/www/auth/config.php on line 15
[31-Oct-2024 17:30:58 UTC] PHP Notice:  Constant DB_PASSWORD already defined in /var/www/auth/config.php on line 16
[31-Oct-2024 17:30:58 UTC] PHP Notice:  Constant DB_NAME already defined in /var/www/auth/config.php on line 17
[31-Oct-2024 17:34:22 UTC] PHP Notice:  Constant LDAP_SERVER already defined in /var/www/auth/config.php on line 8
[31-Oct-2024 17:34:22 UTC] PHP Notice:  Constant LDAP_ADMIN_USER already defined in /var/www/auth/config.php on line 9
[31-Oct-2024 17:34:22 UTC] PHP Notice:  Constant LDAP_ADMIN_PASS already defined in /var/www/auth/config.php on line 10
[31-Oct-2024 17:34:22 UTC] PHP Notice:  Constant LDAP_SEARCH_BASE already defined in /var/www/auth/config.php on line 11
[31-Oct-2024 17:34:22 UTC] PHP Notice:  Constant DB_SERVER already defined in /var/www/auth/config.php on line 14
[31-Oct-2024 17:34:22 UTC] PHP Notice:  Constant DB_USERNAME already defined in /var/www/auth/config.php on line 15
[31-Oct-2024 17:34:22 UTC] PHP Notice:  Constant DB_PASSWORD already defined in /var/www/auth/config.php on line 16
[31-Oct-2024 17:34:22 UTC] PHP Notice:  Constant DB_NAME already defined in /var/www/auth/config.php on line 17
[31-Oct-2024 17:34:44 UTC] PHP Notice:  Constant LDAP_SERVER already defined in /var/www/auth/config.php on line 8
[31-Oct-2024 17:34:44 UTC] PHP Notice:  Constant LDAP_ADMIN_USER already defined in /var/www/auth/config.php on line 9
[31-Oct-2024 17:34:44 UTC] PHP Notice:  Constant LDAP_ADMIN_PASS already defined in /var/www/auth/config.php on line 10
[31-Oct-2024 17:34:44 UTC] PHP Notice:  Constant LDAP_SEARCH_BASE already defined in /var/www/auth/config.php on line 11
[31-Oct-2024 17:34:44 UTC] PHP Notice:  Constant DB_SERVER already defined in /var/www/auth/config.php on line 14
[31-Oct-2024 17:34:44 UTC] PHP Notice:  Constant DB_USERNAME already defined in /var/www/auth/config.php on line 15
[31-Oct-2024 17:34:44 UTC] PHP Notice:  Constant DB_PASSWORD already defined in /var/www/auth/config.php on line 16
[31-Oct-2024 17:34:44 UTC] PHP Notice:  Constant DB_NAME already defined in /var/www/auth/config.php on line 17
[31-Oct-2024 17:34:47 UTC] PHP Notice:  Constant LDAP_SERVER already defined in /var/www/auth/config.php on line 8
[31-Oct-2024 17:34:47 UTC] PHP Notice:  Constant LDAP_ADMIN_USER already defined in /var/www/auth/config.php on line 9
[31-Oct-2024 17:34:47 UTC] PHP Notice:  Constant LDAP_ADMIN_PASS already defined in /var/www/auth/config.php on line 10
[31-Oct-2024 17:34:47 UTC] PHP Notice:  Constant LDAP_SEARCH_BASE already defined in /var/www/auth/config.php on line 11
[31-Oct-2024 17:34:47 UTC] PHP Notice:  Constant DB_SERVER already defined in /var/www/auth/config.php on line 14
[31-Oct-2024 17:34:47 UTC] PHP Notice:  Constant DB_USERNAME already defined in /var/www/auth/config.php on line 15
[31-Oct-2024 17:34:47 UTC] PHP Notice:  Constant DB_PASSWORD already defined in /var/www/auth/config.php on line 16
[31-Oct-2024 17:34:47 UTC] PHP Notice:  Constant DB_NAME already defined in /var/www/auth/config.php on line 17
[31-Oct-2024 17:34:48 UTC] PHP Notice:  Constant LDAP_SERVER already defined in /var/www/auth/config.php on line 8
[31-Oct-2024 17:34:48 UTC] PHP Notice:  Constant LDAP_ADMIN_USER already defined in /var/www/auth/config.php on line 9
[31-Oct-2024 17:34:48 UTC] PHP Notice:  Constant LDAP_ADMIN_PASS already defined in /var/www/auth/config.php on line 10
[31-Oct-2024 17:34:48 UTC] PHP Notice:  Constant LDAP_SEARCH_BASE already defined in /var/www/auth/config.php on line 11
[31-Oct-2024 17:34:48 UTC] PHP Notice:  Constant DB_SERVER already defined in /var/www/auth/config.php on line 14
[31-Oct-2024 17:34:48 UTC] PHP Notice:  Constant DB_USERNAME already defined in /var/www/auth/config.php on line 15
[31-Oct-2024 17:34:48 UTC] PHP Notice:  Constant DB_PASSWORD already defined in /var/www/auth/config.php on line 16
[31-Oct-2024 17:34:48 UTC] PHP Notice:  Constant DB_NAME already defined in /var/www/auth/config.php on line 17
[31-Oct-2024 17:34:52 UTC] PHP Notice:  Constant LDAP_SERVER already defined in /var/www/auth/config.php on line 8
[31-Oct-2024 17:34:52 UTC] PHP Notice:  Constant LDAP_ADMIN_USER already defined in /var/www/auth/config.php on line 9
[31-Oct-2024 17:34:52 UTC] PHP Notice:  Constant LDAP_ADMIN_PASS already defined in /var/www/auth/config.php on line 10
[31-Oct-2024 17:34:52 UTC] PHP Notice:  Constant LDAP_SEARCH_BASE already defined in /var/www/auth/config.php on line 11
[31-Oct-2024 17:34:52 UTC] PHP Notice:  Constant DB_SERVER already defined in /var/www/auth/config.php on line 14
[31-Oct-2024 17:34:52 UTC] PHP Notice:  Constant DB_USERNAME already defined in /var/www/auth/config.php on line 15
[31-Oct-2024 17:34:52 UTC] PHP Notice:  Constant DB_PASSWORD already defined in /var/www/auth/config.php on line 16
[31-Oct-2024 17:34:52 UTC] PHP Notice:  Constant DB_NAME already defined in /var/www/auth/config.php on line 17
[31-Oct-2024 17:34:53 UTC] PHP Notice:  Constant LDAP_SERVER already defined in /var/www/auth/config.php on line 8
[31-Oct-2024 17:34:53 UTC] PHP Notice:  Constant LDAP_ADMIN_USER already defined in /var/www/auth/config.php on line 9
[31-Oct-2024 17:34:53 UTC] PHP Notice:  Constant LDAP_ADMIN_PASS already defined in /var/www/auth/config.php on line 10
[31-Oct-2024 17:34:53 UTC] PHP Notice:  Constant LDAP_SEARCH_BASE already defined in /var/www/auth/config.php on line 11
[31-Oct-2024 17:34:53 UTC] PHP Notice:  Constant DB_SERVER already defined in /var/www/auth/config.php on line 14
[31-Oct-2024 17:34:53 UTC] PHP Notice:  Constant DB_USERNAME already defined in /var/www/auth/config.php on line 15
[31-Oct-2024 17:34:53 UTC] PHP Notice:  Constant DB_PASSWORD already defined in /var/www/auth/config.php on line 16
[31-Oct-2024 17:34:53 UTC] PHP Notice:  Constant DB_NAME already defined in /var/www/auth/config.php on line 17
[31-Oct-2024 17:34:59 UTC] PHP Notice:  Constant LDAP_SERVER already defined in /var/www/auth/config.php on line 8
[31-Oct-2024 17:34:59 UTC] PHP Notice:  Constant LDAP_ADMIN_USER already defined in /var/www/auth/config.php on line 9
[31-Oct-2024 17:34:59 UTC] PHP Notice:  Constant LDAP_ADMIN_PASS already defined in /var/www/auth/config.php on line 10
[31-Oct-2024 17:34:59 UTC] PHP Notice:  Constant LDAP_SEARCH_BASE already defined in /var/www/auth/config.php on line 11
[31-Oct-2024 17:34:59 UTC] PHP Notice:  Constant DB_SERVER already defined in /var/www/auth/config.php on line 14
[31-Oct-2024 17:34:59 UTC] PHP Notice:  Constant DB_USERNAME already defined in /var/www/auth/config.php on line 15
[31-Oct-2024 17:34:59 UTC] PHP Notice:  Constant DB_PASSWORD already defined in /var/www/auth/config.php on line 16
[31-Oct-2024 17:34:59 UTC] PHP Notice:  Constant DB_NAME already defined in /var/www/auth/config.php on line 17
[31-Oct-2024 17:35:51 UTC] PHP Notice:  Constant LDAP_SERVER already defined in /var/www/auth/config.php on line 8
[31-Oct-2024 17:35:51 UTC] PHP Notice:  Constant LDAP_ADMIN_USER already defined in /var/www/auth/config.php on line 9
[31-Oct-2024 17:35:51 UTC] PHP Notice:  Constant LDAP_ADMIN_PASS already defined in /var/www/auth/config.php on line 10
[31-Oct-2024 17:35:51 UTC] PHP Notice:  Constant LDAP_SEARCH_BASE already defined in /var/www/auth/config.php on line 11
[31-Oct-2024 17:35:51 UTC] PHP Notice:  Constant DB_SERVER already defined in /var/www/auth/config.php on line 14
[31-Oct-2024 17:35:51 UTC] PHP Notice:  Constant DB_USERNAME already defined in /var/www/auth/config.php on line 15
[31-Oct-2024 17:35:51 UTC] PHP Notice:  Constant DB_PASSWORD already defined in /var/www/auth/config.php on line 16
[31-Oct-2024 17:35:51 UTC] PHP Notice:  Constant DB_NAME already defined in /var/www/auth/config.php on line 17
[31-Oct-2024 17:35:56 UTC] PHP Notice:  Constant LDAP_SERVER already defined in /var/www/auth/config.php on line 8
[31-Oct-2024 17:35:56 UTC] PHP Notice:  Constant LDAP_ADMIN_USER already defined in /var/www/auth/config.php on line 9
[31-Oct-2024 17:35:56 UTC] PHP Notice:  Constant LDAP_ADMIN_PASS already defined in /var/www/auth/config.php on line 10
[31-Oct-2024 17:35:56 UTC] PHP Notice:  Constant LDAP_SEARCH_BASE already defined in /var/www/auth/config.php on line 11
[31-Oct-2024 17:35:56 UTC] PHP Notice:  Constant DB_SERVER already defined in /var/www/auth/config.php on line 14
[31-Oct-2024 17:35:56 UTC] PHP Notice:  Constant DB_USERNAME already defined in /var/www/auth/config.php on line 15
[31-Oct-2024 17:35:56 UTC] PHP Notice:  Constant DB_PASSWORD already defined in /var/www/auth/config.php on line 16
[31-Oct-2024 17:35:56 UTC] PHP Notice:  Constant DB_NAME already defined in /var/www/auth/config.php on line 17
[31-Oct-2024 17:50:16 UTC] PHP Notice:  Constant LDAP_SERVER already defined in /var/www/auth/config.php on line 8
[31-Oct-2024 17:50:16 UTC] PHP Notice:  Constant LDAP_ADMIN_USER already defined in /var/www/auth/config.php on line 9
[31-Oct-2024 17:50:16 UTC] PHP Notice:  Constant LDAP_ADMIN_PASS already defined in /var/www/auth/config.php on line 10
[31-Oct-2024 17:50:16 UTC] PHP Notice:  Constant LDAP_SEARCH_BASE already defined in /var/www/auth/config.php on line 11
[31-Oct-2024 17:50:16 UTC] PHP Notice:  Constant DB_SERVER already defined in /var/www/auth/config.php on line 14
[31-Oct-2024 17:50:16 UTC] PHP Notice:  Constant DB_USERNAME already defined in /var/www/auth/config.php on line 15
[31-Oct-2024 17:50:16 UTC] PHP Notice:  Constant DB_PASSWORD already defined in /var/www/auth/config.php on line 16
[31-Oct-2024 17:50:16 UTC] PHP Notice:  Constant DB_NAME already defined in /var/www/auth/config.php on line 17
[31-Oct-2024 17:50:19 UTC] PHP Notice:  Constant LDAP_SERVER already defined in /var/www/auth/config.php on line 8
[31-Oct-2024 17:50:19 UTC] PHP Notice:  Constant LDAP_ADMIN_USER already defined in /var/www/auth/config.php on line 9
[31-Oct-2024 17:50:19 UTC] PHP Notice:  Constant LDAP_ADMIN_PASS already defined in /var/www/auth/config.php on line 10
[31-Oct-2024 17:50:19 UTC] PHP Notice:  Constant LDAP_SEARCH_BASE already defined in /var/www/auth/config.php on line 11
[31-Oct-2024 17:50:19 UTC] PHP Notice:  Constant DB_SERVER already defined in /var/www/auth/config.php on line 14
[31-Oct-2024 17:50:19 UTC] PHP Notice:  Constant DB_USERNAME already defined in /var/www/auth/config.php on line 15
[31-Oct-2024 17:50:19 UTC] PHP Notice:  Constant DB_PASSWORD already defined in /var/www/auth/config.php on line 16
[31-Oct-2024 17:50:19 UTC] PHP Notice:  Constant DB_NAME already defined in /var/www/auth/config.php on line 17
[31-Oct-2024 18:21:24 UTC] PHP Notice:  Constant LDAP_SERVER already defined in /var/www/auth/config.php on line 8
[31-Oct-2024 18:21:24 UTC] PHP Notice:  Constant LDAP_ADMIN_USER already defined in /var/www/auth/config.php on line 9
[31-Oct-2024 18:21:24 UTC] PHP Notice:  Constant LDAP_ADMIN_PASS already defined in /var/www/auth/config.php on line 10
[31-Oct-2024 18:21:24 UTC] PHP Notice:  Constant LDAP_SEARCH_BASE already defined in /var/www/auth/config.php on line 11
[31-Oct-2024 18:21:24 UTC] PHP Notice:  Constant DB_SERVER already defined in /var/www/auth/config.php on line 14
[31-Oct-2024 18:21:24 UTC] PHP Notice:  Constant DB_USERNAME already defined in /var/www/auth/config.php on line 15
[31-Oct-2024 18:21:24 UTC] PHP Notice:  Constant DB_PASSWORD already defined in /var/www/auth/config.php on line 16
[31-Oct-2024 18:21:24 UTC] PHP Notice:  Constant DB_NAME already defined in /var/www/auth/config.php on line 17
[31-Oct-2024 18:21:34 UTC] PHP Notice:  Constant LDAP_SERVER already defined in /var/www/auth/config.php on line 8
[31-Oct-2024 18:21:34 UTC] PHP Notice:  Constant LDAP_ADMIN_USER already defined in /var/www/auth/config.php on line 9
[31-Oct-2024 18:21:34 UTC] PHP Notice:  Constant LDAP_ADMIN_PASS already defined in /var/www/auth/config.php on line 10
[31-Oct-2024 18:21:34 UTC] PHP Notice:  Constant LDAP_SEARCH_BASE already defined in /var/www/auth/config.php on line 11
[31-Oct-2024 18:21:34 UTC] PHP Notice:  Constant DB_SERVER already defined in /var/www/auth/config.php on line 14
[31-Oct-2024 18:21:34 UTC] PHP Notice:  Constant DB_USERNAME already defined in /var/www/auth/config.php on line 15
[31-Oct-2024 18:21:34 UTC] PHP Notice:  Constant DB_PASSWORD already defined in /var/www/auth/config.php on line 16
[31-Oct-2024 18:21:34 UTC] PHP Notice:  Constant DB_NAME already defined in /var/www/auth/config.php on line 17
[31-Oct-2024 18:21:37 UTC] PHP Notice:  Constant LDAP_SERVER already defined in /var/www/auth/config.php on line 8
[31-Oct-2024 18:21:37 UTC] PHP Notice:  Constant LDAP_ADMIN_USER already defined in /var/www/auth/config.php on line 9
[31-Oct-2024 18:21:37 UTC] PHP Notice:  Constant LDAP_ADMIN_PASS already defined in /var/www/auth/config.php on line 10
[31-Oct-2024 18:21:37 UTC] PHP Notice:  Constant LDAP_SEARCH_BASE already defined in /var/www/auth/config.php on line 11
[31-Oct-2024 18:21:37 UTC] PHP Notice:  Constant DB_SERVER already defined in /var/www/auth/config.php on line 14
[31-Oct-2024 18:21:37 UTC] PHP Notice:  Constant DB_USERNAME already defined in /var/www/auth/config.php on line 15
[31-Oct-2024 18:21:37 UTC] PHP Notice:  Constant DB_PASSWORD already defined in /var/www/auth/config.php on line 16
[31-Oct-2024 18:21:37 UTC] PHP Notice:  Constant DB_NAME already defined in /var/www/auth/config.php on line 17
[31-Oct-2024 18:21:41 UTC] PHP Notice:  Constant LDAP_SERVER already defined in /var/www/auth/config.php on line 8
[31-Oct-2024 18:21:41 UTC] PHP Notice:  Constant LDAP_ADMIN_USER already defined in /var/www/auth/config.php on line 9
[31-Oct-2024 18:21:41 UTC] PHP Notice:  Constant LDAP_ADMIN_PASS already defined in /var/www/auth/config.php on line 10
[31-Oct-2024 18:21:41 UTC] PHP Notice:  Constant LDAP_SEARCH_BASE already defined in /var/www/auth/config.php on line 11
[31-Oct-2024 18:21:41 UTC] PHP Notice:  Constant DB_SERVER already defined in /var/www/auth/config.php on line 14
[31-Oct-2024 18:21:41 UTC] PHP Notice:  Constant DB_USERNAME already defined in /var/www/auth/config.php on line 15
[31-Oct-2024 18:21:41 UTC] PHP Notice:  Constant DB_PASSWORD already defined in /var/www/auth/config.php on line 16
[31-Oct-2024 18:21:41 UTC] PHP Notice:  Constant DB_NAME already defined in /var/www/auth/config.php on line 17
[31-Oct-2024 18:21:46 UTC] PHP Notice:  Constant LDAP_SERVER already defined in /var/www/auth/config.php on line 8
[31-Oct-2024 18:21:46 UTC] PHP Notice:  Constant LDAP_ADMIN_USER already defined in /var/www/auth/config.php on line 9
[31-Oct-2024 18:21:46 UTC] PHP Notice:  Constant LDAP_ADMIN_PASS already defined in /var/www/auth/config.php on line 10
[31-Oct-2024 18:21:46 UTC] PHP Notice:  Constant LDAP_SEARCH_BASE already defined in /var/www/auth/config.php on line 11
[31-Oct-2024 18:21:46 UTC] PHP Notice:  Constant DB_SERVER already defined in /var/www/auth/config.php on line 14
[31-Oct-2024 18:21:46 UTC] PHP Notice:  Constant DB_USERNAME already defined in /var/www/auth/config.php on line 15
[31-Oct-2024 18:21:46 UTC] PHP Notice:  Constant DB_PASSWORD already defined in /var/www/auth/config.php on line 16
[31-Oct-2024 18:21:46 UTC] PHP Notice:  Constant DB_NAME already defined in /var/www/auth/config.php on line 17
[31-Oct-2024 18:21:48 UTC] PHP Notice:  Constant LDAP_SERVER already defined in /var/www/auth/config.php on line 8
[31-Oct-2024 18:21:48 UTC] PHP Notice:  Constant LDAP_ADMIN_USER already defined in /var/www/auth/config.php on line 9
[31-Oct-2024 18:21:48 UTC] PHP Notice:  Constant LDAP_ADMIN_PASS already defined in /var/www/auth/config.php on line 10
[31-Oct-2024 18:21:48 UTC] PHP Notice:  Constant LDAP_SEARCH_BASE already defined in /var/www/auth/config.php on line 11
[31-Oct-2024 18:21:48 UTC] PHP Notice:  Constant DB_SERVER already defined in /var/www/auth/config.php on line 14
[31-Oct-2024 18:21:48 UTC] PHP Notice:  Constant DB_USERNAME already defined in /var/www/auth/config.php on line 15
[31-Oct-2024 18:21:48 UTC] PHP Notice:  Constant DB_PASSWORD already defined in /var/www/auth/config.php on line 16
[31-Oct-2024 18:21:48 UTC] PHP Notice:  Constant DB_NAME already defined in /var/www/auth/config.php on line 17
[31-Oct-2024 18:22:36 UTC] PHP Notice:  Constant LDAP_SERVER already defined in /var/www/auth/config.php on line 8
[31-Oct-2024 18:22:36 UTC] PHP Notice:  Constant LDAP_ADMIN_USER already defined in /var/www/auth/config.php on line 9
[31-Oct-2024 18:22:36 UTC] PHP Notice:  Constant LDAP_ADMIN_PASS already defined in /var/www/auth/config.php on line 10
[31-Oct-2024 18:22:36 UTC] PHP Notice:  Constant LDAP_SEARCH_BASE already defined in /var/www/auth/config.php on line 11
[31-Oct-2024 18:22:36 UTC] PHP Notice:  Constant DB_SERVER already defined in /var/www/auth/config.php on line 14
[31-Oct-2024 18:22:36 UTC] PHP Notice:  Constant DB_USERNAME already defined in /var/www/auth/config.php on line 15
[31-Oct-2024 18:22:36 UTC] PHP Notice:  Constant DB_PASSWORD already defined in /var/www/auth/config.php on line 16
[31-Oct-2024 18:22:36 UTC] PHP Notice:  Constant DB_NAME already defined in /var/www/auth/config.php on line 17
[31-Oct-2024 18:27:50 UTC] PHP Notice:  Constant LDAP_SERVER already defined in /var/www/auth/config.php on line 8
[31-Oct-2024 18:27:50 UTC] PHP Notice:  Constant LDAP_ADMIN_USER already defined in /var/www/auth/config.php on line 9
[31-Oct-2024 18:27:50 UTC] PHP Notice:  Constant LDAP_ADMIN_PASS already defined in /var/www/auth/config.php on line 10
[31-Oct-2024 18:27:50 UTC] PHP Notice:  Constant LDAP_SEARCH_BASE already defined in /var/www/auth/config.php on line 11
[31-Oct-2024 18:27:50 UTC] PHP Notice:  Constant DB_SERVER already defined in /var/www/auth/config.php on line 14
[31-Oct-2024 18:27:50 UTC] PHP Notice:  Constant DB_USERNAME already defined in /var/www/auth/config.php on line 15
[31-Oct-2024 18:27:50 UTC] PHP Notice:  Constant DB_PASSWORD already defined in /var/www/auth/config.php on line 16
[31-Oct-2024 18:27:50 UTC] PHP Notice:  Constant DB_NAME already defined in /var/www/auth/config.php on line 17
[31-Oct-2024 18:27:52 UTC] PHP Notice:  Constant LDAP_SERVER already defined in /var/www/auth/config.php on line 8
[31-Oct-2024 18:27:52 UTC] PHP Notice:  Constant LDAP_ADMIN_USER already defined in /var/www/auth/config.php on line 9
[31-Oct-2024 18:27:52 UTC] PHP Notice:  Constant LDAP_ADMIN_PASS already defined in /var/www/auth/config.php on line 10
[31-Oct-2024 18:27:52 UTC] PHP Notice:  Constant LDAP_SEARCH_BASE already defined in /var/www/auth/config.php on line 11
[31-Oct-2024 18:27:52 UTC] PHP Notice:  Constant DB_SERVER already defined in /var/www/auth/config.php on line 14
[31-Oct-2024 18:27:52 UTC] PHP Notice:  Constant DB_USERNAME already defined in /var/www/auth/config.php on line 15
[31-Oct-2024 18:27:52 UTC] PHP Notice:  Constant DB_PASSWORD already defined in /var/www/auth/config.php on line 16
[31-Oct-2024 18:27:52 UTC] PHP Notice:  Constant DB_NAME already defined in /var/www/auth/config.php on line 17
[31-Oct-2024 18:27:54 UTC] PHP Notice:  Constant LDAP_SERVER already defined in /var/www/auth/config.php on line 8
[31-Oct-2024 18:27:54 UTC] PHP Notice:  Constant LDAP_ADMIN_USER already defined in /var/www/auth/config.php on line 9
[31-Oct-2024 18:27:54 UTC] PHP Notice:  Constant LDAP_ADMIN_PASS already defined in /var/www/auth/config.php on line 10
[31-Oct-2024 18:27:54 UTC] PHP Notice:  Constant LDAP_SEARCH_BASE already defined in /var/www/auth/config.php on line 11
[31-Oct-2024 18:27:54 UTC] PHP Notice:  Constant DB_SERVER already defined in /var/www/auth/config.php on line 14
[31-Oct-2024 18:27:54 UTC] PHP Notice:  Constant DB_USERNAME already defined in /var/www/auth/config.php on line 15
[31-Oct-2024 18:27:54 UTC] PHP Notice:  Constant DB_PASSWORD already defined in /var/www/auth/config.php on line 16
[31-Oct-2024 18:27:54 UTC] PHP Notice:  Constant DB_NAME already defined in /var/www/auth/config.php on line 17
[31-Oct-2024 18:27:57 UTC] PHP Notice:  Constant LDAP_SERVER already defined in /var/www/auth/config.php on line 8
[31-Oct-2024 18:27:57 UTC] PHP Notice:  Constant LDAP_ADMIN_USER already defined in /var/www/auth/config.php on line 9
[31-Oct-2024 18:27:57 UTC] PHP Notice:  Constant LDAP_ADMIN_PASS already defined in /var/www/auth/config.php on line 10
[31-Oct-2024 18:27:57 UTC] PHP Notice:  Constant LDAP_SEARCH_BASE already defined in /var/www/auth/config.php on line 11
[31-Oct-2024 18:27:57 UTC] PHP Notice:  Constant DB_SERVER already defined in /var/www/auth/config.php on line 14
[31-Oct-2024 18:27:58 UTC] PHP Notice:  Constant DB_USERNAME already defined in /var/www/auth/config.php on line 15
[31-Oct-2024 18:27:58 UTC] PHP Notice:  Constant DB_PASSWORD already defined in /var/www/auth/config.php on line 16
[31-Oct-2024 18:27:58 UTC] PHP Notice:  Constant DB_NAME already defined in /var/www/auth/config.php on line 17
[31-Oct-2024 18:59:41 UTC] PHP Notice:  Constant LDAP_SERVER already defined in /var/www/auth/config.php on line 8
[31-Oct-2024 18:59:41 UTC] PHP Notice:  Constant LDAP_ADMIN_USER already defined in /var/www/auth/config.php on line 9
[31-Oct-2024 18:59:41 UTC] PHP Notice:  Constant LDAP_ADMIN_PASS already defined in /var/www/auth/config.php on line 10
[31-Oct-2024 18:59:41 UTC] PHP Notice:  Constant LDAP_SEARCH_BASE already defined in /var/www/auth/config.php on line 11
[31-Oct-2024 18:59:41 UTC] PHP Notice:  Constant DB_SERVER already defined in /var/www/auth/config.php on line 14
[31-Oct-2024 18:59:41 UTC] PHP Notice:  Constant DB_USERNAME already defined in /var/www/auth/config.php on line 15
[31-Oct-2024 18:59:41 UTC] PHP Notice:  Constant DB_PASSWORD already defined in /var/www/auth/config.php on line 16
[31-Oct-2024 18:59:41 UTC] PHP Notice:  Constant DB_NAME already defined in /var/www/auth/config.php on line 17
[31-Oct-2024 18:59:44 UTC] PHP Notice:  Constant LDAP_SERVER already defined in /var/www/auth/config.php on line 8
[31-Oct-2024 18:59:44 UTC] PHP Notice:  Constant LDAP_ADMIN_USER already defined in /var/www/auth/config.php on line 9
[31-Oct-2024 18:59:44 UTC] PHP Notice:  Constant LDAP_ADMIN_PASS already defined in /var/www/auth/config.php on line 10
[31-Oct-2024 18:59:44 UTC] PHP Notice:  Constant LDAP_SEARCH_BASE already defined in /var/www/auth/config.php on line 11
[31-Oct-2024 18:59:44 UTC] PHP Notice:  Constant DB_SERVER already defined in /var/www/auth/config.php on line 14
[31-Oct-2024 18:59:44 UTC] PHP Notice:  Constant DB_USERNAME already defined in /var/www/auth/config.php on line 15
[31-Oct-2024 18:59:44 UTC] PHP Notice:  Constant DB_PASSWORD already defined in /var/www/auth/config.php on line 16
[31-Oct-2024 18:59:44 UTC] PHP Notice:  Constant DB_NAME already defined in /var/www/auth/config.php on line 17
[31-Oct-2024 19:03:08 UTC] PHP Notice:  Constant LDAP_SERVER already defined in /var/www/auth/config.php on line 8
[31-Oct-2024 19:03:08 UTC] PHP Notice:  Constant LDAP_ADMIN_USER already defined in /var/www/auth/config.php on line 9
[31-Oct-2024 19:03:08 UTC] PHP Notice:  Constant LDAP_ADMIN_PASS already defined in /var/www/auth/config.php on line 10
[31-Oct-2024 19:03:08 UTC] PHP Notice:  Constant LDAP_SEARCH_BASE already defined in /var/www/auth/config.php on line 11
[31-Oct-2024 19:03:08 UTC] PHP Notice:  Constant DB_SERVER already defined in /var/www/auth/config.php on line 14
[31-Oct-2024 19:03:08 UTC] PHP Notice:  Constant DB_USERNAME already defined in /var/www/auth/config.php on line 15
[31-Oct-2024 19:03:08 UTC] PHP Notice:  Constant DB_PASSWORD already defined in /var/www/auth/config.php on line 16
[31-Oct-2024 19:03:08 UTC] PHP Notice:  Constant DB_NAME already defined in /var/www/auth/config.php on line 17
[31-Oct-2024 19:15:52 UTC] PHP Notice:  Constant LDAP_SERVER already defined in /var/www/auth/config.php on line 8
[31-Oct-2024 19:15:52 UTC] PHP Notice:  Constant LDAP_ADMIN_USER already defined in /var/www/auth/config.php on line 9
[31-Oct-2024 19:15:52 UTC] PHP Notice:  Constant LDAP_ADMIN_PASS already defined in /var/www/auth/config.php on line 10
[31-Oct-2024 19:15:52 UTC] PHP Notice:  Constant LDAP_SEARCH_BASE already defined in /var/www/auth/config.php on line 11
[31-Oct-2024 19:15:52 UTC] PHP Notice:  Constant DB_SERVER already defined in /var/www/auth/config.php on line 14
[31-Oct-2024 19:15:52 UTC] PHP Notice:  Constant DB_USERNAME already defined in /var/www/auth/config.php on line 15
[31-Oct-2024 19:15:52 UTC] PHP Notice:  Constant DB_PASSWORD already defined in /var/www/auth/config.php on line 16
[31-Oct-2024 19:15:52 UTC] PHP Notice:  Constant DB_NAME already defined in /var/www/auth/config.php on line 17
[31-Oct-2024 19:24:51 UTC] PHP Notice:  Constant LDAP_SERVER already defined in /var/www/auth/config.php on line 8
[31-Oct-2024 19:24:51 UTC] PHP Notice:  Constant LDAP_ADMIN_USER already defined in /var/www/auth/config.php on line 9
[31-Oct-2024 19:24:51 UTC] PHP Notice:  Constant LDAP_ADMIN_PASS already defined in /var/www/auth/config.php on line 10
[31-Oct-2024 19:24:51 UTC] PHP Notice:  Constant LDAP_SEARCH_BASE already defined in /var/www/auth/config.php on line 11
[31-Oct-2024 19:24:51 UTC] PHP Notice:  Constant DB_SERVER already defined in /var/www/auth/config.php on line 14
[31-Oct-2024 19:24:51 UTC] PHP Notice:  Constant DB_USERNAME already defined in /var/www/auth/config.php on line 15
[31-Oct-2024 19:24:51 UTC] PHP Notice:  Constant DB_PASSWORD already defined in /var/www/auth/config.php on line 16
[31-Oct-2024 19:24:51 UTC] PHP Notice:  Constant DB_NAME already defined in /var/www/auth/config.php on line 17
[31-Oct-2024 19:24:53 UTC] PHP Notice:  Constant LDAP_SERVER already defined in /var/www/auth/config.php on line 8
[31-Oct-2024 19:24:53 UTC] PHP Notice:  Constant LDAP_ADMIN_USER already defined in /var/www/auth/config.php on line 9
[31-Oct-2024 19:24:53 UTC] PHP Notice:  Constant LDAP_ADMIN_PASS already defined in /var/www/auth/config.php on line 10
[31-Oct-2024 19:24:53 UTC] PHP Notice:  Constant LDAP_SEARCH_BASE already defined in /var/www/auth/config.php on line 11
[31-Oct-2024 19:24:53 UTC] PHP Notice:  Constant DB_SERVER already defined in /var/www/auth/config.php on line 14
[31-Oct-2024 19:24:53 UTC] PHP Notice:  Constant DB_USERNAME already defined in /var/www/auth/config.php on line 15
[31-Oct-2024 19:24:53 UTC] PHP Notice:  Constant DB_PASSWORD already defined in /var/www/auth/config.php on line 16
[31-Oct-2024 19:24:53 UTC] PHP Notice:  Constant DB_NAME already defined in /var/www/auth/config.php on line 17
[31-Oct-2024 19:25:44 UTC] PHP Notice:  Constant LDAP_SERVER already defined in /var/www/auth/config.php on line 8
[31-Oct-2024 19:25:44 UTC] PHP Notice:  Constant LDAP_ADMIN_USER already defined in /var/www/auth/config.php on line 9
[31-Oct-2024 19:25:44 UTC] PHP Notice:  Constant LDAP_ADMIN_PASS already defined in /var/www/auth/config.php on line 10
[31-Oct-2024 19:25:44 UTC] PHP Notice:  Constant LDAP_SEARCH_BASE already defined in /var/www/auth/config.php on line 11
[31-Oct-2024 19:25:44 UTC] PHP Notice:  Constant DB_SERVER already defined in /var/www/auth/config.php on line 14
[31-Oct-2024 19:25:44 UTC] PHP Notice:  Constant DB_USERNAME already defined in /var/www/auth/config.php on line 15
[31-Oct-2024 19:25:44 UTC] PHP Notice:  Constant DB_PASSWORD already defined in /var/www/auth/config.php on line 16
[31-Oct-2024 19:25:44 UTC] PHP Notice:  Constant DB_NAME already defined in /var/www/auth/config.php on line 17
[31-Oct-2024 19:25:47 UTC] PHP Notice:  Constant LDAP_SERVER already defined in /var/www/auth/config.php on line 8
[31-Oct-2024 19:25:47 UTC] PHP Notice:  Constant LDAP_ADMIN_USER already defined in /var/www/auth/config.php on line 9
[31-Oct-2024 19:25:47 UTC] PHP Notice:  Constant LDAP_ADMIN_PASS already defined in /var/www/auth/config.php on line 10
[31-Oct-2024 19:25:47 UTC] PHP Notice:  Constant LDAP_SEARCH_BASE already defined in /var/www/auth/config.php on line 11
[31-Oct-2024 19:25:47 UTC] PHP Notice:  Constant DB_SERVER already defined in /var/www/auth/config.php on line 14
[31-Oct-2024 19:25:47 UTC] PHP Notice:  Constant DB_USERNAME already defined in /var/www/auth/config.php on line 15
[31-Oct-2024 19:25:47 UTC] PHP Notice:  Constant DB_PASSWORD already defined in /var/www/auth/config.php on line 16
[31-Oct-2024 19:25:47 UTC] PHP Notice:  Constant DB_NAME already defined in /var/www/auth/config.php on line 17
[31-Oct-2024 19:25:53 UTC] PHP Warning:  include(auth/session_timeout.php): failed to open stream: No such file or directory in /var/www/auth/admin_dashboard.php on line 3
[31-Oct-2024 19:25:53 UTC] PHP Warning:  include(): Failed opening 'auth/session_timeout.php' for inclusion (include_path='.:/usr/share/php') in /var/www/auth/admin_dashboard.php on line 3
[31-Oct-2024 19:34:39 UTC] PHP Notice:  Constant LDAP_SERVER already defined in /var/www/auth/config.php on line 8
[31-Oct-2024 19:34:39 UTC] PHP Notice:  Constant LDAP_ADMIN_USER already defined in /var/www/auth/config.php on line 9
[31-Oct-2024 19:34:39 UTC] PHP Notice:  Constant LDAP_ADMIN_PASS already defined in /var/www/auth/config.php on line 10
[31-Oct-2024 19:34:39 UTC] PHP Notice:  Constant LDAP_SEARCH_BASE already defined in /var/www/auth/config.php on line 11
[31-Oct-2024 19:34:39 UTC] PHP Notice:  Constant DB_SERVER already defined in /var/www/auth/config.php on line 14
[31-Oct-2024 19:34:39 UTC] PHP Notice:  Constant DB_USERNAME already defined in /var/www/auth/config.php on line 15
[31-Oct-2024 19:34:39 UTC] PHP Notice:  Constant DB_PASSWORD already defined in /var/www/auth/config.php on line 16
[31-Oct-2024 19:34:39 UTC] PHP Notice:  Constant DB_NAME already defined in /var/www/auth/config.php on line 17
[31-Oct-2024 19:34:43 UTC] PHP Notice:  Constant LDAP_SERVER already defined in /var/www/auth/config.php on line 8
[31-Oct-2024 19:34:43 UTC] PHP Notice:  Constant LDAP_ADMIN_USER already defined in /var/www/auth/config.php on line 9
[31-Oct-2024 19:34:43 UTC] PHP Notice:  Constant LDAP_ADMIN_PASS already defined in /var/www/auth/config.php on line 10
[31-Oct-2024 19:34:43 UTC] PHP Notice:  Constant LDAP_SEARCH_BASE already defined in /var/www/auth/config.php on line 11
[31-Oct-2024 19:34:43 UTC] PHP Notice:  Constant DB_SERVER already defined in /var/www/auth/config.php on line 14
[31-Oct-2024 19:34:43 UTC] PHP Notice:  Constant DB_USERNAME already defined in /var/www/auth/config.php on line 15
[31-Oct-2024 19:34:43 UTC] PHP Notice:  Constant DB_PASSWORD already defined in /var/www/auth/config.php on line 16
[31-Oct-2024 19:34:43 UTC] PHP Notice:  Constant DB_NAME already defined in /var/www/auth/config.php on line 17
[31-Oct-2024 19:41:57 UTC] PHP Notice:  Constant LDAP_SERVER already defined in /var/www/auth/config.php on line 8
[31-Oct-2024 19:41:57 UTC] PHP Notice:  Constant LDAP_ADMIN_USER already defined in /var/www/auth/config.php on line 9
[31-Oct-2024 19:41:57 UTC] PHP Notice:  Constant LDAP_ADMIN_PASS already defined in /var/www/auth/config.php on line 10
[31-Oct-2024 19:41:57 UTC] PHP Notice:  Constant LDAP_SEARCH_BASE already defined in /var/www/auth/config.php on line 11
[31-Oct-2024 19:41:57 UTC] PHP Notice:  Constant DB_SERVER already defined in /var/www/auth/config.php on line 14
[31-Oct-2024 19:41:57 UTC] PHP Notice:  Constant DB_USERNAME already defined in /var/www/auth/config.php on line 15
[31-Oct-2024 19:41:57 UTC] PHP Notice:  Constant DB_PASSWORD already defined in /var/www/auth/config.php on line 16
[31-Oct-2024 19:41:57 UTC] PHP Notice:  Constant DB_NAME already defined in /var/www/auth/config.php on line 17
[31-Oct-2024 19:41:59 UTC] PHP Notice:  Constant LDAP_SERVER already defined in /var/www/auth/config.php on line 8
[31-Oct-2024 19:41:59 UTC] PHP Notice:  Constant LDAP_ADMIN_USER already defined in /var/www/auth/config.php on line 9
[31-Oct-2024 19:41:59 UTC] PHP Notice:  Constant LDAP_ADMIN_PASS already defined in /var/www/auth/config.php on line 10
[31-Oct-2024 19:41:59 UTC] PHP Notice:  Constant LDAP_SEARCH_BASE already defined in /var/www/auth/config.php on line 11
[31-Oct-2024 19:41:59 UTC] PHP Notice:  Constant DB_SERVER already defined in /var/www/auth/config.php on line 14
[31-Oct-2024 19:41:59 UTC] PHP Notice:  Constant DB_USERNAME already defined in /var/www/auth/config.php on line 15
[31-Oct-2024 19:41:59 UTC] PHP Notice:  Constant DB_PASSWORD already defined in /var/www/auth/config.php on line 16
[31-Oct-2024 19:41:59 UTC] PHP Notice:  Constant DB_NAME already defined in /var/www/auth/config.php on line 17
[31-Oct-2024 19:49:52 UTC] PHP Notice:  Constant LDAP_SERVER already defined in /var/www/auth/config.php on line 8
[31-Oct-2024 19:49:52 UTC] PHP Notice:  Constant LDAP_ADMIN_USER already defined in /var/www/auth/config.php on line 9
[31-Oct-2024 19:49:52 UTC] PHP Notice:  Constant LDAP_ADMIN_PASS already defined in /var/www/auth/config.php on line 10
[31-Oct-2024 19:49:52 UTC] PHP Notice:  Constant LDAP_SEARCH_BASE already defined in /var/www/auth/config.php on line 11
[31-Oct-2024 19:49:52 UTC] PHP Notice:  Constant DB_SERVER already defined in /var/www/auth/config.php on line 14
[31-Oct-2024 19:49:52 UTC] PHP Notice:  Constant DB_USERNAME already defined in /var/www/auth/config.php on line 15
[31-Oct-2024 19:49:52 UTC] PHP Notice:  Constant DB_PASSWORD already defined in /var/www/auth/config.php on line 16
[31-Oct-2024 19:49:52 UTC] PHP Notice:  Constant DB_NAME already defined in /var/www/auth/config.php on line 17
[31-Oct-2024 19:49:55 UTC] PHP Notice:  Constant LDAP_SERVER already defined in /var/www/auth/config.php on line 8
[31-Oct-2024 19:49:55 UTC] PHP Notice:  Constant LDAP_ADMIN_USER already defined in /var/www/auth/config.php on line 9
[31-Oct-2024 19:49:55 UTC] PHP Notice:  Constant LDAP_ADMIN_PASS already defined in /var/www/auth/config.php on line 10
[31-Oct-2024 19:49:55 UTC] PHP Notice:  Constant LDAP_SEARCH_BASE already defined in /var/www/auth/config.php on line 11
[31-Oct-2024 19:49:55 UTC] PHP Notice:  Constant DB_SERVER already defined in /var/www/auth/config.php on line 14
[31-Oct-2024 19:49:55 UTC] PHP Notice:  Constant DB_USERNAME already defined in /var/www/auth/config.php on line 15
[31-Oct-2024 19:49:55 UTC] PHP Notice:  Constant DB_PASSWORD already defined in /var/www/auth/config.php on line 16
[31-Oct-2024 19:49:55 UTC] PHP Notice:  Constant DB_NAME already defined in /var/www/auth/config.php on line 17
[31-Oct-2024 19:50:04 UTC] PHP Notice:  Constant LDAP_SERVER already defined in /var/www/auth/config.php on line 8
[31-Oct-2024 19:50:04 UTC] PHP Notice:  Constant LDAP_ADMIN_USER already defined in /var/www/auth/config.php on line 9
[31-Oct-2024 19:50:04 UTC] PHP Notice:  Constant LDAP_ADMIN_PASS already defined in /var/www/auth/config.php on line 10
[31-Oct-2024 19:50:04 UTC] PHP Notice:  Constant LDAP_SEARCH_BASE already defined in /var/www/auth/config.php on line 11
[31-Oct-2024 19:50:04 UTC] PHP Notice:  Constant DB_SERVER already defined in /var/www/auth/config.php on line 14
[31-Oct-2024 19:50:04 UTC] PHP Notice:  Constant DB_USERNAME already defined in /var/www/auth/config.php on line 15
[31-Oct-2024 19:50:04 UTC] PHP Notice:  Constant DB_PASSWORD already defined in /var/www/auth/config.php on line 16
[31-Oct-2024 19:50:04 UTC] PHP Notice:  Constant DB_NAME already defined in /var/www/auth/config.php on line 17
[31-Oct-2024 19:50:07 UTC] PHP Notice:  Constant LDAP_SERVER already defined in /var/www/auth/config.php on line 8
[31-Oct-2024 19:50:07 UTC] PHP Notice:  Constant LDAP_ADMIN_USER already defined in /var/www/auth/config.php on line 9
[31-Oct-2024 19:50:07 UTC] PHP Notice:  Constant LDAP_ADMIN_PASS already defined in /var/www/auth/config.php on line 10
[31-Oct-2024 19:50:07 UTC] PHP Notice:  Constant LDAP_SEARCH_BASE already defined in /var/www/auth/config.php on line 11
[31-Oct-2024 19:50:07 UTC] PHP Notice:  Constant DB_SERVER already defined in /var/www/auth/config.php on line 14
[31-Oct-2024 19:50:07 UTC] PHP Notice:  Constant DB_USERNAME already defined in /var/www/auth/config.php on line 15
[31-Oct-2024 19:50:07 UTC] PHP Notice:  Constant DB_PASSWORD already defined in /var/www/auth/config.php on line 16
[31-Oct-2024 19:50:07 UTC] PHP Notice:  Constant DB_NAME already defined in /var/www/auth/config.php on line 17
[31-Oct-2024 19:50:43 UTC] PHP Notice:  Constant LDAP_SERVER already defined in /var/www/auth/config.php on line 8
[31-Oct-2024 19:50:43 UTC] PHP Notice:  Constant LDAP_ADMIN_USER already defined in /var/www/auth/config.php on line 9
[31-Oct-2024 19:50:43 UTC] PHP Notice:  Constant LDAP_ADMIN_PASS already defined in /var/www/auth/config.php on line 10
[31-Oct-2024 19:50:43 UTC] PHP Notice:  Constant LDAP_SEARCH_BASE already defined in /var/www/auth/config.php on line 11
[31-Oct-2024 19:50:43 UTC] PHP Notice:  Constant DB_SERVER already defined in /var/www/auth/config.php on line 14
[31-Oct-2024 19:50:43 UTC] PHP Notice:  Constant DB_USERNAME already defined in /var/www/auth/config.php on line 15
[31-Oct-2024 19:50:43 UTC] PHP Notice:  Constant DB_PASSWORD already defined in /var/www/auth/config.php on line 16
[31-Oct-2024 19:50:43 UTC] PHP Notice:  Constant DB_NAME already defined in /var/www/auth/config.php on line 17
[31-Oct-2024 19:50:43 UTC] PHP Notice:  Constant LDAP_SERVER already defined in /var/www/auth/config.php on line 8
[31-Oct-2024 19:50:43 UTC] PHP Notice:  Constant LDAP_ADMIN_USER already defined in /var/www/auth/config.php on line 9
[31-Oct-2024 19:50:43 UTC] PHP Notice:  Constant LDAP_ADMIN_PASS already defined in /var/www/auth/config.php on line 10
[31-Oct-2024 19:50:43 UTC] PHP Notice:  Constant LDAP_SEARCH_BASE already defined in /var/www/auth/config.php on line 11
[31-Oct-2024 19:50:43 UTC] PHP Notice:  Constant DB_SERVER already defined in /var/www/auth/config.php on line 14
[31-Oct-2024 19:50:43 UTC] PHP Notice:  Constant DB_USERNAME already defined in /var/www/auth/config.php on line 15
[31-Oct-2024 19:50:43 UTC] PHP Notice:  Constant DB_PASSWORD already defined in /var/www/auth/config.php on line 16
[31-Oct-2024 19:50:43 UTC] PHP Notice:  Constant DB_NAME already defined in /var/www/auth/config.php on line 17
[31-Oct-2024 19:50:47 UTC] PHP Notice:  Constant LDAP_SERVER already defined in /var/www/auth/config.php on line 8
[31-Oct-2024 19:50:47 UTC] PHP Notice:  Constant LDAP_ADMIN_USER already defined in /var/www/auth/config.php on line 9
[31-Oct-2024 19:50:47 UTC] PHP Notice:  Constant LDAP_ADMIN_PASS already defined in /var/www/auth/config.php on line 10
[31-Oct-2024 19:50:47 UTC] PHP Notice:  Constant LDAP_SEARCH_BASE already defined in /var/www/auth/config.php on line 11
[31-Oct-2024 19:50:47 UTC] PHP Notice:  Constant DB_SERVER already defined in /var/www/auth/config.php on line 14
[31-Oct-2024 19:50:47 UTC] PHP Notice:  Constant DB_USERNAME already defined in /var/www/auth/config.php on line 15
[31-Oct-2024 19:50:47 UTC] PHP Notice:  Constant DB_PASSWORD already defined in /var/www/auth/config.php on line 16
[31-Oct-2024 19:50:47 UTC] PHP Notice:  Constant DB_NAME already defined in /var/www/auth/config.php on line 17
[31-Oct-2024 20:24:03 UTC] PHP Notice:  Constant LDAP_SERVER already defined in /var/www/auth/config.php on line 8
[31-Oct-2024 20:24:03 UTC] PHP Notice:  Constant LDAP_ADMIN_USER already defined in /var/www/auth/config.php on line 9
[31-Oct-2024 20:24:03 UTC] PHP Notice:  Constant LDAP_ADMIN_PASS already defined in /var/www/auth/config.php on line 10
[31-Oct-2024 20:24:03 UTC] PHP Notice:  Constant LDAP_SEARCH_BASE already defined in /var/www/auth/config.php on line 11
[31-Oct-2024 20:24:03 UTC] PHP Notice:  Constant DB_SERVER already defined in /var/www/auth/config.php on line 14
[31-Oct-2024 20:24:03 UTC] PHP Notice:  Constant DB_USERNAME already defined in /var/www/auth/config.php on line 15
[31-Oct-2024 20:24:03 UTC] PHP Notice:  Constant DB_PASSWORD already defined in /var/www/auth/config.php on line 16
[31-Oct-2024 20:24:03 UTC] PHP Notice:  Constant DB_NAME already defined in /var/www/auth/config.php on line 17
[31-Oct-2024 20:24:08 UTC] PHP Notice:  Constant LDAP_SERVER already defined in /var/www/auth/config.php on line 8
[31-Oct-2024 20:24:08 UTC] PHP Notice:  Constant LDAP_ADMIN_USER already defined in /var/www/auth/config.php on line 9
[31-Oct-2024 20:24:08 UTC] PHP Notice:  Constant LDAP_ADMIN_PASS already defined in /var/www/auth/config.php on line 10
[31-Oct-2024 20:24:08 UTC] PHP Notice:  Constant LDAP_SEARCH_BASE already defined in /var/www/auth/config.php on line 11
[31-Oct-2024 20:24:08 UTC] PHP Notice:  Constant DB_SERVER already defined in /var/www/auth/config.php on line 14
[31-Oct-2024 20:24:08 UTC] PHP Notice:  Constant DB_USERNAME already defined in /var/www/auth/config.php on line 15
[31-Oct-2024 20:24:08 UTC] PHP Notice:  Constant DB_PASSWORD already defined in /var/www/auth/config.php on line 16
[31-Oct-2024 20:24:08 UTC] PHP Notice:  Constant DB_NAME already defined in /var/www/auth/config.php on line 17
[31-Oct-2024 20:42:04 UTC] PHP Notice:  Constant LDAP_SERVER already defined in /var/www/auth/config.php on line 8
[31-Oct-2024 20:42:04 UTC] PHP Notice:  Constant LDAP_ADMIN_USER already defined in /var/www/auth/config.php on line 9
[31-Oct-2024 20:42:04 UTC] PHP Notice:  Constant LDAP_ADMIN_PASS already defined in /var/www/auth/config.php on line 10
[31-Oct-2024 20:42:04 UTC] PHP Notice:  Constant LDAP_SEARCH_BASE already defined in /var/www/auth/config.php on line 11
[31-Oct-2024 20:42:04 UTC] PHP Notice:  Constant DB_SERVER already defined in /var/www/auth/config.php on line 14
[31-Oct-2024 20:42:04 UTC] PHP Notice:  Constant DB_USERNAME already defined in /var/www/auth/config.php on line 15
[31-Oct-2024 20:42:04 UTC] PHP Notice:  Constant DB_PASSWORD already defined in /var/www/auth/config.php on line 16
[31-Oct-2024 20:42:04 UTC] PHP Notice:  Constant DB_NAME already defined in /var/www/auth/config.php on line 17
[31-Oct-2024 20:42:09 UTC] PHP Notice:  Constant LDAP_SERVER already defined in /var/www/auth/config.php on line 8
[31-Oct-2024 20:42:09 UTC] PHP Notice:  Constant LDAP_ADMIN_USER already defined in /var/www/auth/config.php on line 9
[31-Oct-2024 20:42:09 UTC] PHP Notice:  Constant LDAP_ADMIN_PASS already defined in /var/www/auth/config.php on line 10
[31-Oct-2024 20:42:09 UTC] PHP Notice:  Constant LDAP_SEARCH_BASE already defined in /var/www/auth/config.php on line 11
[31-Oct-2024 20:42:09 UTC] PHP Notice:  Constant DB_SERVER already defined in /var/www/auth/config.php on line 14
[31-Oct-2024 20:42:09 UTC] PHP Notice:  Constant DB_USERNAME already defined in /var/www/auth/config.php on line 15
[31-Oct-2024 20:42:09 UTC] PHP Notice:  Constant DB_PASSWORD already defined in /var/www/auth/config.php on line 16
[31-Oct-2024 20:42:09 UTC] PHP Notice:  Constant DB_NAME already defined in /var/www/auth/config.php on line 17
[31-Oct-2024 20:42:12 UTC] PHP Notice:  Constant LDAP_SERVER already defined in /var/www/auth/config.php on line 8
[31-Oct-2024 20:42:12 UTC] PHP Notice:  Constant LDAP_ADMIN_USER already defined in /var/www/auth/config.php on line 9
[31-Oct-2024 20:42:12 UTC] PHP Notice:  Constant LDAP_ADMIN_PASS already defined in /var/www/auth/config.php on line 10
[31-Oct-2024 20:42:12 UTC] PHP Notice:  Constant LDAP_SEARCH_BASE already defined in /var/www/auth/config.php on line 11
[31-Oct-2024 20:42:12 UTC] PHP Notice:  Constant DB_SERVER already defined in /var/www/auth/config.php on line 14
[31-Oct-2024 20:42:12 UTC] PHP Notice:  Constant DB_USERNAME already defined in /var/www/auth/config.php on line 15
[31-Oct-2024 20:42:12 UTC] PHP Notice:  Constant DB_PASSWORD already defined in /var/www/auth/config.php on line 16
[31-Oct-2024 20:42:12 UTC] PHP Notice:  Constant DB_NAME already defined in /var/www/auth/config.php on line 17
[31-Oct-2024 20:42:16 UTC] PHP Notice:  Constant LDAP_SERVER already defined in /var/www/auth/config.php on line 8
[31-Oct-2024 20:42:16 UTC] PHP Notice:  Constant LDAP_ADMIN_USER already defined in /var/www/auth/config.php on line 9
[31-Oct-2024 20:42:16 UTC] PHP Notice:  Constant LDAP_ADMIN_PASS already defined in /var/www/auth/config.php on line 10
[31-Oct-2024 20:42:16 UTC] PHP Notice:  Constant LDAP_SEARCH_BASE already defined in /var/www/auth/config.php on line 11
[31-Oct-2024 20:42:16 UTC] PHP Notice:  Constant DB_SERVER already defined in /var/www/auth/config.php on line 14
[31-Oct-2024 20:42:16 UTC] PHP Notice:  Constant DB_USERNAME already defined in /var/www/auth/config.php on line 15
[31-Oct-2024 20:42:16 UTC] PHP Notice:  Constant DB_PASSWORD already defined in /var/www/auth/config.php on line 16
[31-Oct-2024 20:42:16 UTC] PHP Notice:  Constant DB_NAME already defined in /var/www/auth/config.php on line 17
[31-Oct-2024 20:42:19 UTC] PHP Notice:  Constant LDAP_SERVER already defined in /var/www/auth/config.php on line 8
[31-Oct-2024 20:42:19 UTC] PHP Notice:  Constant LDAP_ADMIN_USER already defined in /var/www/auth/config.php on line 9
[31-Oct-2024 20:42:19 UTC] PHP Notice:  Constant LDAP_ADMIN_PASS already defined in /var/www/auth/config.php on line 10
[31-Oct-2024 20:42:19 UTC] PHP Notice:  Constant LDAP_SEARCH_BASE already defined in /var/www/auth/config.php on line 11
[31-Oct-2024 20:42:19 UTC] PHP Notice:  Constant DB_SERVER already defined in /var/www/auth/config.php on line 14
[31-Oct-2024 20:42:19 UTC] PHP Notice:  Constant DB_USERNAME already defined in /var/www/auth/config.php on line 15
[31-Oct-2024 20:42:19 UTC] PHP Notice:  Constant DB_PASSWORD already defined in /var/www/auth/config.php on line 16
[31-Oct-2024 20:42:19 UTC] PHP Notice:  Constant DB_NAME already defined in /var/www/auth/config.php on line 17
[31-Oct-2024 20:46:57 UTC] PHP Notice:  Constant LDAP_SERVER already defined in /var/www/auth/config.php on line 8
[31-Oct-2024 20:46:57 UTC] PHP Notice:  Constant LDAP_ADMIN_USER already defined in /var/www/auth/config.php on line 9
[31-Oct-2024 20:46:57 UTC] PHP Notice:  Constant LDAP_ADMIN_PASS already defined in /var/www/auth/config.php on line 10
[31-Oct-2024 20:46:57 UTC] PHP Notice:  Constant LDAP_SEARCH_BASE already defined in /var/www/auth/config.php on line 11
[31-Oct-2024 20:46:57 UTC] PHP Notice:  Constant DB_SERVER already defined in /var/www/auth/config.php on line 14
[31-Oct-2024 20:46:57 UTC] PHP Notice:  Constant DB_USERNAME already defined in /var/www/auth/config.php on line 15
[31-Oct-2024 20:46:57 UTC] PHP Notice:  Constant DB_PASSWORD already defined in /var/www/auth/config.php on line 16
[31-Oct-2024 20:46:57 UTC] PHP Notice:  Constant DB_NAME already defined in /var/www/auth/config.php on line 17
[31-Oct-2024 20:46:57 UTC] PHP Warning:  include(includes/header-resources.php): failed to open stream: No such file or directory in /var/www/auth/login.php on line 129
[31-Oct-2024 20:46:57 UTC] PHP Warning:  include(): Failed opening 'includes/header-resources.php' for inclusion (include_path='.:/usr/share/php') in /var/www/auth/login.php on line 129
[31-Oct-2024 20:46:57 UTC] PHP Fatal error:  Uncaught Error: Call to undefined function generateCSRFToken() in /var/www/auth/login.php:199
Stack trace:
#0 {main}
  thrown in /var/www/auth/login.php on line 199
[31-Oct-2024 20:47:01 UTC] PHP Notice:  Constant LDAP_SERVER already defined in /var/www/auth/config.php on line 8
[31-Oct-2024 20:47:01 UTC] PHP Notice:  Constant LDAP_ADMIN_USER already defined in /var/www/auth/config.php on line 9
[31-Oct-2024 20:47:01 UTC] PHP Notice:  Constant LDAP_ADMIN_PASS already defined in /var/www/auth/config.php on line 10
[31-Oct-2024 20:47:01 UTC] PHP Notice:  Constant LDAP_SEARCH_BASE already defined in /var/www/auth/config.php on line 11
[31-Oct-2024 20:47:01 UTC] PHP Notice:  Constant DB_SERVER already defined in /var/www/auth/config.php on line 14
[31-Oct-2024 20:47:01 UTC] PHP Notice:  Constant DB_USERNAME already defined in /var/www/auth/config.php on line 15
[31-Oct-2024 20:47:01 UTC] PHP Notice:  Constant DB_PASSWORD already defined in /var/www/auth/config.php on line 16
[31-Oct-2024 20:47:01 UTC] PHP Notice:  Constant DB_NAME already defined in /var/www/auth/config.php on line 17
[31-Oct-2024 20:47:01 UTC] PHP Warning:  include(includes/header-resources.php): failed to open stream: No such file or directory in /var/www/auth/login.php on line 129
[31-Oct-2024 20:47:01 UTC] PHP Warning:  include(): Failed opening 'includes/header-resources.php' for inclusion (include_path='.:/usr/share/php') in /var/www/auth/login.php on line 129
[31-Oct-2024 20:47:01 UTC] PHP Fatal error:  Uncaught Error: Call to undefined function generateCSRFToken() in /var/www/auth/login.php:199
Stack trace:
#0 {main}
  thrown in /var/www/auth/login.php on line 199
[31-Oct-2024 20:48:27 UTC] PHP Notice:  Constant LDAP_SERVER already defined in /var/www/auth/config.php on line 8
[31-Oct-2024 20:48:27 UTC] PHP Notice:  Constant LDAP_ADMIN_USER already defined in /var/www/auth/config.php on line 9
[31-Oct-2024 20:48:27 UTC] PHP Notice:  Constant LDAP_ADMIN_PASS already defined in /var/www/auth/config.php on line 10
[31-Oct-2024 20:48:27 UTC] PHP Notice:  Constant LDAP_SEARCH_BASE already defined in /var/www/auth/config.php on line 11
[31-Oct-2024 20:48:27 UTC] PHP Notice:  Constant DB_SERVER already defined in /var/www/auth/config.php on line 14
[31-Oct-2024 20:48:27 UTC] PHP Notice:  Constant DB_USERNAME already defined in /var/www/auth/config.php on line 15
[31-Oct-2024 20:48:27 UTC] PHP Notice:  Constant DB_PASSWORD already defined in /var/www/auth/config.php on line 16
[31-Oct-2024 20:48:27 UTC] PHP Notice:  Constant DB_NAME already defined in /var/www/auth/config.php on line 17
[31-Oct-2024 20:48:27 UTC] PHP Warning:  include(includes/header-resources.php): failed to open stream: No such file or directory in /var/www/auth/login.php on line 129
[31-Oct-2024 20:48:27 UTC] PHP Warning:  include(): Failed opening 'includes/header-resources.php' for inclusion (include_path='.:/usr/share/php') in /var/www/auth/login.php on line 129
[31-Oct-2024 20:48:32 UTC] PHP Notice:  Constant LDAP_SERVER already defined in /var/www/auth/config.php on line 8
[31-Oct-2024 20:48:32 UTC] PHP Notice:  Constant LDAP_ADMIN_USER already defined in /var/www/auth/config.php on line 9
[31-Oct-2024 20:48:32 UTC] PHP Notice:  Constant LDAP_ADMIN_PASS already defined in /var/www/auth/config.php on line 10
[31-Oct-2024 20:48:32 UTC] PHP Notice:  Constant LDAP_SEARCH_BASE already defined in /var/www/auth/config.php on line 11
[31-Oct-2024 20:48:32 UTC] PHP Notice:  Constant DB_SERVER already defined in /var/www/auth/config.php on line 14
[31-Oct-2024 20:48:32 UTC] PHP Notice:  Constant DB_USERNAME already defined in /var/www/auth/config.php on line 15
[31-Oct-2024 20:48:32 UTC] PHP Notice:  Constant DB_PASSWORD already defined in /var/www/auth/config.php on line 16
[31-Oct-2024 20:48:32 UTC] PHP Notice:  Constant DB_NAME already defined in /var/www/auth/config.php on line 17
[31-Oct-2024 20:48:33 UTC] PHP Notice:  Constant LDAP_SERVER already defined in /var/www/auth/config.php on line 8
[31-Oct-2024 20:48:33 UTC] PHP Notice:  Constant LDAP_ADMIN_USER already defined in /var/www/auth/config.php on line 9
[31-Oct-2024 20:48:33 UTC] PHP Notice:  Constant LDAP_ADMIN_PASS already defined in /var/www/auth/config.php on line 10
[31-Oct-2024 20:48:33 UTC] PHP Notice:  Constant LDAP_SEARCH_BASE already defined in /var/www/auth/config.php on line 11
[31-Oct-2024 20:48:33 UTC] PHP Notice:  Constant DB_SERVER already defined in /var/www/auth/config.php on line 14
[31-Oct-2024 20:48:33 UTC] PHP Notice:  Constant DB_USERNAME already defined in /var/www/auth/config.php on line 15
[31-Oct-2024 20:48:33 UTC] PHP Notice:  Constant DB_PASSWORD already defined in /var/www/auth/config.php on line 16
[31-Oct-2024 20:48:33 UTC] PHP Notice:  Constant DB_NAME already defined in /var/www/auth/config.php on line 17
[31-Oct-2024 20:48:35 UTC] PHP Notice:  Constant LDAP_SERVER already defined in /var/www/auth/config.php on line 8
[31-Oct-2024 20:48:35 UTC] PHP Notice:  Constant LDAP_ADMIN_USER already defined in /var/www/auth/config.php on line 9
[31-Oct-2024 20:48:35 UTC] PHP Notice:  Constant LDAP_ADMIN_PASS already defined in /var/www/auth/config.php on line 10
[31-Oct-2024 20:48:35 UTC] PHP Notice:  Constant LDAP_SEARCH_BASE already defined in /var/www/auth/config.php on line 11
[31-Oct-2024 20:48:35 UTC] PHP Notice:  Constant DB_SERVER already defined in /var/www/auth/config.php on line 14
[31-Oct-2024 20:48:35 UTC] PHP Notice:  Constant DB_USERNAME already defined in /var/www/auth/config.php on line 15
[31-Oct-2024 20:48:35 UTC] PHP Notice:  Constant DB_PASSWORD already defined in /var/www/auth/config.php on line 16
[31-Oct-2024 20:48:35 UTC] PHP Notice:  Constant DB_NAME already defined in /var/www/auth/config.php on line 17
[31-Oct-2024 20:48:35 UTC] PHP Warning:  include(includes/header-resources.php): failed to open stream: No such file or directory in /var/www/auth/login.php on line 129
[31-Oct-2024 20:48:35 UTC] PHP Warning:  include(): Failed opening 'includes/header-resources.php' for inclusion (include_path='.:/usr/share/php') in /var/www/auth/login.php on line 129
[31-Oct-2024 20:48:37 UTC] PHP Notice:  Constant LDAP_SERVER already defined in /var/www/auth/config.php on line 8
[31-Oct-2024 20:48:37 UTC] PHP Notice:  Constant LDAP_ADMIN_USER already defined in /var/www/auth/config.php on line 9
[31-Oct-2024 20:48:37 UTC] PHP Notice:  Constant LDAP_ADMIN_PASS already defined in /var/www/auth/config.php on line 10
[31-Oct-2024 20:48:37 UTC] PHP Notice:  Constant LDAP_SEARCH_BASE already defined in /var/www/auth/config.php on line 11
[31-Oct-2024 20:48:37 UTC] PHP Notice:  Constant DB_SERVER already defined in /var/www/auth/config.php on line 14
[31-Oct-2024 20:48:37 UTC] PHP Notice:  Constant DB_USERNAME already defined in /var/www/auth/config.php on line 15
[31-Oct-2024 20:48:37 UTC] PHP Notice:  Constant DB_PASSWORD already defined in /var/www/auth/config.php on line 16
[31-Oct-2024 20:48:37 UTC] PHP Notice:  Constant DB_NAME already defined in /var/www/auth/config.php on line 17
[31-Oct-2024 20:48:37 UTC] PHP Warning:  include(includes/header-resources.php): failed to open stream: No such file or directory in /var/www/auth/login.php on line 129
[31-Oct-2024 20:48:37 UTC] PHP Warning:  include(): Failed opening 'includes/header-resources.php' for inclusion (include_path='.:/usr/share/php') in /var/www/auth/login.php on line 129
[31-Oct-2024 20:48:42 UTC] PHP Notice:  Constant LDAP_SERVER already defined in /var/www/auth/config.php on line 8
[31-Oct-2024 20:48:42 UTC] PHP Notice:  Constant LDAP_ADMIN_USER already defined in /var/www/auth/config.php on line 9
[31-Oct-2024 20:48:42 UTC] PHP Notice:  Constant LDAP_ADMIN_PASS already defined in /var/www/auth/config.php on line 10
[31-Oct-2024 20:48:42 UTC] PHP Notice:  Constant LDAP_SEARCH_BASE already defined in /var/www/auth/config.php on line 11
[31-Oct-2024 20:48:42 UTC] PHP Notice:  Constant DB_SERVER already defined in /var/www/auth/config.php on line 14
[31-Oct-2024 20:48:42 UTC] PHP Notice:  Constant DB_USERNAME already defined in /var/www/auth/config.php on line 15
[31-Oct-2024 20:48:42 UTC] PHP Notice:  Constant DB_PASSWORD already defined in /var/www/auth/config.php on line 16
[31-Oct-2024 20:48:42 UTC] PHP Notice:  Constant DB_NAME already defined in /var/www/auth/config.php on line 17
[31-Oct-2024 20:48:44 UTC] PHP Notice:  Constant LDAP_SERVER already defined in /var/www/auth/config.php on line 8
[31-Oct-2024 20:48:44 UTC] PHP Notice:  Constant LDAP_ADMIN_USER already defined in /var/www/auth/config.php on line 9
[31-Oct-2024 20:48:44 UTC] PHP Notice:  Constant LDAP_ADMIN_PASS already defined in /var/www/auth/config.php on line 10
[31-Oct-2024 20:48:44 UTC] PHP Notice:  Constant LDAP_SEARCH_BASE already defined in /var/www/auth/config.php on line 11
[31-Oct-2024 20:48:44 UTC] PHP Notice:  Constant DB_SERVER already defined in /var/www/auth/config.php on line 14
[31-Oct-2024 20:48:44 UTC] PHP Notice:  Constant DB_USERNAME already defined in /var/www/auth/config.php on line 15
[31-Oct-2024 20:48:44 UTC] PHP Notice:  Constant DB_PASSWORD already defined in /var/www/auth/config.php on line 16
[31-Oct-2024 20:48:44 UTC] PHP Notice:  Constant DB_NAME already defined in /var/www/auth/config.php on line 17
[31-Oct-2024 20:48:45 UTC] PHP Notice:  Constant LDAP_SERVER already defined in /var/www/auth/config.php on line 8
[31-Oct-2024 20:48:45 UTC] PHP Notice:  Constant LDAP_ADMIN_USER already defined in /var/www/auth/config.php on line 9
[31-Oct-2024 20:48:45 UTC] PHP Notice:  Constant LDAP_ADMIN_PASS already defined in /var/www/auth/config.php on line 10
[31-Oct-2024 20:48:45 UTC] PHP Notice:  Constant LDAP_SEARCH_BASE already defined in /var/www/auth/config.php on line 11
[31-Oct-2024 20:48:45 UTC] PHP Notice:  Constant DB_SERVER already defined in /var/www/auth/config.php on line 14
[31-Oct-2024 20:48:45 UTC] PHP Notice:  Constant DB_USERNAME already defined in /var/www/auth/config.php on line 15
[31-Oct-2024 20:48:45 UTC] PHP Notice:  Constant DB_PASSWORD already defined in /var/www/auth/config.php on line 16
[31-Oct-2024 20:48:45 UTC] PHP Notice:  Constant DB_NAME already defined in /var/www/auth/config.php on line 17
[31-Oct-2024 20:48:45 UTC] PHP Warning:  include(includes/header-resources.php): failed to open stream: No such file or directory in /var/www/auth/login.php on line 129
[31-Oct-2024 20:48:45 UTC] PHP Warning:  include(): Failed opening 'includes/header-resources.php' for inclusion (include_path='.:/usr/share/php') in /var/www/auth/login.php on line 129
[31-Oct-2024 20:48:49 UTC] PHP Notice:  Constant LDAP_SERVER already defined in /var/www/auth/config.php on line 8
[31-Oct-2024 20:48:49 UTC] PHP Notice:  Constant LDAP_ADMIN_USER already defined in /var/www/auth/config.php on line 9
[31-Oct-2024 20:48:49 UTC] PHP Notice:  Constant LDAP_ADMIN_PASS already defined in /var/www/auth/config.php on line 10
[31-Oct-2024 20:48:49 UTC] PHP Notice:  Constant LDAP_SEARCH_BASE already defined in /var/www/auth/config.php on line 11
[31-Oct-2024 20:48:49 UTC] PHP Notice:  Constant DB_SERVER already defined in /var/www/auth/config.php on line 14
[31-Oct-2024 20:48:49 UTC] PHP Notice:  Constant DB_USERNAME already defined in /var/www/auth/config.php on line 15
[31-Oct-2024 20:48:49 UTC] PHP Notice:  Constant DB_PASSWORD already defined in /var/www/auth/config.php on line 16
[31-Oct-2024 20:48:49 UTC] PHP Notice:  Constant DB_NAME already defined in /var/www/auth/config.php on line 17
[31-Oct-2024 20:48:49 UTC] PHP Fatal error:  Uncaught Error: Call to undefined function getUserId() in /var/www/auth/login.php:81
Stack trace:
#0 /var/www/auth/login.php(43): handleSuccessfulLogin('yshokrollahi', 'A2977240923z', '192.168.65.1', '{"user_agent":"...')
#1 {main}
  thrown in /var/www/auth/login.php on line 81
[31-Oct-2024 20:48:56 UTC] PHP Notice:  Constant LDAP_SERVER already defined in /var/www/auth/config.php on line 8
[31-Oct-2024 20:48:56 UTC] PHP Notice:  Constant LDAP_ADMIN_USER already defined in /var/www/auth/config.php on line 9
[31-Oct-2024 20:48:56 UTC] PHP Notice:  Constant LDAP_ADMIN_PASS already defined in /var/www/auth/config.php on line 10
[31-Oct-2024 20:48:56 UTC] PHP Notice:  Constant LDAP_SEARCH_BASE already defined in /var/www/auth/config.php on line 11
[31-Oct-2024 20:48:56 UTC] PHP Notice:  Constant DB_SERVER already defined in /var/www/auth/config.php on line 14
[31-Oct-2024 20:48:56 UTC] PHP Notice:  Constant DB_USERNAME already defined in /var/www/auth/config.php on line 15
[31-Oct-2024 20:48:56 UTC] PHP Notice:  Constant DB_PASSWORD already defined in /var/www/auth/config.php on line 16
[31-Oct-2024 20:48:56 UTC] PHP Notice:  Constant DB_NAME already defined in /var/www/auth/config.php on line 17
[31-Oct-2024 20:48:58 UTC] PHP Notice:  Constant LDAP_SERVER already defined in /var/www/auth/config.php on line 8
[31-Oct-2024 20:48:58 UTC] PHP Notice:  Constant LDAP_ADMIN_USER already defined in /var/www/auth/config.php on line 9
[31-Oct-2024 20:48:58 UTC] PHP Notice:  Constant LDAP_ADMIN_PASS already defined in /var/www/auth/config.php on line 10
[31-Oct-2024 20:48:58 UTC] PHP Notice:  Constant LDAP_SEARCH_BASE already defined in /var/www/auth/config.php on line 11
[31-Oct-2024 20:48:58 UTC] PHP Notice:  Constant DB_SERVER already defined in /var/www/auth/config.php on line 14
[31-Oct-2024 20:48:58 UTC] PHP Notice:  Constant DB_USERNAME already defined in /var/www/auth/config.php on line 15
[31-Oct-2024 20:48:58 UTC] PHP Notice:  Constant DB_PASSWORD already defined in /var/www/auth/config.php on line 16
[31-Oct-2024 20:48:58 UTC] PHP Notice:  Constant DB_NAME already defined in /var/www/auth/config.php on line 17
[31-Oct-2024 20:48:58 UTC] PHP Warning:  include(includes/header-resources.php): failed to open stream: No such file or directory in /var/www/auth/login.php on line 129
[31-Oct-2024 20:48:58 UTC] PHP Warning:  include(): Failed opening 'includes/header-resources.php' for inclusion (include_path='.:/usr/share/php') in /var/www/auth/login.php on line 129
[31-Oct-2024 20:49:12 UTC] PHP Parse error:  syntax error, unexpected '<', expecting end of file in /var/www/auth/login.php on line 137
[31-Oct-2024 20:49:13 UTC] PHP Parse error:  syntax error, unexpected '<', expecting end of file in /var/www/auth/login.php on line 137
[31-Oct-2024 20:49:31 UTC] PHP Notice:  Constant LDAP_SERVER already defined in /var/www/auth/config.php on line 8
[31-Oct-2024 20:49:31 UTC] PHP Notice:  Constant LDAP_ADMIN_USER already defined in /var/www/auth/config.php on line 9
[31-Oct-2024 20:49:31 UTC] PHP Notice:  Constant LDAP_ADMIN_PASS already defined in /var/www/auth/config.php on line 10
[31-Oct-2024 20:49:31 UTC] PHP Notice:  Constant LDAP_SEARCH_BASE already defined in /var/www/auth/config.php on line 11
[31-Oct-2024 20:49:31 UTC] PHP Notice:  Constant DB_SERVER already defined in /var/www/auth/config.php on line 14
[31-Oct-2024 20:49:31 UTC] PHP Notice:  Constant DB_USERNAME already defined in /var/www/auth/config.php on line 15
[31-Oct-2024 20:49:31 UTC] PHP Notice:  Constant DB_PASSWORD already defined in /var/www/auth/config.php on line 16
[31-Oct-2024 20:49:31 UTC] PHP Notice:  Constant DB_NAME already defined in /var/www/auth/config.php on line 17
[31-Oct-2024 20:49:33 UTC] PHP Notice:  Constant LDAP_SERVER already defined in /var/www/auth/config.php on line 8
[31-Oct-2024 20:49:33 UTC] PHP Notice:  Constant LDAP_ADMIN_USER already defined in /var/www/auth/config.php on line 9
[31-Oct-2024 20:49:33 UTC] PHP Notice:  Constant LDAP_ADMIN_PASS already defined in /var/www/auth/config.php on line 10
[31-Oct-2024 20:49:33 UTC] PHP Notice:  Constant LDAP_SEARCH_BASE already defined in /var/www/auth/config.php on line 11
[31-Oct-2024 20:49:33 UTC] PHP Notice:  Constant DB_SERVER already defined in /var/www/auth/config.php on line 14
[31-Oct-2024 20:49:33 UTC] PHP Notice:  Constant DB_USERNAME already defined in /var/www/auth/config.php on line 15
[31-Oct-2024 20:49:33 UTC] PHP Notice:  Constant DB_PASSWORD already defined in /var/www/auth/config.php on line 16
[31-Oct-2024 20:49:33 UTC] PHP Notice:  Constant DB_NAME already defined in /var/www/auth/config.php on line 17
[31-Oct-2024 20:49:34 UTC] PHP Notice:  Constant LDAP_SERVER already defined in /var/www/auth/config.php on line 8
[31-Oct-2024 20:49:34 UTC] PHP Notice:  Constant LDAP_ADMIN_USER already defined in /var/www/auth/config.php on line 9
[31-Oct-2024 20:49:34 UTC] PHP Notice:  Constant LDAP_ADMIN_PASS already defined in /var/www/auth/config.php on line 10
[31-Oct-2024 20:49:34 UTC] PHP Notice:  Constant LDAP_SEARCH_BASE already defined in /var/www/auth/config.php on line 11
[31-Oct-2024 20:49:34 UTC] PHP Notice:  Constant DB_SERVER already defined in /var/www/auth/config.php on line 14
[31-Oct-2024 20:49:34 UTC] PHP Notice:  Constant DB_USERNAME already defined in /var/www/auth/config.php on line 15
[31-Oct-2024 20:49:34 UTC] PHP Notice:  Constant DB_PASSWORD already defined in /var/www/auth/config.php on line 16
[31-Oct-2024 20:49:34 UTC] PHP Notice:  Constant DB_NAME already defined in /var/www/auth/config.php on line 17
[31-Oct-2024 20:49:38 UTC] PHP Notice:  Constant LDAP_SERVER already defined in /var/www/auth/config.php on line 8
[31-Oct-2024 20:49:38 UTC] PHP Notice:  Constant LDAP_ADMIN_USER already defined in /var/www/auth/config.php on line 9
[31-Oct-2024 20:49:38 UTC] PHP Notice:  Constant LDAP_ADMIN_PASS already defined in /var/www/auth/config.php on line 10
[31-Oct-2024 20:49:38 UTC] PHP Notice:  Constant LDAP_SEARCH_BASE already defined in /var/www/auth/config.php on line 11
[31-Oct-2024 20:49:38 UTC] PHP Notice:  Constant DB_SERVER already defined in /var/www/auth/config.php on line 14
[31-Oct-2024 20:49:38 UTC] PHP Notice:  Constant DB_USERNAME already defined in /var/www/auth/config.php on line 15
[31-Oct-2024 20:49:38 UTC] PHP Notice:  Constant DB_PASSWORD already defined in /var/www/auth/config.php on line 16
[31-Oct-2024 20:49:38 UTC] PHP Notice:  Constant DB_NAME already defined in /var/www/auth/config.php on line 17
[31-Oct-2024 20:49:50 UTC] PHP Notice:  Constant LDAP_SERVER already defined in /var/www/auth/config.php on line 8
[31-Oct-2024 20:49:50 UTC] PHP Notice:  Constant LDAP_ADMIN_USER already defined in /var/www/auth/config.php on line 9
[31-Oct-2024 20:49:50 UTC] PHP Notice:  Constant LDAP_ADMIN_PASS already defined in /var/www/auth/config.php on line 10
[31-Oct-2024 20:49:50 UTC] PHP Notice:  Constant LDAP_SEARCH_BASE already defined in /var/www/auth/config.php on line 11
[31-Oct-2024 20:49:50 UTC] PHP Notice:  Constant DB_SERVER already defined in /var/www/auth/config.php on line 14
[31-Oct-2024 20:49:50 UTC] PHP Notice:  Constant DB_USERNAME already defined in /var/www/auth/config.php on line 15
[31-Oct-2024 20:49:50 UTC] PHP Notice:  Constant DB_PASSWORD already defined in /var/www/auth/config.php on line 16
[31-Oct-2024 20:49:50 UTC] PHP Notice:  Constant DB_NAME already defined in /var/www/auth/config.php on line 17
[31-Oct-2024 20:51:19 UTC] PHP Notice:  Constant LDAP_SERVER already defined in /var/www/auth/config.php on line 8
[31-Oct-2024 20:51:19 UTC] PHP Notice:  Constant LDAP_ADMIN_USER already defined in /var/www/auth/config.php on line 9
[31-Oct-2024 20:51:19 UTC] PHP Notice:  Constant LDAP_ADMIN_PASS already defined in /var/www/auth/config.php on line 10
[31-Oct-2024 20:51:19 UTC] PHP Notice:  Constant LDAP_SEARCH_BASE already defined in /var/www/auth/config.php on line 11
[31-Oct-2024 20:51:19 UTC] PHP Notice:  Constant DB_SERVER already defined in /var/www/auth/config.php on line 14
[31-Oct-2024 20:51:19 UTC] PHP Notice:  Constant DB_USERNAME already defined in /var/www/auth/config.php on line 15
[31-Oct-2024 20:51:19 UTC] PHP Notice:  Constant DB_PASSWORD already defined in /var/www/auth/config.php on line 16
[31-Oct-2024 20:51:19 UTC] PHP Notice:  Constant DB_NAME already defined in /var/www/auth/config.php on line 17
[31-Oct-2024 20:51:22 UTC] PHP Notice:  Constant LDAP_SERVER already defined in /var/www/auth/config.php on line 8
[31-Oct-2024 20:51:22 UTC] PHP Notice:  Constant LDAP_ADMIN_USER already defined in /var/www/auth/config.php on line 9
[31-Oct-2024 20:51:22 UTC] PHP Notice:  Constant LDAP_ADMIN_PASS already defined in /var/www/auth/config.php on line 10
[31-Oct-2024 20:51:22 UTC] PHP Notice:  Constant LDAP_SEARCH_BASE already defined in /var/www/auth/config.php on line 11
[31-Oct-2024 20:51:22 UTC] PHP Notice:  Constant DB_SERVER already defined in /var/www/auth/config.php on line 14
[31-Oct-2024 20:51:22 UTC] PHP Notice:  Constant DB_USERNAME already defined in /var/www/auth/config.php on line 15
[31-Oct-2024 20:51:22 UTC] PHP Notice:  Constant DB_PASSWORD already defined in /var/www/auth/config.php on line 16
[31-Oct-2024 20:51:22 UTC] PHP Notice:  Constant DB_NAME already defined in /var/www/auth/config.php on line 17
[31-Oct-2024 20:52:34 UTC] PHP Notice:  Constant LDAP_SERVER already defined in /var/www/auth/config.php on line 8
[31-Oct-2024 20:52:34 UTC] PHP Notice:  Constant LDAP_ADMIN_USER already defined in /var/www/auth/config.php on line 9
[31-Oct-2024 20:52:34 UTC] PHP Notice:  Constant LDAP_ADMIN_PASS already defined in /var/www/auth/config.php on line 10
[31-Oct-2024 20:52:34 UTC] PHP Notice:  Constant LDAP_SEARCH_BASE already defined in /var/www/auth/config.php on line 11
[31-Oct-2024 20:52:34 UTC] PHP Notice:  Constant DB_SERVER already defined in /var/www/auth/config.php on line 14
[31-Oct-2024 20:52:34 UTC] PHP Notice:  Constant DB_USERNAME already defined in /var/www/auth/config.php on line 15
[31-Oct-2024 20:52:34 UTC] PHP Notice:  Constant DB_PASSWORD already defined in /var/www/auth/config.php on line 16
[31-Oct-2024 20:52:34 UTC] PHP Notice:  Constant DB_NAME already defined in /var/www/auth/config.php on line 17
[31-Oct-2024 20:59:21 UTC] PHP Notice:  Constant LDAP_SERVER already defined in /var/www/auth/config.php on line 8
[31-Oct-2024 20:59:21 UTC] PHP Notice:  Constant LDAP_ADMIN_USER already defined in /var/www/auth/config.php on line 9
[31-Oct-2024 20:59:21 UTC] PHP Notice:  Constant LDAP_ADMIN_PASS already defined in /var/www/auth/config.php on line 10
[31-Oct-2024 20:59:21 UTC] PHP Notice:  Constant LDAP_SEARCH_BASE already defined in /var/www/auth/config.php on line 11
[31-Oct-2024 20:59:21 UTC] PHP Notice:  Constant DB_SERVER already defined in /var/www/auth/config.php on line 14
[31-Oct-2024 20:59:21 UTC] PHP Notice:  Constant DB_USERNAME already defined in /var/www/auth/config.php on line 15
[31-Oct-2024 20:59:21 UTC] PHP Notice:  Constant DB_PASSWORD already defined in /var/www/auth/config.php on line 16
[31-Oct-2024 20:59:21 UTC] PHP Notice:  Constant DB_NAME already defined in /var/www/auth/config.php on line 17
[31-Oct-2024 20:59:39 UTC] PHP Notice:  Constant LDAP_SERVER already defined in /var/www/auth/config.php on line 8
[31-Oct-2024 20:59:39 UTC] PHP Notice:  Constant LDAP_ADMIN_USER already defined in /var/www/auth/config.php on line 9
[31-Oct-2024 20:59:39 UTC] PHP Notice:  Constant LDAP_ADMIN_PASS already defined in /var/www/auth/config.php on line 10
[31-Oct-2024 20:59:39 UTC] PHP Notice:  Constant LDAP_SEARCH_BASE already defined in /var/www/auth/config.php on line 11
[31-Oct-2024 20:59:39 UTC] PHP Notice:  Constant DB_SERVER already defined in /var/www/auth/config.php on line 14
[31-Oct-2024 20:59:39 UTC] PHP Notice:  Constant DB_USERNAME already defined in /var/www/auth/config.php on line 15
[31-Oct-2024 20:59:39 UTC] PHP Notice:  Constant DB_PASSWORD already defined in /var/www/auth/config.php on line 16
[31-Oct-2024 20:59:39 UTC] PHP Notice:  Constant DB_NAME already defined in /var/www/auth/config.php on line 17
[31-Oct-2024 20:59:40 UTC] PHP Notice:  Constant LDAP_SERVER already defined in /var/www/auth/config.php on line 8
[31-Oct-2024 20:59:40 UTC] PHP Notice:  Constant LDAP_ADMIN_USER already defined in /var/www/auth/config.php on line 9
[31-Oct-2024 20:59:40 UTC] PHP Notice:  Constant LDAP_ADMIN_PASS already defined in /var/www/auth/config.php on line 10
[31-Oct-2024 20:59:40 UTC] PHP Notice:  Constant LDAP_SEARCH_BASE already defined in /var/www/auth/config.php on line 11
[31-Oct-2024 20:59:40 UTC] PHP Notice:  Constant DB_SERVER already defined in /var/www/auth/config.php on line 14
[31-Oct-2024 20:59:40 UTC] PHP Notice:  Constant DB_USERNAME already defined in /var/www/auth/config.php on line 15
[31-Oct-2024 20:59:40 UTC] PHP Notice:  Constant DB_PASSWORD already defined in /var/www/auth/config.php on line 16
[31-Oct-2024 20:59:40 UTC] PHP Notice:  Constant DB_NAME already defined in /var/www/auth/config.php on line 17
[31-Oct-2024 20:59:42 UTC] PHP Notice:  Constant LDAP_SERVER already defined in /var/www/auth/config.php on line 8
[31-Oct-2024 20:59:42 UTC] PHP Notice:  Constant LDAP_ADMIN_USER already defined in /var/www/auth/config.php on line 9
[31-Oct-2024 20:59:42 UTC] PHP Notice:  Constant LDAP_ADMIN_PASS already defined in /var/www/auth/config.php on line 10
[31-Oct-2024 20:59:42 UTC] PHP Notice:  Constant LDAP_SEARCH_BASE already defined in /var/www/auth/config.php on line 11
[31-Oct-2024 20:59:42 UTC] PHP Notice:  Constant DB_SERVER already defined in /var/www/auth/config.php on line 14
[31-Oct-2024 20:59:42 UTC] PHP Notice:  Constant DB_USERNAME already defined in /var/www/auth/config.php on line 15
[31-Oct-2024 20:59:42 UTC] PHP Notice:  Constant DB_PASSWORD already defined in /var/www/auth/config.php on line 16
[31-Oct-2024 20:59:42 UTC] PHP Notice:  Constant DB_NAME already defined in /var/www/auth/config.php on line 17
[31-Oct-2024 20:59:42 UTC] PHP Notice:  Constant LDAP_SERVER already defined in /var/www/auth/config.php on line 8
[31-Oct-2024 20:59:42 UTC] PHP Notice:  Constant LDAP_ADMIN_USER already defined in /var/www/auth/config.php on line 9
[31-Oct-2024 20:59:42 UTC] PHP Notice:  Constant LDAP_ADMIN_PASS already defined in /var/www/auth/config.php on line 10
[31-Oct-2024 20:59:42 UTC] PHP Notice:  Constant LDAP_SEARCH_BASE already defined in /var/www/auth/config.php on line 11
[31-Oct-2024 20:59:42 UTC] PHP Notice:  Constant DB_SERVER already defined in /var/www/auth/config.php on line 14
[31-Oct-2024 20:59:42 UTC] PHP Notice:  Constant DB_USERNAME already defined in /var/www/auth/config.php on line 15
[31-Oct-2024 20:59:42 UTC] PHP Notice:  Constant DB_PASSWORD already defined in /var/www/auth/config.php on line 16
[31-Oct-2024 20:59:42 UTC] PHP Notice:  Constant DB_NAME already defined in /var/www/auth/config.php on line 17
[31-Oct-2024 20:59:45 UTC] PHP Notice:  Constant LDAP_SERVER already defined in /var/www/auth/config.php on line 8
[31-Oct-2024 20:59:45 UTC] PHP Notice:  Constant LDAP_ADMIN_USER already defined in /var/www/auth/config.php on line 9
[31-Oct-2024 20:59:45 UTC] PHP Notice:  Constant LDAP_ADMIN_PASS already defined in /var/www/auth/config.php on line 10
[31-Oct-2024 20:59:45 UTC] PHP Notice:  Constant LDAP_SEARCH_BASE already defined in /var/www/auth/config.php on line 11
[31-Oct-2024 20:59:45 UTC] PHP Notice:  Constant DB_SERVER already defined in /var/www/auth/config.php on line 14
[31-Oct-2024 20:59:45 UTC] PHP Notice:  Constant DB_USERNAME already defined in /var/www/auth/config.php on line 15
[31-Oct-2024 20:59:45 UTC] PHP Notice:  Constant DB_PASSWORD already defined in /var/www/auth/config.php on line 16
[31-Oct-2024 20:59:45 UTC] PHP Notice:  Constant DB_NAME already defined in /var/www/auth/config.php on line 17
[31-Oct-2024 20:59:49 UTC] PHP Notice:  Constant LDAP_SERVER already defined in /var/www/auth/config.php on line 8
[31-Oct-2024 20:59:49 UTC] PHP Notice:  Constant LDAP_ADMIN_USER already defined in /var/www/auth/config.php on line 9
[31-Oct-2024 20:59:49 UTC] PHP Notice:  Constant LDAP_ADMIN_PASS already defined in /var/www/auth/config.php on line 10
[31-Oct-2024 20:59:49 UTC] PHP Notice:  Constant LDAP_SEARCH_BASE already defined in /var/www/auth/config.php on line 11
[31-Oct-2024 20:59:49 UTC] PHP Notice:  Constant DB_SERVER already defined in /var/www/auth/config.php on line 14
[31-Oct-2024 20:59:49 UTC] PHP Notice:  Constant DB_USERNAME already defined in /var/www/auth/config.php on line 15
[31-Oct-2024 20:59:49 UTC] PHP Notice:  Constant DB_PASSWORD already defined in /var/www/auth/config.php on line 16
[31-Oct-2024 20:59:49 UTC] PHP Notice:  Constant DB_NAME already defined in /var/www/auth/config.php on line 17
[31-Oct-2024 20:59:53 UTC] PHP Notice:  Constant LDAP_SERVER already defined in /var/www/auth/config.php on line 8
[31-Oct-2024 20:59:53 UTC] PHP Notice:  Constant LDAP_ADMIN_USER already defined in /var/www/auth/config.php on line 9
[31-Oct-2024 20:59:53 UTC] PHP Notice:  Constant LDAP_ADMIN_PASS already defined in /var/www/auth/config.php on line 10
[31-Oct-2024 20:59:53 UTC] PHP Notice:  Constant LDAP_SEARCH_BASE already defined in /var/www/auth/config.php on line 11
[31-Oct-2024 20:59:53 UTC] PHP Notice:  Constant DB_SERVER already defined in /var/www/auth/config.php on line 14
[31-Oct-2024 20:59:53 UTC] PHP Notice:  Constant DB_USERNAME already defined in /var/www/auth/config.php on line 15
[31-Oct-2024 20:59:53 UTC] PHP Notice:  Constant DB_PASSWORD already defined in /var/www/auth/config.php on line 16
[31-Oct-2024 20:59:53 UTC] PHP Notice:  Constant DB_NAME already defined in /var/www/auth/config.php on line 17
[31-Oct-2024 21:00:02 UTC] PHP Notice:  Constant LDAP_SERVER already defined in /var/www/auth/config.php on line 8
[31-Oct-2024 21:00:02 UTC] PHP Notice:  Constant LDAP_ADMIN_USER already defined in /var/www/auth/config.php on line 9
[31-Oct-2024 21:00:02 UTC] PHP Notice:  Constant LDAP_ADMIN_PASS already defined in /var/www/auth/config.php on line 10
[31-Oct-2024 21:00:02 UTC] PHP Notice:  Constant LDAP_SEARCH_BASE already defined in /var/www/auth/config.php on line 11
[31-Oct-2024 21:00:02 UTC] PHP Notice:  Constant DB_SERVER already defined in /var/www/auth/config.php on line 14
[31-Oct-2024 21:00:02 UTC] PHP Notice:  Constant DB_USERNAME already defined in /var/www/auth/config.php on line 15
[31-Oct-2024 21:00:02 UTC] PHP Notice:  Constant DB_PASSWORD already defined in /var/www/auth/config.php on line 16
[31-Oct-2024 21:00:02 UTC] PHP Notice:  Constant DB_NAME already defined in /var/www/auth/config.php on line 17
[31-Oct-2024 21:00:04 UTC] PHP Notice:  Constant LDAP_SERVER already defined in /var/www/auth/config.php on line 8
[31-Oct-2024 21:00:04 UTC] PHP Notice:  Constant LDAP_ADMIN_USER already defined in /var/www/auth/config.php on line 9
[31-Oct-2024 21:00:04 UTC] PHP Notice:  Constant LDAP_ADMIN_PASS already defined in /var/www/auth/config.php on line 10
[31-Oct-2024 21:00:04 UTC] PHP Notice:  Constant LDAP_SEARCH_BASE already defined in /var/www/auth/config.php on line 11
[31-Oct-2024 21:00:04 UTC] PHP Notice:  Constant DB_SERVER already defined in /var/www/auth/config.php on line 14
[31-Oct-2024 21:00:04 UTC] PHP Notice:  Constant DB_USERNAME already defined in /var/www/auth/config.php on line 15
[31-Oct-2024 21:00:04 UTC] PHP Notice:  Constant DB_PASSWORD already defined in /var/www/auth/config.php on line 16
[31-Oct-2024 21:00:04 UTC] PHP Notice:  Constant DB_NAME already defined in /var/www/auth/config.php on line 17
[31-Oct-2024 21:00:06 UTC] PHP Notice:  Constant LDAP_SERVER already defined in /var/www/auth/config.php on line 8
[31-Oct-2024 21:00:06 UTC] PHP Notice:  Constant LDAP_ADMIN_USER already defined in /var/www/auth/config.php on line 9
[31-Oct-2024 21:00:06 UTC] PHP Notice:  Constant LDAP_ADMIN_PASS already defined in /var/www/auth/config.php on line 10
[31-Oct-2024 21:00:06 UTC] PHP Notice:  Constant LDAP_SEARCH_BASE already defined in /var/www/auth/config.php on line 11
[31-Oct-2024 21:00:06 UTC] PHP Notice:  Constant DB_SERVER already defined in /var/www/auth/config.php on line 14
[31-Oct-2024 21:00:06 UTC] PHP Notice:  Constant DB_USERNAME already defined in /var/www/auth/config.php on line 15
[31-Oct-2024 21:00:06 UTC] PHP Notice:  Constant DB_PASSWORD already defined in /var/www/auth/config.php on line 16
[31-Oct-2024 21:00:06 UTC] PHP Notice:  Constant DB_NAME already defined in /var/www/auth/config.php on line 17
[31-Oct-2024 21:00:31 UTC] PHP Notice:  Constant LDAP_SERVER already defined in /var/www/auth/config.php on line 8
[31-Oct-2024 21:00:31 UTC] PHP Notice:  Constant LDAP_ADMIN_USER already defined in /var/www/auth/config.php on line 9
[31-Oct-2024 21:00:31 UTC] PHP Notice:  Constant LDAP_ADMIN_PASS already defined in /var/www/auth/config.php on line 10
[31-Oct-2024 21:00:31 UTC] PHP Notice:  Constant LDAP_SEARCH_BASE already defined in /var/www/auth/config.php on line 11
[31-Oct-2024 21:00:31 UTC] PHP Notice:  Constant DB_SERVER already defined in /var/www/auth/config.php on line 14
[31-Oct-2024 21:00:31 UTC] PHP Notice:  Constant DB_USERNAME already defined in /var/www/auth/config.php on line 15
[31-Oct-2024 21:00:31 UTC] PHP Notice:  Constant DB_PASSWORD already defined in /var/www/auth/config.php on line 16
[31-Oct-2024 21:00:31 UTC] PHP Notice:  Constant DB_NAME already defined in /var/www/auth/config.php on line 17
[31-Oct-2024 21:00:32 UTC] PHP Notice:  Constant LDAP_SERVER already defined in /var/www/auth/config.php on line 8
[31-Oct-2024 21:00:32 UTC] PHP Notice:  Constant LDAP_ADMIN_USER already defined in /var/www/auth/config.php on line 9
[31-Oct-2024 21:00:32 UTC] PHP Notice:  Constant LDAP_ADMIN_PASS already defined in /var/www/auth/config.php on line 10
[31-Oct-2024 21:00:32 UTC] PHP Notice:  Constant LDAP_SEARCH_BASE already defined in /var/www/auth/config.php on line 11
[31-Oct-2024 21:00:32 UTC] PHP Notice:  Constant DB_SERVER already defined in /var/www/auth/config.php on line 14
[31-Oct-2024 21:00:32 UTC] PHP Notice:  Constant DB_USERNAME already defined in /var/www/auth/config.php on line 15
[31-Oct-2024 21:00:32 UTC] PHP Notice:  Constant DB_PASSWORD already defined in /var/www/auth/config.php on line 16
[31-Oct-2024 21:00:32 UTC] PHP Notice:  Constant DB_NAME already defined in /var/www/auth/config.php on line 17
[31-Oct-2024 21:00:45 UTC] PHP Notice:  Constant LDAP_SERVER already defined in /var/www/auth/config.php on line 8
[31-Oct-2024 21:00:45 UTC] PHP Notice:  Constant LDAP_ADMIN_USER already defined in /var/www/auth/config.php on line 9
[31-Oct-2024 21:00:45 UTC] PHP Notice:  Constant LDAP_ADMIN_PASS already defined in /var/www/auth/config.php on line 10
[31-Oct-2024 21:00:45 UTC] PHP Notice:  Constant LDAP_SEARCH_BASE already defined in /var/www/auth/config.php on line 11
[31-Oct-2024 21:00:45 UTC] PHP Notice:  Constant DB_SERVER already defined in /var/www/auth/config.php on line 14
[31-Oct-2024 21:00:45 UTC] PHP Notice:  Constant DB_USERNAME already defined in /var/www/auth/config.php on line 15
[31-Oct-2024 21:00:45 UTC] PHP Notice:  Constant DB_PASSWORD already defined in /var/www/auth/config.php on line 16
[31-Oct-2024 21:00:45 UTC] PHP Notice:  Constant DB_NAME already defined in /var/www/auth/config.php on line 17
[31-Oct-2024 21:02:17 UTC] PHP Notice:  Constant LDAP_SERVER already defined in /var/www/auth/config.php on line 8
[31-Oct-2024 21:02:17 UTC] PHP Notice:  Constant LDAP_ADMIN_USER already defined in /var/www/auth/config.php on line 9
[31-Oct-2024 21:02:17 UTC] PHP Notice:  Constant LDAP_ADMIN_PASS already defined in /var/www/auth/config.php on line 10
[31-Oct-2024 21:02:17 UTC] PHP Notice:  Constant LDAP_SEARCH_BASE already defined in /var/www/auth/config.php on line 11
[31-Oct-2024 21:02:17 UTC] PHP Notice:  Constant DB_SERVER already defined in /var/www/auth/config.php on line 14
[31-Oct-2024 21:02:17 UTC] PHP Notice:  Constant DB_USERNAME already defined in /var/www/auth/config.php on line 15
[31-Oct-2024 21:02:17 UTC] PHP Notice:  Constant DB_PASSWORD already defined in /var/www/auth/config.php on line 16
[31-Oct-2024 21:02:17 UTC] PHP Notice:  Constant DB_NAME already defined in /var/www/auth/config.php on line 17
[31-Oct-2024 21:05:05 UTC] PHP Notice:  Constant LDAP_SERVER already defined in /var/www/auth/config.php on line 8
[31-Oct-2024 21:05:05 UTC] PHP Notice:  Constant LDAP_ADMIN_USER already defined in /var/www/auth/config.php on line 9
[31-Oct-2024 21:05:05 UTC] PHP Notice:  Constant LDAP_ADMIN_PASS already defined in /var/www/auth/config.php on line 10
[31-Oct-2024 21:05:05 UTC] PHP Notice:  Constant LDAP_SEARCH_BASE already defined in /var/www/auth/config.php on line 11
[31-Oct-2024 21:05:05 UTC] PHP Notice:  Constant DB_SERVER already defined in /var/www/auth/config.php on line 14
[31-Oct-2024 21:05:05 UTC] PHP Notice:  Constant DB_USERNAME already defined in /var/www/auth/config.php on line 15
[31-Oct-2024 21:05:05 UTC] PHP Notice:  Constant DB_PASSWORD already defined in /var/www/auth/config.php on line 16
[31-Oct-2024 21:05:05 UTC] PHP Notice:  Constant DB_NAME already defined in /var/www/auth/config.php on line 17
[31-Oct-2024 21:05:13 UTC] PHP Notice:  Constant LDAP_SERVER already defined in /var/www/auth/config.php on line 8
[31-Oct-2024 21:05:13 UTC] PHP Notice:  Constant LDAP_ADMIN_USER already defined in /var/www/auth/config.php on line 9
[31-Oct-2024 21:05:13 UTC] PHP Notice:  Constant LDAP_ADMIN_PASS already defined in /var/www/auth/config.php on line 10
[31-Oct-2024 21:05:13 UTC] PHP Notice:  Constant LDAP_SEARCH_BASE already defined in /var/www/auth/config.php on line 11
[31-Oct-2024 21:05:13 UTC] PHP Notice:  Constant DB_SERVER already defined in /var/www/auth/config.php on line 14
[31-Oct-2024 21:05:13 UTC] PHP Notice:  Constant DB_USERNAME already defined in /var/www/auth/config.php on line 15
[31-Oct-2024 21:05:13 UTC] PHP Notice:  Constant DB_PASSWORD already defined in /var/www/auth/config.php on line 16
[31-Oct-2024 21:05:13 UTC] PHP Notice:  Constant DB_NAME already defined in /var/www/auth/config.php on line 17
[31-Oct-2024 21:05:14 UTC] PHP Notice:  Constant LDAP_SERVER already defined in /var/www/auth/config.php on line 8
[31-Oct-2024 21:05:14 UTC] PHP Notice:  Constant LDAP_ADMIN_USER already defined in /var/www/auth/config.php on line 9
[31-Oct-2024 21:05:14 UTC] PHP Notice:  Constant LDAP_ADMIN_PASS already defined in /var/www/auth/config.php on line 10
[31-Oct-2024 21:05:14 UTC] PHP Notice:  Constant LDAP_SEARCH_BASE already defined in /var/www/auth/config.php on line 11
[31-Oct-2024 21:05:14 UTC] PHP Notice:  Constant DB_SERVER already defined in /var/www/auth/config.php on line 14
[31-Oct-2024 21:05:14 UTC] PHP Notice:  Constant DB_USERNAME already defined in /var/www/auth/config.php on line 15
[31-Oct-2024 21:05:14 UTC] PHP Notice:  Constant DB_PASSWORD already defined in /var/www/auth/config.php on line 16
[31-Oct-2024 21:05:14 UTC] PHP Notice:  Constant DB_NAME already defined in /var/www/auth/config.php on line 17
[31-Oct-2024 21:05:16 UTC] PHP Notice:  Constant LDAP_SERVER already defined in /var/www/auth/config.php on line 8
[31-Oct-2024 21:05:16 UTC] PHP Notice:  Constant LDAP_ADMIN_USER already defined in /var/www/auth/config.php on line 9
[31-Oct-2024 21:05:16 UTC] PHP Notice:  Constant LDAP_ADMIN_PASS already defined in /var/www/auth/config.php on line 10
[31-Oct-2024 21:05:16 UTC] PHP Notice:  Constant LDAP_SEARCH_BASE already defined in /var/www/auth/config.php on line 11
[31-Oct-2024 21:05:16 UTC] PHP Notice:  Constant DB_SERVER already defined in /var/www/auth/config.php on line 14
[31-Oct-2024 21:05:16 UTC] PHP Notice:  Constant DB_USERNAME already defined in /var/www/auth/config.php on line 15
[31-Oct-2024 21:05:16 UTC] PHP Notice:  Constant DB_PASSWORD already defined in /var/www/auth/config.php on line 16
[31-Oct-2024 21:05:16 UTC] PHP Notice:  Constant DB_NAME already defined in /var/www/auth/config.php on line 17
[31-Oct-2024 21:05:22 UTC] PHP Notice:  Constant LDAP_SERVER already defined in /var/www/auth/config.php on line 8
[31-Oct-2024 21:05:22 UTC] PHP Notice:  Constant LDAP_ADMIN_USER already defined in /var/www/auth/config.php on line 9
[31-Oct-2024 21:05:22 UTC] PHP Notice:  Constant LDAP_ADMIN_PASS already defined in /var/www/auth/config.php on line 10
[31-Oct-2024 21:05:22 UTC] PHP Notice:  Constant LDAP_SEARCH_BASE already defined in /var/www/auth/config.php on line 11
[31-Oct-2024 21:05:22 UTC] PHP Notice:  Constant DB_SERVER already defined in /var/www/auth/config.php on line 14
[31-Oct-2024 21:05:22 UTC] PHP Notice:  Constant DB_USERNAME already defined in /var/www/auth/config.php on line 15
[31-Oct-2024 21:05:22 UTC] PHP Notice:  Constant DB_PASSWORD already defined in /var/www/auth/config.php on line 16
[31-Oct-2024 21:05:22 UTC] PHP Notice:  Constant DB_NAME already defined in /var/www/auth/config.php on line 17
[31-Oct-2024 21:05:26 UTC] PHP Notice:  Constant LDAP_SERVER already defined in /var/www/auth/config.php on line 8
[31-Oct-2024 21:05:26 UTC] PHP Notice:  Constant LDAP_ADMIN_USER already defined in /var/www/auth/config.php on line 9
[31-Oct-2024 21:05:26 UTC] PHP Notice:  Constant LDAP_ADMIN_PASS already defined in /var/www/auth/config.php on line 10
[31-Oct-2024 21:05:26 UTC] PHP Notice:  Constant LDAP_SEARCH_BASE already defined in /var/www/auth/config.php on line 11
[31-Oct-2024 21:05:26 UTC] PHP Notice:  Constant DB_SERVER already defined in /var/www/auth/config.php on line 14
[31-Oct-2024 21:05:26 UTC] PHP Notice:  Constant DB_USERNAME already defined in /var/www/auth/config.php on line 15
[31-Oct-2024 21:05:26 UTC] PHP Notice:  Constant DB_PASSWORD already defined in /var/www/auth/config.php on line 16
[31-Oct-2024 21:05:26 UTC] PHP Notice:  Constant DB_NAME already defined in /var/www/auth/config.php on line 17
[31-Oct-2024 21:29:25 UTC] PHP Notice:  Constant LDAP_SERVER already defined in /var/www/auth/config.php on line 8
[31-Oct-2024 21:29:25 UTC] PHP Notice:  Constant LDAP_ADMIN_USER already defined in /var/www/auth/config.php on line 9
[31-Oct-2024 21:29:25 UTC] PHP Notice:  Constant LDAP_ADMIN_PASS already defined in /var/www/auth/config.php on line 10
[31-Oct-2024 21:29:25 UTC] PHP Notice:  Constant LDAP_SEARCH_BASE already defined in /var/www/auth/config.php on line 11
[31-Oct-2024 21:29:25 UTC] PHP Notice:  Constant DB_SERVER already defined in /var/www/auth/config.php on line 14
[31-Oct-2024 21:29:25 UTC] PHP Notice:  Constant DB_USERNAME already defined in /var/www/auth/config.php on line 15
[31-Oct-2024 21:29:25 UTC] PHP Notice:  Constant DB_PASSWORD already defined in /var/www/auth/config.php on line 16
[31-Oct-2024 21:29:25 UTC] PHP Notice:  Constant DB_NAME already defined in /var/www/auth/config.php on line 17
[31-Oct-2024 21:29:28 UTC] PHP Notice:  Constant LDAP_SERVER already defined in /var/www/auth/config.php on line 8
[31-Oct-2024 21:29:28 UTC] PHP Notice:  Constant LDAP_ADMIN_USER already defined in /var/www/auth/config.php on line 9
[31-Oct-2024 21:29:28 UTC] PHP Notice:  Constant LDAP_ADMIN_PASS already defined in /var/www/auth/config.php on line 10
[31-Oct-2024 21:29:28 UTC] PHP Notice:  Constant LDAP_SEARCH_BASE already defined in /var/www/auth/config.php on line 11
[31-Oct-2024 21:29:28 UTC] PHP Notice:  Constant DB_SERVER already defined in /var/www/auth/config.php on line 14
[31-Oct-2024 21:29:28 UTC] PHP Notice:  Constant DB_USERNAME already defined in /var/www/auth/config.php on line 15
[31-Oct-2024 21:29:28 UTC] PHP Notice:  Constant DB_PASSWORD already defined in /var/www/auth/config.php on line 16
[31-Oct-2024 21:29:28 UTC] PHP Notice:  Constant DB_NAME already defined in /var/www/auth/config.php on line 17
[31-Oct-2024 21:29:33 UTC] PHP Notice:  Constant LDAP_SERVER already defined in /var/www/auth/config.php on line 8
[31-Oct-2024 21:29:33 UTC] PHP Notice:  Constant LDAP_ADMIN_USER already defined in /var/www/auth/config.php on line 9
[31-Oct-2024 21:29:33 UTC] PHP Notice:  Constant LDAP_ADMIN_PASS already defined in /var/www/auth/config.php on line 10
[31-Oct-2024 21:29:33 UTC] PHP Notice:  Constant LDAP_SEARCH_BASE already defined in /var/www/auth/config.php on line 11
[31-Oct-2024 21:29:33 UTC] PHP Notice:  Constant DB_SERVER already defined in /var/www/auth/config.php on line 14
[31-Oct-2024 21:29:33 UTC] PHP Notice:  Constant DB_USERNAME already defined in /var/www/auth/config.php on line 15
[31-Oct-2024 21:29:33 UTC] PHP Notice:  Constant DB_PASSWORD already defined in /var/www/auth/config.php on line 16
[31-Oct-2024 21:29:33 UTC] PHP Notice:  Constant DB_NAME already defined in /var/www/auth/config.php on line 17
[31-Oct-2024 21:29:35 UTC] PHP Notice:  Constant LDAP_SERVER already defined in /var/www/auth/config.php on line 8
[31-Oct-2024 21:29:35 UTC] PHP Notice:  Constant LDAP_ADMIN_USER already defined in /var/www/auth/config.php on line 9
[31-Oct-2024 21:29:35 UTC] PHP Notice:  Constant LDAP_ADMIN_PASS already defined in /var/www/auth/config.php on line 10
[31-Oct-2024 21:29:35 UTC] PHP Notice:  Constant LDAP_SEARCH_BASE already defined in /var/www/auth/config.php on line 11
[31-Oct-2024 21:29:35 UTC] PHP Notice:  Constant DB_SERVER already defined in /var/www/auth/config.php on line 14
[31-Oct-2024 21:29:35 UTC] PHP Notice:  Constant DB_USERNAME already defined in /var/www/auth/config.php on line 15
[31-Oct-2024 21:29:35 UTC] PHP Notice:  Constant DB_PASSWORD already defined in /var/www/auth/config.php on line 16
[31-Oct-2024 21:29:35 UTC] PHP Notice:  Constant DB_NAME already defined in /var/www/auth/config.php on line 17
[31-Oct-2024 21:29:38 UTC] PHP Notice:  Constant LDAP_SERVER already defined in /var/www/auth/config.php on line 8
[31-Oct-2024 21:29:38 UTC] PHP Notice:  Constant LDAP_ADMIN_USER already defined in /var/www/auth/config.php on line 9
[31-Oct-2024 21:29:38 UTC] PHP Notice:  Constant LDAP_ADMIN_PASS already defined in /var/www/auth/config.php on line 10
[31-Oct-2024 21:29:38 UTC] PHP Notice:  Constant LDAP_SEARCH_BASE already defined in /var/www/auth/config.php on line 11
[31-Oct-2024 21:29:38 UTC] PHP Notice:  Constant DB_SERVER already defined in /var/www/auth/config.php on line 14
[31-Oct-2024 21:29:38 UTC] PHP Notice:  Constant DB_USERNAME already defined in /var/www/auth/config.php on line 15
[31-Oct-2024 21:29:38 UTC] PHP Notice:  Constant DB_PASSWORD already defined in /var/www/auth/config.php on line 16
[31-Oct-2024 21:29:38 UTC] PHP Notice:  Constant DB_NAME already defined in /var/www/auth/config.php on line 17
[31-Oct-2024 21:31:39 UTC] PHP Notice:  Constant LDAP_SERVER already defined in /var/www/auth/config.php on line 8
[31-Oct-2024 21:31:39 UTC] PHP Notice:  Constant LDAP_ADMIN_USER already defined in /var/www/auth/config.php on line 9
[31-Oct-2024 21:31:39 UTC] PHP Notice:  Constant LDAP_ADMIN_PASS already defined in /var/www/auth/config.php on line 10
[31-Oct-2024 21:31:39 UTC] PHP Notice:  Constant LDAP_SEARCH_BASE already defined in /var/www/auth/config.php on line 11
[31-Oct-2024 21:31:39 UTC] PHP Notice:  Constant DB_SERVER already defined in /var/www/auth/config.php on line 14
[31-Oct-2024 21:31:39 UTC] PHP Notice:  Constant DB_USERNAME already defined in /var/www/auth/config.php on line 15
[31-Oct-2024 21:31:39 UTC] PHP Notice:  Constant DB_PASSWORD already defined in /var/www/auth/config.php on line 16
[31-Oct-2024 21:31:39 UTC] PHP Notice:  Constant DB_NAME already defined in /var/www/auth/config.php on line 17
[31-Oct-2024 21:31:41 UTC] PHP Notice:  Constant LDAP_SERVER already defined in /var/www/auth/config.php on line 8
[31-Oct-2024 21:31:41 UTC] PHP Notice:  Constant LDAP_ADMIN_USER already defined in /var/www/auth/config.php on line 9
[31-Oct-2024 21:31:41 UTC] PHP Notice:  Constant LDAP_ADMIN_PASS already defined in /var/www/auth/config.php on line 10
[31-Oct-2024 21:31:41 UTC] PHP Notice:  Constant LDAP_SEARCH_BASE already defined in /var/www/auth/config.php on line 11
[31-Oct-2024 21:31:41 UTC] PHP Notice:  Constant DB_SERVER already defined in /var/www/auth/config.php on line 14
[31-Oct-2024 21:31:41 UTC] PHP Notice:  Constant DB_USERNAME already defined in /var/www/auth/config.php on line 15
[31-Oct-2024 21:31:41 UTC] PHP Notice:  Constant DB_PASSWORD already defined in /var/www/auth/config.php on line 16
[31-Oct-2024 21:31:41 UTC] PHP Notice:  Constant DB_NAME already defined in /var/www/auth/config.php on line 17
[31-Oct-2024 21:31:44 UTC] PHP Notice:  Constant LDAP_SERVER already defined in /var/www/auth/config.php on line 8
[31-Oct-2024 21:31:44 UTC] PHP Notice:  Constant LDAP_ADMIN_USER already defined in /var/www/auth/config.php on line 9
[31-Oct-2024 21:31:44 UTC] PHP Notice:  Constant LDAP_ADMIN_PASS already defined in /var/www/auth/config.php on line 10
[31-Oct-2024 21:31:44 UTC] PHP Notice:  Constant LDAP_SEARCH_BASE already defined in /var/www/auth/config.php on line 11
[31-Oct-2024 21:31:44 UTC] PHP Notice:  Constant DB_SERVER already defined in /var/www/auth/config.php on line 14
[31-Oct-2024 21:31:44 UTC] PHP Notice:  Constant DB_USERNAME already defined in /var/www/auth/config.php on line 15
[31-Oct-2024 21:31:44 UTC] PHP Notice:  Constant DB_PASSWORD already defined in /var/www/auth/config.php on line 16
[31-Oct-2024 21:31:44 UTC] PHP Notice:  Constant DB_NAME already defined in /var/www/auth/config.php on line 17
[31-Oct-2024 21:31:46 UTC] PHP Notice:  Constant LDAP_SERVER already defined in /var/www/auth/config.php on line 8
[31-Oct-2024 21:31:46 UTC] PHP Notice:  Constant LDAP_ADMIN_USER already defined in /var/www/auth/config.php on line 9
[31-Oct-2024 21:31:46 UTC] PHP Notice:  Constant LDAP_ADMIN_PASS already defined in /var/www/auth/config.php on line 10
[31-Oct-2024 21:31:46 UTC] PHP Notice:  Constant LDAP_SEARCH_BASE already defined in /var/www/auth/config.php on line 11
[31-Oct-2024 21:31:46 UTC] PHP Notice:  Constant DB_SERVER already defined in /var/www/auth/config.php on line 14
[31-Oct-2024 21:31:46 UTC] PHP Notice:  Constant DB_USERNAME already defined in /var/www/auth/config.php on line 15
[31-Oct-2024 21:31:46 UTC] PHP Notice:  Constant DB_PASSWORD already defined in /var/www/auth/config.php on line 16
[31-Oct-2024 21:31:46 UTC] PHP Notice:  Constant DB_NAME already defined in /var/www/auth/config.php on line 17
[31-Oct-2024 21:32:16 UTC] PHP Notice:  Constant LDAP_SERVER already defined in /var/www/auth/config.php on line 8
[31-Oct-2024 21:32:16 UTC] PHP Notice:  Constant LDAP_ADMIN_USER already defined in /var/www/auth/config.php on line 9
[31-Oct-2024 21:32:16 UTC] PHP Notice:  Constant LDAP_ADMIN_PASS already defined in /var/www/auth/config.php on line 10
[31-Oct-2024 21:32:16 UTC] PHP Notice:  Constant LDAP_SEARCH_BASE already defined in /var/www/auth/config.php on line 11
[31-Oct-2024 21:32:16 UTC] PHP Notice:  Constant DB_SERVER already defined in /var/www/auth/config.php on line 14
[31-Oct-2024 21:32:16 UTC] PHP Notice:  Constant DB_USERNAME already defined in /var/www/auth/config.php on line 15
[31-Oct-2024 21:32:16 UTC] PHP Notice:  Constant DB_PASSWORD already defined in /var/www/auth/config.php on line 16
[31-Oct-2024 21:32:16 UTC] PHP Notice:  Constant DB_NAME already defined in /var/www/auth/config.php on line 17
[31-Oct-2024 21:32:55 UTC] PHP Fatal error:  Cannot redeclare handle_successful_login() (previously declared in /var/www/auth/login.php:55) in /var/www/auth/login.php on line 421
[31-Oct-2024 21:33:15 UTC] PHP Notice:  Constant LDAP_SERVER already defined in /var/www/auth/config.php on line 8
[31-Oct-2024 21:33:15 UTC] PHP Notice:  Constant LDAP_ADMIN_USER already defined in /var/www/auth/config.php on line 9
[31-Oct-2024 21:33:15 UTC] PHP Notice:  Constant LDAP_ADMIN_PASS already defined in /var/www/auth/config.php on line 10
[31-Oct-2024 21:33:15 UTC] PHP Notice:  Constant LDAP_SEARCH_BASE already defined in /var/www/auth/config.php on line 11
[31-Oct-2024 21:33:15 UTC] PHP Notice:  Constant DB_SERVER already defined in /var/www/auth/config.php on line 14
[31-Oct-2024 21:33:15 UTC] PHP Notice:  Constant DB_USERNAME already defined in /var/www/auth/config.php on line 15
[31-Oct-2024 21:33:15 UTC] PHP Notice:  Constant DB_PASSWORD already defined in /var/www/auth/config.php on line 16
[31-Oct-2024 21:33:15 UTC] PHP Notice:  Constant DB_NAME already defined in /var/www/auth/config.php on line 17
[31-Oct-2024 21:35:01 UTC] PHP Notice:  Constant LDAP_SERVER already defined in /var/www/auth/config.php on line 8
[31-Oct-2024 21:35:01 UTC] PHP Notice:  Constant LDAP_ADMIN_USER already defined in /var/www/auth/config.php on line 9
[31-Oct-2024 21:35:01 UTC] PHP Notice:  Constant LDAP_ADMIN_PASS already defined in /var/www/auth/config.php on line 10
[31-Oct-2024 21:35:01 UTC] PHP Notice:  Constant LDAP_SEARCH_BASE already defined in /var/www/auth/config.php on line 11
[31-Oct-2024 21:35:01 UTC] PHP Notice:  Constant DB_SERVER already defined in /var/www/auth/config.php on line 14
[31-Oct-2024 21:35:01 UTC] PHP Notice:  Constant DB_USERNAME already defined in /var/www/auth/config.php on line 15
[31-Oct-2024 21:35:01 UTC] PHP Notice:  Constant DB_PASSWORD already defined in /var/www/auth/config.php on line 16
[31-Oct-2024 21:35:01 UTC] PHP Notice:  Constant DB_NAME already defined in /var/www/auth/config.php on line 17
[31-Oct-2024 21:35:06 UTC] PHP Notice:  Constant LDAP_SERVER already defined in /var/www/auth/config.php on line 8
[31-Oct-2024 21:35:06 UTC] PHP Notice:  Constant LDAP_ADMIN_USER already defined in /var/www/auth/config.php on line 9
[31-Oct-2024 21:35:06 UTC] PHP Notice:  Constant LDAP_ADMIN_PASS already defined in /var/www/auth/config.php on line 10
[31-Oct-2024 21:35:06 UTC] PHP Notice:  Constant LDAP_SEARCH_BASE already defined in /var/www/auth/config.php on line 11
[31-Oct-2024 21:35:06 UTC] PHP Notice:  Constant DB_SERVER already defined in /var/www/auth/config.php on line 14
[31-Oct-2024 21:35:06 UTC] PHP Notice:  Constant DB_USERNAME already defined in /var/www/auth/config.php on line 15
[31-Oct-2024 21:35:06 UTC] PHP Notice:  Constant DB_PASSWORD already defined in /var/www/auth/config.php on line 16
[31-Oct-2024 21:35:06 UTC] PHP Notice:  Constant DB_NAME already defined in /var/www/auth/config.php on line 17
[31-Oct-2024 21:35:07 UTC] PHP Notice:  Constant LDAP_SERVER already defined in /var/www/auth/config.php on line 8
[31-Oct-2024 21:35:07 UTC] PHP Notice:  Constant LDAP_ADMIN_USER already defined in /var/www/auth/config.php on line 9
[31-Oct-2024 21:35:07 UTC] PHP Notice:  Constant LDAP_ADMIN_PASS already defined in /var/www/auth/config.php on line 10
[31-Oct-2024 21:35:07 UTC] PHP Notice:  Constant LDAP_SEARCH_BASE already defined in /var/www/auth/config.php on line 11
[31-Oct-2024 21:35:07 UTC] PHP Notice:  Constant DB_SERVER already defined in /var/www/auth/config.php on line 14
[31-Oct-2024 21:35:07 UTC] PHP Notice:  Constant DB_USERNAME already defined in /var/www/auth/config.php on line 15
[31-Oct-2024 21:35:07 UTC] PHP Notice:  Constant DB_PASSWORD already defined in /var/www/auth/config.php on line 16
[31-Oct-2024 21:35:07 UTC] PHP Notice:  Constant DB_NAME already defined in /var/www/auth/config.php on line 17
[31-Oct-2024 21:35:52 UTC] PHP Notice:  Constant LDAP_SERVER already defined in /var/www/auth/config.php on line 8
[31-Oct-2024 21:35:52 UTC] PHP Notice:  Constant LDAP_ADMIN_USER already defined in /var/www/auth/config.php on line 9
[31-Oct-2024 21:35:52 UTC] PHP Notice:  Constant LDAP_ADMIN_PASS already defined in /var/www/auth/config.php on line 10
[31-Oct-2024 21:35:52 UTC] PHP Notice:  Constant LDAP_SEARCH_BASE already defined in /var/www/auth/config.php on line 11
[31-Oct-2024 21:35:52 UTC] PHP Notice:  Constant DB_SERVER already defined in /var/www/auth/config.php on line 14
[31-Oct-2024 21:35:52 UTC] PHP Notice:  Constant DB_USERNAME already defined in /var/www/auth/config.php on line 15
[31-Oct-2024 21:35:52 UTC] PHP Notice:  Constant DB_PASSWORD already defined in /var/www/auth/config.php on line 16
[31-Oct-2024 21:35:52 UTC] PHP Notice:  Constant DB_NAME already defined in /var/www/auth/config.php on line 17
[31-Oct-2024 21:37:04 UTC] PHP Notice:  Constant LDAP_SERVER already defined in /var/www/auth/config.php on line 8
[31-Oct-2024 21:37:04 UTC] PHP Notice:  Constant LDAP_ADMIN_USER already defined in /var/www/auth/config.php on line 9
[31-Oct-2024 21:37:04 UTC] PHP Notice:  Constant LDAP_ADMIN_PASS already defined in /var/www/auth/config.php on line 10
[31-Oct-2024 21:37:04 UTC] PHP Notice:  Constant LDAP_SEARCH_BASE already defined in /var/www/auth/config.php on line 11
[31-Oct-2024 21:37:04 UTC] PHP Notice:  Constant DB_SERVER already defined in /var/www/auth/config.php on line 14
[31-Oct-2024 21:37:04 UTC] PHP Notice:  Constant DB_USERNAME already defined in /var/www/auth/config.php on line 15
[31-Oct-2024 21:37:04 UTC] PHP Notice:  Constant DB_PASSWORD already defined in /var/www/auth/config.php on line 16
[31-Oct-2024 21:37:04 UTC] PHP Notice:  Constant DB_NAME already defined in /var/www/auth/config.php on line 17
[31-Oct-2024 21:37:10 UTC] PHP Notice:  Constant LDAP_SERVER already defined in /var/www/auth/config.php on line 8
[31-Oct-2024 21:37:10 UTC] PHP Notice:  Constant LDAP_ADMIN_USER already defined in /var/www/auth/config.php on line 9
[31-Oct-2024 21:37:10 UTC] PHP Notice:  Constant LDAP_ADMIN_PASS already defined in /var/www/auth/config.php on line 10
[31-Oct-2024 21:37:10 UTC] PHP Notice:  Constant LDAP_SEARCH_BASE already defined in /var/www/auth/config.php on line 11
[31-Oct-2024 21:37:10 UTC] PHP Notice:  Constant DB_SERVER already defined in /var/www/auth/config.php on line 14
[31-Oct-2024 21:37:10 UTC] PHP Notice:  Constant DB_USERNAME already defined in /var/www/auth/config.php on line 15
[31-Oct-2024 21:37:10 UTC] PHP Notice:  Constant DB_PASSWORD already defined in /var/www/auth/config.php on line 16
[31-Oct-2024 21:37:10 UTC] PHP Notice:  Constant DB_NAME already defined in /var/www/auth/config.php on line 17
[31-Oct-2024 21:37:11 UTC] PHP Notice:  Constant LDAP_SERVER already defined in /var/www/auth/config.php on line 8
[31-Oct-2024 21:37:11 UTC] PHP Notice:  Constant LDAP_ADMIN_USER already defined in /var/www/auth/config.php on line 9
[31-Oct-2024 21:37:11 UTC] PHP Notice:  Constant LDAP_ADMIN_PASS already defined in /var/www/auth/config.php on line 10
[31-Oct-2024 21:37:11 UTC] PHP Notice:  Constant LDAP_SEARCH_BASE already defined in /var/www/auth/config.php on line 11
[31-Oct-2024 21:37:11 UTC] PHP Notice:  Constant DB_SERVER already defined in /var/www/auth/config.php on line 14
[31-Oct-2024 21:37:11 UTC] PHP Notice:  Constant DB_USERNAME already defined in /var/www/auth/config.php on line 15
[31-Oct-2024 21:37:11 UTC] PHP Notice:  Constant DB_PASSWORD already defined in /var/www/auth/config.php on line 16
[31-Oct-2024 21:37:11 UTC] PHP Notice:  Constant DB_NAME already defined in /var/www/auth/config.php on line 17
[31-Oct-2024 21:37:14 UTC] PHP Notice:  Constant LDAP_SERVER already defined in /var/www/auth/config.php on line 8
[31-Oct-2024 21:37:14 UTC] PHP Notice:  Constant LDAP_ADMIN_USER already defined in /var/www/auth/config.php on line 9
[31-Oct-2024 21:37:14 UTC] PHP Notice:  Constant LDAP_ADMIN_PASS already defined in /var/www/auth/config.php on line 10
[31-Oct-2024 21:37:14 UTC] PHP Notice:  Constant LDAP_SEARCH_BASE already defined in /var/www/auth/config.php on line 11
[31-Oct-2024 21:37:14 UTC] PHP Notice:  Constant DB_SERVER already defined in /var/www/auth/config.php on line 14
[31-Oct-2024 21:37:14 UTC] PHP Notice:  Constant DB_USERNAME already defined in /var/www/auth/config.php on line 15
[31-Oct-2024 21:37:14 UTC] PHP Notice:  Constant DB_PASSWORD already defined in /var/www/auth/config.php on line 16
[31-Oct-2024 21:37:14 UTC] PHP Notice:  Constant DB_NAME already defined in /var/www/auth/config.php on line 17
[31-Oct-2024 21:37:15 UTC] PHP Notice:  Constant LDAP_SERVER already defined in /var/www/auth/config.php on line 8
[31-Oct-2024 21:37:15 UTC] PHP Notice:  Constant LDAP_ADMIN_USER already defined in /var/www/auth/config.php on line 9
[31-Oct-2024 21:37:15 UTC] PHP Notice:  Constant LDAP_ADMIN_PASS already defined in /var/www/auth/config.php on line 10
[31-Oct-2024 21:37:15 UTC] PHP Notice:  Constant LDAP_SEARCH_BASE already defined in /var/www/auth/config.php on line 11
[31-Oct-2024 21:37:15 UTC] PHP Notice:  Constant DB_SERVER already defined in /var/www/auth/config.php on line 14
[31-Oct-2024 21:37:15 UTC] PHP Notice:  Constant DB_USERNAME already defined in /var/www/auth/config.php on line 15
[31-Oct-2024 21:37:15 UTC] PHP Notice:  Constant DB_PASSWORD already defined in /var/www/auth/config.php on line 16
[31-Oct-2024 21:37:15 UTC] PHP Notice:  Constant DB_NAME already defined in /var/www/auth/config.php on line 17
[31-Oct-2024 21:37:19 UTC] PHP Notice:  Constant LDAP_SERVER already defined in /var/www/auth/config.php on line 8
[31-Oct-2024 21:37:19 UTC] PHP Notice:  Constant LDAP_ADMIN_USER already defined in /var/www/auth/config.php on line 9
[31-Oct-2024 21:37:19 UTC] PHP Notice:  Constant LDAP_ADMIN_PASS already defined in /var/www/auth/config.php on line 10
[31-Oct-2024 21:37:19 UTC] PHP Notice:  Constant LDAP_SEARCH_BASE already defined in /var/www/auth/config.php on line 11
[31-Oct-2024 21:37:19 UTC] PHP Notice:  Constant DB_SERVER already defined in /var/www/auth/config.php on line 14
[31-Oct-2024 21:37:19 UTC] PHP Notice:  Constant DB_USERNAME already defined in /var/www/auth/config.php on line 15
[31-Oct-2024 21:37:19 UTC] PHP Notice:  Constant DB_PASSWORD already defined in /var/www/auth/config.php on line 16
[31-Oct-2024 21:37:19 UTC] PHP Notice:  Constant DB_NAME already defined in /var/www/auth/config.php on line 17
[31-Oct-2024 21:39:05 UTC] PHP Notice:  Constant LDAP_SERVER already defined in /var/www/auth/config.php on line 8
[31-Oct-2024 21:39:05 UTC] PHP Notice:  Constant LDAP_ADMIN_USER already defined in /var/www/auth/config.php on line 9
[31-Oct-2024 21:39:05 UTC] PHP Notice:  Constant LDAP_ADMIN_PASS already defined in /var/www/auth/config.php on line 10
[31-Oct-2024 21:39:05 UTC] PHP Notice:  Constant LDAP_SEARCH_BASE already defined in /var/www/auth/config.php on line 11
[31-Oct-2024 21:39:05 UTC] PHP Notice:  Constant DB_SERVER already defined in /var/www/auth/config.php on line 14
[31-Oct-2024 21:39:05 UTC] PHP Notice:  Constant DB_USERNAME already defined in /var/www/auth/config.php on line 15
[31-Oct-2024 21:39:05 UTC] PHP Notice:  Constant DB_PASSWORD already defined in /var/www/auth/config.php on line 16
[31-Oct-2024 21:39:05 UTC] PHP Notice:  Constant DB_NAME already defined in /var/www/auth/config.php on line 17
[31-Oct-2024 21:39:09 UTC] PHP Notice:  Constant LDAP_SERVER already defined in /var/www/auth/config.php on line 8
[31-Oct-2024 21:39:09 UTC] PHP Notice:  Constant LDAP_ADMIN_USER already defined in /var/www/auth/config.php on line 9
[31-Oct-2024 21:39:09 UTC] PHP Notice:  Constant LDAP_ADMIN_PASS already defined in /var/www/auth/config.php on line 10
[31-Oct-2024 21:39:09 UTC] PHP Notice:  Constant LDAP_SEARCH_BASE already defined in /var/www/auth/config.php on line 11
[31-Oct-2024 21:39:09 UTC] PHP Notice:  Constant DB_SERVER already defined in /var/www/auth/config.php on line 14
[31-Oct-2024 21:39:09 UTC] PHP Notice:  Constant DB_USERNAME already defined in /var/www/auth/config.php on line 15
[31-Oct-2024 21:39:09 UTC] PHP Notice:  Constant DB_PASSWORD already defined in /var/www/auth/config.php on line 16
[31-Oct-2024 21:39:09 UTC] PHP Notice:  Constant DB_NAME already defined in /var/www/auth/config.php on line 17
[31-Oct-2024 21:39:12 UTC] PHP Notice:  Constant LDAP_SERVER already defined in /var/www/auth/config.php on line 8
[31-Oct-2024 21:39:12 UTC] PHP Notice:  Constant LDAP_ADMIN_USER already defined in /var/www/auth/config.php on line 9
[31-Oct-2024 21:39:12 UTC] PHP Notice:  Constant LDAP_ADMIN_PASS already defined in /var/www/auth/config.php on line 10
[31-Oct-2024 21:39:12 UTC] PHP Notice:  Constant LDAP_SEARCH_BASE already defined in /var/www/auth/config.php on line 11
[31-Oct-2024 21:39:12 UTC] PHP Notice:  Constant DB_SERVER already defined in /var/www/auth/config.php on line 14
[31-Oct-2024 21:39:12 UTC] PHP Notice:  Constant DB_USERNAME already defined in /var/www/auth/config.php on line 15
[31-Oct-2024 21:39:12 UTC] PHP Notice:  Constant DB_PASSWORD already defined in /var/www/auth/config.php on line 16
[31-Oct-2024 21:39:12 UTC] PHP Notice:  Constant DB_NAME already defined in /var/www/auth/config.php on line 17
[31-Oct-2024 21:39:14 UTC] PHP Notice:  Constant LDAP_SERVER already defined in /var/www/auth/config.php on line 8
[31-Oct-2024 21:39:14 UTC] PHP Notice:  Constant LDAP_ADMIN_USER already defined in /var/www/auth/config.php on line 9
[31-Oct-2024 21:39:14 UTC] PHP Notice:  Constant LDAP_ADMIN_PASS already defined in /var/www/auth/config.php on line 10
[31-Oct-2024 21:39:14 UTC] PHP Notice:  Constant LDAP_SEARCH_BASE already defined in /var/www/auth/config.php on line 11
[31-Oct-2024 21:39:14 UTC] PHP Notice:  Constant DB_SERVER already defined in /var/www/auth/config.php on line 14
[31-Oct-2024 21:39:14 UTC] PHP Notice:  Constant DB_USERNAME already defined in /var/www/auth/config.php on line 15
[31-Oct-2024 21:39:14 UTC] PHP Notice:  Constant DB_PASSWORD already defined in /var/www/auth/config.php on line 16
[31-Oct-2024 21:39:14 UTC] PHP Notice:  Constant DB_NAME already defined in /var/www/auth/config.php on line 17
[31-Oct-2024 21:39:43 UTC] PHP Notice:  Constant LDAP_SERVER already defined in /var/www/auth/config.php on line 8
[31-Oct-2024 21:39:43 UTC] PHP Notice:  Constant LDAP_ADMIN_USER already defined in /var/www/auth/config.php on line 9
[31-Oct-2024 21:39:43 UTC] PHP Notice:  Constant LDAP_ADMIN_PASS already defined in /var/www/auth/config.php on line 10
[31-Oct-2024 21:39:43 UTC] PHP Notice:  Constant LDAP_SEARCH_BASE already defined in /var/www/auth/config.php on line 11
[31-Oct-2024 21:39:43 UTC] PHP Notice:  Constant DB_SERVER already defined in /var/www/auth/config.php on line 14
[31-Oct-2024 21:39:43 UTC] PHP Notice:  Constant DB_USERNAME already defined in /var/www/auth/config.php on line 15
[31-Oct-2024 21:39:43 UTC] PHP Notice:  Constant DB_PASSWORD already defined in /var/www/auth/config.php on line 16
[31-Oct-2024 21:39:43 UTC] PHP Notice:  Constant DB_NAME already defined in /var/www/auth/config.php on line 17
[31-Oct-2024 21:39:56 UTC] PHP Notice:  Constant LDAP_SERVER already defined in /var/www/auth/config.php on line 8
[31-Oct-2024 21:39:56 UTC] PHP Notice:  Constant LDAP_ADMIN_USER already defined in /var/www/auth/config.php on line 9
[31-Oct-2024 21:39:56 UTC] PHP Notice:  Constant LDAP_ADMIN_PASS already defined in /var/www/auth/config.php on line 10
[31-Oct-2024 21:39:56 UTC] PHP Notice:  Constant LDAP_SEARCH_BASE already defined in /var/www/auth/config.php on line 11
[31-Oct-2024 21:39:56 UTC] PHP Notice:  Constant DB_SERVER already defined in /var/www/auth/config.php on line 14
[31-Oct-2024 21:39:56 UTC] PHP Notice:  Constant DB_USERNAME already defined in /var/www/auth/config.php on line 15
[31-Oct-2024 21:39:56 UTC] PHP Notice:  Constant DB_PASSWORD already defined in /var/www/auth/config.php on line 16
[31-Oct-2024 21:39:56 UTC] PHP Notice:  Constant DB_NAME already defined in /var/www/auth/config.php on line 17
[31-Oct-2024 21:40:00 UTC] PHP Notice:  Constant LDAP_SERVER already defined in /var/www/auth/config.php on line 8
[31-Oct-2024 21:40:00 UTC] PHP Notice:  Constant LDAP_ADMIN_USER already defined in /var/www/auth/config.php on line 9
[31-Oct-2024 21:40:00 UTC] PHP Notice:  Constant LDAP_ADMIN_PASS already defined in /var/www/auth/config.php on line 10
[31-Oct-2024 21:40:00 UTC] PHP Notice:  Constant LDAP_SEARCH_BASE already defined in /var/www/auth/config.php on line 11
[31-Oct-2024 21:40:00 UTC] PHP Notice:  Constant DB_SERVER already defined in /var/www/auth/config.php on line 14
[31-Oct-2024 21:40:00 UTC] PHP Notice:  Constant DB_USERNAME already defined in /var/www/auth/config.php on line 15
[31-Oct-2024 21:40:00 UTC] PHP Notice:  Constant DB_PASSWORD already defined in /var/www/auth/config.php on line 16
[31-Oct-2024 21:40:00 UTC] PHP Notice:  Constant DB_NAME already defined in /var/www/auth/config.php on line 17
[31-Oct-2024 21:40:09 UTC] PHP Notice:  Constant LDAP_SERVER already defined in /var/www/auth/config.php on line 8
[31-Oct-2024 21:40:09 UTC] PHP Notice:  Constant LDAP_ADMIN_USER already defined in /var/www/auth/config.php on line 9
[31-Oct-2024 21:40:09 UTC] PHP Notice:  Constant LDAP_ADMIN_PASS already defined in /var/www/auth/config.php on line 10
[31-Oct-2024 21:40:09 UTC] PHP Notice:  Constant LDAP_SEARCH_BASE already defined in /var/www/auth/config.php on line 11
[31-Oct-2024 21:40:09 UTC] PHP Notice:  Constant DB_SERVER already defined in /var/www/auth/config.php on line 14
[31-Oct-2024 21:40:09 UTC] PHP Notice:  Constant DB_USERNAME already defined in /var/www/auth/config.php on line 15
[31-Oct-2024 21:40:09 UTC] PHP Notice:  Constant DB_PASSWORD already defined in /var/www/auth/config.php on line 16
[31-Oct-2024 21:40:09 UTC] PHP Notice:  Constant DB_NAME already defined in /var/www/auth/config.php on line 17
[31-Oct-2024 21:40:10 UTC] PHP Notice:  Constant LDAP_SERVER already defined in /var/www/auth/config.php on line 8
[31-Oct-2024 21:40:10 UTC] PHP Notice:  Constant LDAP_ADMIN_USER already defined in /var/www/auth/config.php on line 9
[31-Oct-2024 21:40:10 UTC] PHP Notice:  Constant LDAP_ADMIN_PASS already defined in /var/www/auth/config.php on line 10
[31-Oct-2024 21:40:10 UTC] PHP Notice:  Constant LDAP_SEARCH_BASE already defined in /var/www/auth/config.php on line 11
[31-Oct-2024 21:40:10 UTC] PHP Notice:  Constant DB_SERVER already defined in /var/www/auth/config.php on line 14
[31-Oct-2024 21:40:10 UTC] PHP Notice:  Constant DB_USERNAME already defined in /var/www/auth/config.php on line 15
[31-Oct-2024 21:40:10 UTC] PHP Notice:  Constant DB_PASSWORD already defined in /var/www/auth/config.php on line 16
[31-Oct-2024 21:40:10 UTC] PHP Notice:  Constant DB_NAME already defined in /var/www/auth/config.php on line 17
[31-Oct-2024 21:42:55 UTC] PHP Notice:  Constant LDAP_SERVER already defined in /var/www/auth/config.php on line 8
[31-Oct-2024 21:42:55 UTC] PHP Notice:  Constant LDAP_ADMIN_USER already defined in /var/www/auth/config.php on line 9
[31-Oct-2024 21:42:55 UTC] PHP Notice:  Constant LDAP_ADMIN_PASS already defined in /var/www/auth/config.php on line 10
[31-Oct-2024 21:42:55 UTC] PHP Notice:  Constant LDAP_SEARCH_BASE already defined in /var/www/auth/config.php on line 11
[31-Oct-2024 21:42:55 UTC] PHP Notice:  Constant DB_SERVER already defined in /var/www/auth/config.php on line 14
[31-Oct-2024 21:42:55 UTC] PHP Notice:  Constant DB_USERNAME already defined in /var/www/auth/config.php on line 15
[31-Oct-2024 21:42:55 UTC] PHP Notice:  Constant DB_PASSWORD already defined in /var/www/auth/config.php on line 16
[31-Oct-2024 21:42:55 UTC] PHP Notice:  Constant DB_NAME already defined in /var/www/auth/config.php on line 17
[31-Oct-2024 21:42:57 UTC] PHP Notice:  Constant LDAP_SERVER already defined in /var/www/auth/config.php on line 8
[31-Oct-2024 21:42:57 UTC] PHP Notice:  Constant LDAP_ADMIN_USER already defined in /var/www/auth/config.php on line 9
[31-Oct-2024 21:42:57 UTC] PHP Notice:  Constant LDAP_ADMIN_PASS already defined in /var/www/auth/config.php on line 10
[31-Oct-2024 21:42:57 UTC] PHP Notice:  Constant LDAP_SEARCH_BASE already defined in /var/www/auth/config.php on line 11
[31-Oct-2024 21:42:57 UTC] PHP Notice:  Constant DB_SERVER already defined in /var/www/auth/config.php on line 14
[31-Oct-2024 21:42:57 UTC] PHP Notice:  Constant DB_USERNAME already defined in /var/www/auth/config.php on line 15
[31-Oct-2024 21:42:57 UTC] PHP Notice:  Constant DB_PASSWORD already defined in /var/www/auth/config.php on line 16
[31-Oct-2024 21:42:57 UTC] PHP Notice:  Constant DB_NAME already defined in /var/www/auth/config.php on line 17
[31-Oct-2024 21:42:59 UTC] PHP Notice:  Constant LDAP_SERVER already defined in /var/www/auth/config.php on line 8
[31-Oct-2024 21:42:59 UTC] PHP Notice:  Constant LDAP_ADMIN_USER already defined in /var/www/auth/config.php on line 9
[31-Oct-2024 21:42:59 UTC] PHP Notice:  Constant LDAP_ADMIN_PASS already defined in /var/www/auth/config.php on line 10
[31-Oct-2024 21:42:59 UTC] PHP Notice:  Constant LDAP_SEARCH_BASE already defined in /var/www/auth/config.php on line 11
[31-Oct-2024 21:42:59 UTC] PHP Notice:  Constant DB_SERVER already defined in /var/www/auth/config.php on line 14
[31-Oct-2024 21:42:59 UTC] PHP Notice:  Constant DB_USERNAME already defined in /var/www/auth/config.php on line 15
[31-Oct-2024 21:42:59 UTC] PHP Notice:  Constant DB_PASSWORD already defined in /var/www/auth/config.php on line 16
[31-Oct-2024 21:42:59 UTC] PHP Notice:  Constant DB_NAME already defined in /var/www/auth/config.php on line 17
[31-Oct-2024 21:42:59 UTC] Database error: SQLSTATE[HY000] [1045] Access denied for user 'username'@'localhost' (using password: YES)
[31-Oct-2024 21:43:03 UTC] PHP Notice:  Constant LDAP_SERVER already defined in /var/www/auth/config.php on line 8
[31-Oct-2024 21:43:03 UTC] PHP Notice:  Constant LDAP_ADMIN_USER already defined in /var/www/auth/config.php on line 9
[31-Oct-2024 21:43:03 UTC] PHP Notice:  Constant LDAP_ADMIN_PASS already defined in /var/www/auth/config.php on line 10
[31-Oct-2024 21:43:03 UTC] PHP Notice:  Constant LDAP_SEARCH_BASE already defined in /var/www/auth/config.php on line 11
[31-Oct-2024 21:43:03 UTC] PHP Notice:  Constant DB_SERVER already defined in /var/www/auth/config.php on line 14
[31-Oct-2024 21:43:03 UTC] PHP Notice:  Constant DB_USERNAME already defined in /var/www/auth/config.php on line 15
[31-Oct-2024 21:43:03 UTC] PHP Notice:  Constant DB_PASSWORD already defined in /var/www/auth/config.php on line 16
[31-Oct-2024 21:43:03 UTC] PHP Notice:  Constant DB_NAME already defined in /var/www/auth/config.php on line 17
[31-Oct-2024 21:43:03 UTC] Database error: SQLSTATE[HY000] [1045] Access denied for user 'username'@'localhost' (using password: YES)
[31-Oct-2024 21:43:08 UTC] PHP Notice:  Constant LDAP_SERVER already defined in /var/www/auth/config.php on line 8
[31-Oct-2024 21:43:08 UTC] PHP Notice:  Constant LDAP_ADMIN_USER already defined in /var/www/auth/config.php on line 9
[31-Oct-2024 21:43:08 UTC] PHP Notice:  Constant LDAP_ADMIN_PASS already defined in /var/www/auth/config.php on line 10
[31-Oct-2024 21:43:08 UTC] PHP Notice:  Constant LDAP_SEARCH_BASE already defined in /var/www/auth/config.php on line 11
[31-Oct-2024 21:43:08 UTC] PHP Notice:  Constant DB_SERVER already defined in /var/www/auth/config.php on line 14
[31-Oct-2024 21:43:08 UTC] PHP Notice:  Constant DB_USERNAME already defined in /var/www/auth/config.php on line 15
[31-Oct-2024 21:43:08 UTC] PHP Notice:  Constant DB_PASSWORD already defined in /var/www/auth/config.php on line 16
[31-Oct-2024 21:43:08 UTC] PHP Notice:  Constant DB_NAME already defined in /var/www/auth/config.php on line 17
[31-Oct-2024 21:43:08 UTC] Database error: SQLSTATE[HY000] [1045] Access denied for user 'username'@'localhost' (using password: YES)
[31-Oct-2024 21:43:09 UTC] PHP Notice:  Constant LDAP_SERVER already defined in /var/www/auth/config.php on line 8
[31-Oct-2024 21:43:09 UTC] PHP Notice:  Constant LDAP_ADMIN_USER already defined in /var/www/auth/config.php on line 9
[31-Oct-2024 21:43:09 UTC] PHP Notice:  Constant LDAP_ADMIN_PASS already defined in /var/www/auth/config.php on line 10
[31-Oct-2024 21:43:09 UTC] PHP Notice:  Constant LDAP_SEARCH_BASE already defined in /var/www/auth/config.php on line 11
[31-Oct-2024 21:43:09 UTC] PHP Notice:  Constant DB_SERVER already defined in /var/www/auth/config.php on line 14
[31-Oct-2024 21:43:09 UTC] PHP Notice:  Constant DB_USERNAME already defined in /var/www/auth/config.php on line 15
[31-Oct-2024 21:43:09 UTC] PHP Notice:  Constant DB_PASSWORD already defined in /var/www/auth/config.php on line 16
[31-Oct-2024 21:43:09 UTC] PHP Notice:  Constant DB_NAME already defined in /var/www/auth/config.php on line 17
[31-Oct-2024 21:43:13 UTC] PHP Notice:  Constant LDAP_SERVER already defined in /var/www/auth/config.php on line 8
[31-Oct-2024 21:43:13 UTC] PHP Notice:  Constant LDAP_ADMIN_USER already defined in /var/www/auth/config.php on line 9
[31-Oct-2024 21:43:13 UTC] PHP Notice:  Constant LDAP_ADMIN_PASS already defined in /var/www/auth/config.php on line 10
[31-Oct-2024 21:43:13 UTC] PHP Notice:  Constant LDAP_SEARCH_BASE already defined in /var/www/auth/config.php on line 11
[31-Oct-2024 21:43:13 UTC] PHP Notice:  Constant DB_SERVER already defined in /var/www/auth/config.php on line 14
[31-Oct-2024 21:43:13 UTC] PHP Notice:  Constant DB_USERNAME already defined in /var/www/auth/config.php on line 15
[31-Oct-2024 21:43:13 UTC] PHP Notice:  Constant DB_PASSWORD already defined in /var/www/auth/config.php on line 16
[31-Oct-2024 21:43:13 UTC] PHP Notice:  Constant DB_NAME already defined in /var/www/auth/config.php on line 17
[31-Oct-2024 21:43:13 UTC] Database error: SQLSTATE[HY000] [1045] Access denied for user 'username'@'localhost' (using password: YES)
[31-Oct-2024 21:43:41 UTC] PHP Notice:  Constant LDAP_SERVER already defined in /var/www/auth/config.php on line 8
[31-Oct-2024 21:43:41 UTC] PHP Notice:  Constant LDAP_ADMIN_USER already defined in /var/www/auth/config.php on line 9
[31-Oct-2024 21:43:41 UTC] PHP Notice:  Constant LDAP_ADMIN_PASS already defined in /var/www/auth/config.php on line 10
[31-Oct-2024 21:43:41 UTC] PHP Notice:  Constant LDAP_SEARCH_BASE already defined in /var/www/auth/config.php on line 11
[31-Oct-2024 21:43:41 UTC] PHP Notice:  Constant DB_SERVER already defined in /var/www/auth/config.php on line 14
[31-Oct-2024 21:43:41 UTC] PHP Notice:  Constant DB_USERNAME already defined in /var/www/auth/config.php on line 15
[31-Oct-2024 21:43:41 UTC] PHP Notice:  Constant DB_PASSWORD already defined in /var/www/auth/config.php on line 16
[31-Oct-2024 21:43:41 UTC] PHP Notice:  Constant DB_NAME already defined in /var/www/auth/config.php on line 17
[31-Oct-2024 21:43:42 UTC] PHP Notice:  Constant LDAP_SERVER already defined in /var/www/auth/config.php on line 8
[31-Oct-2024 21:43:42 UTC] PHP Notice:  Constant LDAP_ADMIN_USER already defined in /var/www/auth/config.php on line 9
[31-Oct-2024 21:43:42 UTC] PHP Notice:  Constant LDAP_ADMIN_PASS already defined in /var/www/auth/config.php on line 10
[31-Oct-2024 21:43:42 UTC] PHP Notice:  Constant LDAP_SEARCH_BASE already defined in /var/www/auth/config.php on line 11
[31-Oct-2024 21:43:42 UTC] PHP Notice:  Constant DB_SERVER already defined in /var/www/auth/config.php on line 14
[31-Oct-2024 21:43:42 UTC] PHP Notice:  Constant DB_USERNAME already defined in /var/www/auth/config.php on line 15
[31-Oct-2024 21:43:42 UTC] PHP Notice:  Constant DB_PASSWORD already defined in /var/www/auth/config.php on line 16
[31-Oct-2024 21:43:42 UTC] PHP Notice:  Constant DB_NAME already defined in /var/www/auth/config.php on line 17
[31-Oct-2024 21:45:42 UTC] PHP Notice:  Constant LDAP_SERVER already defined in /var/www/auth/config.php on line 8
[31-Oct-2024 21:45:42 UTC] PHP Notice:  Constant LDAP_ADMIN_USER already defined in /var/www/auth/config.php on line 9
[31-Oct-2024 21:45:42 UTC] PHP Notice:  Constant LDAP_ADMIN_PASS already defined in /var/www/auth/config.php on line 10
[31-Oct-2024 21:45:42 UTC] PHP Notice:  Constant LDAP_SEARCH_BASE already defined in /var/www/auth/config.php on line 11
[31-Oct-2024 21:45:42 UTC] PHP Notice:  Constant DB_SERVER already defined in /var/www/auth/config.php on line 14
[31-Oct-2024 21:45:42 UTC] PHP Notice:  Constant DB_USERNAME already defined in /var/www/auth/config.php on line 15
[31-Oct-2024 21:45:42 UTC] PHP Notice:  Constant DB_PASSWORD already defined in /var/www/auth/config.php on line 16
[31-Oct-2024 21:45:42 UTC] PHP Notice:  Constant DB_NAME already defined in /var/www/auth/config.php on line 17
[31-Oct-2024 21:45:46 UTC] PHP Notice:  Constant LDAP_SERVER already defined in /var/www/auth/config.php on line 8
[31-Oct-2024 21:45:46 UTC] PHP Notice:  Constant LDAP_ADMIN_USER already defined in /var/www/auth/config.php on line 9
[31-Oct-2024 21:45:46 UTC] PHP Notice:  Constant LDAP_ADMIN_PASS already defined in /var/www/auth/config.php on line 10
[31-Oct-2024 21:45:46 UTC] PHP Notice:  Constant LDAP_SEARCH_BASE already defined in /var/www/auth/config.php on line 11
[31-Oct-2024 21:45:46 UTC] PHP Notice:  Constant DB_SERVER already defined in /var/www/auth/config.php on line 14
[31-Oct-2024 21:45:46 UTC] PHP Notice:  Constant DB_USERNAME already defined in /var/www/auth/config.php on line 15
[31-Oct-2024 21:45:46 UTC] PHP Notice:  Constant DB_PASSWORD already defined in /var/www/auth/config.php on line 16
[31-Oct-2024 21:45:46 UTC] PHP Notice:  Constant DB_NAME already defined in /var/www/auth/config.php on line 17
[31-Oct-2024 21:45:47 UTC] PHP Notice:  Constant LDAP_SERVER already defined in /var/www/auth/config.php on line 8
[31-Oct-2024 21:45:47 UTC] PHP Notice:  Constant LDAP_ADMIN_USER already defined in /var/www/auth/config.php on line 9
[31-Oct-2024 21:45:47 UTC] PHP Notice:  Constant LDAP_ADMIN_PASS already defined in /var/www/auth/config.php on line 10
[31-Oct-2024 21:45:47 UTC] PHP Notice:  Constant LDAP_SEARCH_BASE already defined in /var/www/auth/config.php on line 11
[31-Oct-2024 21:45:47 UTC] PHP Notice:  Constant DB_SERVER already defined in /var/www/auth/config.php on line 14
[31-Oct-2024 21:45:47 UTC] PHP Notice:  Constant DB_USERNAME already defined in /var/www/auth/config.php on line 15
[31-Oct-2024 21:45:47 UTC] PHP Notice:  Constant DB_PASSWORD already defined in /var/www/auth/config.php on line 16
[31-Oct-2024 21:45:47 UTC] PHP Notice:  Constant DB_NAME already defined in /var/www/auth/config.php on line 17
[31-Oct-2024 21:45:51 UTC] PHP Notice:  Constant LDAP_SERVER already defined in /var/www/auth/config.php on line 8
[31-Oct-2024 21:45:51 UTC] PHP Notice:  Constant LDAP_ADMIN_USER already defined in /var/www/auth/config.php on line 9
[31-Oct-2024 21:45:51 UTC] PHP Notice:  Constant LDAP_ADMIN_PASS already defined in /var/www/auth/config.php on line 10
[31-Oct-2024 21:45:51 UTC] PHP Notice:  Constant LDAP_SEARCH_BASE already defined in /var/www/auth/config.php on line 11
[31-Oct-2024 21:45:51 UTC] PHP Notice:  Constant DB_SERVER already defined in /var/www/auth/config.php on line 14
[31-Oct-2024 21:45:51 UTC] PHP Notice:  Constant DB_USERNAME already defined in /var/www/auth/config.php on line 15
[31-Oct-2024 21:45:51 UTC] PHP Notice:  Constant DB_PASSWORD already defined in /var/www/auth/config.php on line 16
[31-Oct-2024 21:45:51 UTC] PHP Notice:  Constant DB_NAME already defined in /var/www/auth/config.php on line 17
[31-Oct-2024 21:45:54 UTC] PHP Notice:  Constant LDAP_SERVER already defined in /var/www/auth/config.php on line 8
[31-Oct-2024 21:45:54 UTC] PHP Notice:  Constant LDAP_ADMIN_USER already defined in /var/www/auth/config.php on line 9
[31-Oct-2024 21:45:54 UTC] PHP Notice:  Constant LDAP_ADMIN_PASS already defined in /var/www/auth/config.php on line 10
[31-Oct-2024 21:45:54 UTC] PHP Notice:  Constant LDAP_SEARCH_BASE already defined in /var/www/auth/config.php on line 11
[31-Oct-2024 21:45:54 UTC] PHP Notice:  Constant DB_SERVER already defined in /var/www/auth/config.php on line 14
[31-Oct-2024 21:45:54 UTC] PHP Notice:  Constant DB_USERNAME already defined in /var/www/auth/config.php on line 15
[31-Oct-2024 21:45:54 UTC] PHP Notice:  Constant DB_PASSWORD already defined in /var/www/auth/config.php on line 16
[31-Oct-2024 21:45:54 UTC] PHP Notice:  Constant DB_NAME already defined in /var/www/auth/config.php on line 17
[31-Oct-2024 21:46:03 UTC] PHP Notice:  Constant LDAP_SERVER already defined in /var/www/auth/config.php on line 8
[31-Oct-2024 21:46:03 UTC] PHP Notice:  Constant LDAP_ADMIN_USER already defined in /var/www/auth/config.php on line 9
[31-Oct-2024 21:46:03 UTC] PHP Notice:  Constant LDAP_ADMIN_PASS already defined in /var/www/auth/config.php on line 10
[31-Oct-2024 21:46:03 UTC] PHP Notice:  Constant LDAP_SEARCH_BASE already defined in /var/www/auth/config.php on line 11
[31-Oct-2024 21:46:03 UTC] PHP Notice:  Constant DB_SERVER already defined in /var/www/auth/config.php on line 14
[31-Oct-2024 21:46:03 UTC] PHP Notice:  Constant DB_USERNAME already defined in /var/www/auth/config.php on line 15
[31-Oct-2024 21:46:03 UTC] PHP Notice:  Constant DB_PASSWORD already defined in /var/www/auth/config.php on line 16
[31-Oct-2024 21:46:03 UTC] PHP Notice:  Constant DB_NAME already defined in /var/www/auth/config.php on line 17
[31-Oct-2024 21:46:28 UTC] PHP Notice:  Constant LDAP_SERVER already defined in /var/www/auth/config.php on line 8
[31-Oct-2024 21:46:28 UTC] PHP Notice:  Constant LDAP_ADMIN_USER already defined in /var/www/auth/config.php on line 9
[31-Oct-2024 21:46:28 UTC] PHP Notice:  Constant LDAP_ADMIN_PASS already defined in /var/www/auth/config.php on line 10
[31-Oct-2024 21:46:28 UTC] PHP Notice:  Constant LDAP_SEARCH_BASE already defined in /var/www/auth/config.php on line 11
[31-Oct-2024 21:46:28 UTC] PHP Notice:  Constant DB_SERVER already defined in /var/www/auth/config.php on line 14
[31-Oct-2024 21:46:28 UTC] PHP Notice:  Constant DB_USERNAME already defined in /var/www/auth/config.php on line 15
[31-Oct-2024 21:46:28 UTC] PHP Notice:  Constant DB_PASSWORD already defined in /var/www/auth/config.php on line 16
[31-Oct-2024 21:46:28 UTC] PHP Notice:  Constant DB_NAME already defined in /var/www/auth/config.php on line 17
[31-Oct-2024 21:46:32 UTC] PHP Notice:  Constant LDAP_SERVER already defined in /var/www/auth/config.php on line 8
[31-Oct-2024 21:46:32 UTC] PHP Notice:  Constant LDAP_ADMIN_USER already defined in /var/www/auth/config.php on line 9
[31-Oct-2024 21:46:32 UTC] PHP Notice:  Constant LDAP_ADMIN_PASS already defined in /var/www/auth/config.php on line 10
[31-Oct-2024 21:46:32 UTC] PHP Notice:  Constant LDAP_SEARCH_BASE already defined in /var/www/auth/config.php on line 11
[31-Oct-2024 21:46:32 UTC] PHP Notice:  Constant DB_SERVER already defined in /var/www/auth/config.php on line 14
[31-Oct-2024 21:46:32 UTC] PHP Notice:  Constant DB_USERNAME already defined in /var/www/auth/config.php on line 15
[31-Oct-2024 21:46:32 UTC] PHP Notice:  Constant DB_PASSWORD already defined in /var/www/auth/config.php on line 16
[31-Oct-2024 21:46:32 UTC] PHP Notice:  Constant DB_NAME already defined in /var/www/auth/config.php on line 17
[31-Oct-2024 21:46:34 UTC] PHP Notice:  Constant LDAP_SERVER already defined in /var/www/auth/config.php on line 8
[31-Oct-2024 21:46:34 UTC] PHP Notice:  Constant LDAP_ADMIN_USER already defined in /var/www/auth/config.php on line 9
[31-Oct-2024 21:46:34 UTC] PHP Notice:  Constant LDAP_ADMIN_PASS already defined in /var/www/auth/config.php on line 10
[31-Oct-2024 21:46:34 UTC] PHP Notice:  Constant LDAP_SEARCH_BASE already defined in /var/www/auth/config.php on line 11
[31-Oct-2024 21:46:34 UTC] PHP Notice:  Constant DB_SERVER already defined in /var/www/auth/config.php on line 14
[31-Oct-2024 21:46:34 UTC] PHP Notice:  Constant DB_USERNAME already defined in /var/www/auth/config.php on line 15
[31-Oct-2024 21:46:34 UTC] PHP Notice:  Constant DB_PASSWORD already defined in /var/www/auth/config.php on line 16
[31-Oct-2024 21:46:34 UTC] PHP Notice:  Constant DB_NAME already defined in /var/www/auth/config.php on line 17
[31-Oct-2024 21:46:56 UTC] PHP Notice:  Constant LDAP_SERVER already defined in /var/www/auth/config.php on line 8
[31-Oct-2024 21:46:56 UTC] PHP Notice:  Constant LDAP_ADMIN_USER already defined in /var/www/auth/config.php on line 9
[31-Oct-2024 21:46:56 UTC] PHP Notice:  Constant LDAP_ADMIN_PASS already defined in /var/www/auth/config.php on line 10
[31-Oct-2024 21:46:56 UTC] PHP Notice:  Constant LDAP_SEARCH_BASE already defined in /var/www/auth/config.php on line 11
[31-Oct-2024 21:46:56 UTC] PHP Notice:  Constant DB_SERVER already defined in /var/www/auth/config.php on line 14
[31-Oct-2024 21:46:56 UTC] PHP Notice:  Constant DB_USERNAME already defined in /var/www/auth/config.php on line 15
[31-Oct-2024 21:46:56 UTC] PHP Notice:  Constant DB_PASSWORD already defined in /var/www/auth/config.php on line 16
[31-Oct-2024 21:46:56 UTC] PHP Notice:  Constant DB_NAME already defined in /var/www/auth/config.php on line 17
[31-Oct-2024 21:46:59 UTC] PHP Notice:  Constant LDAP_SERVER already defined in /var/www/auth/config.php on line 8
[31-Oct-2024 21:46:59 UTC] PHP Notice:  Constant LDAP_ADMIN_USER already defined in /var/www/auth/config.php on line 9
[31-Oct-2024 21:46:59 UTC] PHP Notice:  Constant LDAP_ADMIN_PASS already defined in /var/www/auth/config.php on line 10
[31-Oct-2024 21:46:59 UTC] PHP Notice:  Constant LDAP_SEARCH_BASE already defined in /var/www/auth/config.php on line 11
[31-Oct-2024 21:46:59 UTC] PHP Notice:  Constant DB_SERVER already defined in /var/www/auth/config.php on line 14
[31-Oct-2024 21:46:59 UTC] PHP Notice:  Constant DB_USERNAME already defined in /var/www/auth/config.php on line 15
[31-Oct-2024 21:46:59 UTC] PHP Notice:  Constant DB_PASSWORD already defined in /var/www/auth/config.php on line 16
[31-Oct-2024 21:46:59 UTC] PHP Notice:  Constant DB_NAME already defined in /var/www/auth/config.php on line 17
[31-Oct-2024 21:47:16 UTC] PHP Notice:  Constant LDAP_SERVER already defined in /var/www/auth/config.php on line 8
[31-Oct-2024 21:47:16 UTC] PHP Notice:  Constant LDAP_ADMIN_USER already defined in /var/www/auth/config.php on line 9
[31-Oct-2024 21:47:16 UTC] PHP Notice:  Constant LDAP_ADMIN_PASS already defined in /var/www/auth/config.php on line 10
[31-Oct-2024 21:47:16 UTC] PHP Notice:  Constant LDAP_SEARCH_BASE already defined in /var/www/auth/config.php on line 11
[31-Oct-2024 21:47:16 UTC] PHP Notice:  Constant DB_SERVER already defined in /var/www/auth/config.php on line 14
[31-Oct-2024 21:47:16 UTC] PHP Notice:  Constant DB_USERNAME already defined in /var/www/auth/config.php on line 15
[31-Oct-2024 21:47:16 UTC] PHP Notice:  Constant DB_PASSWORD already defined in /var/www/auth/config.php on line 16
[31-Oct-2024 21:47:16 UTC] PHP Notice:  Constant DB_NAME already defined in /var/www/auth/config.php on line 17
[31-Oct-2024 21:47:19 UTC] PHP Notice:  Constant LDAP_SERVER already defined in /var/www/auth/config.php on line 8
[31-Oct-2024 21:47:19 UTC] PHP Notice:  Constant LDAP_ADMIN_USER already defined in /var/www/auth/config.php on line 9
[31-Oct-2024 21:47:19 UTC] PHP Notice:  Constant LDAP_ADMIN_PASS already defined in /var/www/auth/config.php on line 10
[31-Oct-2024 21:47:19 UTC] PHP Notice:  Constant LDAP_SEARCH_BASE already defined in /var/www/auth/config.php on line 11
[31-Oct-2024 21:47:19 UTC] PHP Notice:  Constant DB_SERVER already defined in /var/www/auth/config.php on line 14
[31-Oct-2024 21:47:19 UTC] PHP Notice:  Constant DB_USERNAME already defined in /var/www/auth/config.php on line 15
[31-Oct-2024 21:47:19 UTC] PHP Notice:  Constant DB_PASSWORD already defined in /var/www/auth/config.php on line 16
[31-Oct-2024 21:47:19 UTC] PHP Notice:  Constant DB_NAME already defined in /var/www/auth/config.php on line 17
[31-Oct-2024 21:47:20 UTC] PHP Notice:  Constant LDAP_SERVER already defined in /var/www/auth/config.php on line 8
[31-Oct-2024 21:47:20 UTC] PHP Notice:  Constant LDAP_ADMIN_USER already defined in /var/www/auth/config.php on line 9
[31-Oct-2024 21:47:20 UTC] PHP Notice:  Constant LDAP_ADMIN_PASS already defined in /var/www/auth/config.php on line 10
[31-Oct-2024 21:47:20 UTC] PHP Notice:  Constant LDAP_SEARCH_BASE already defined in /var/www/auth/config.php on line 11
[31-Oct-2024 21:47:20 UTC] PHP Notice:  Constant DB_SERVER already defined in /var/www/auth/config.php on line 14
[31-Oct-2024 21:47:20 UTC] PHP Notice:  Constant DB_USERNAME already defined in /var/www/auth/config.php on line 15
[31-Oct-2024 21:47:20 UTC] PHP Notice:  Constant DB_PASSWORD already defined in /var/www/auth/config.php on line 16
[31-Oct-2024 21:47:20 UTC] PHP Notice:  Constant DB_NAME already defined in /var/www/auth/config.php on line 17
[31-Oct-2024 21:47:24 UTC] PHP Notice:  Constant LDAP_SERVER already defined in /var/www/auth/config.php on line 8
[31-Oct-2024 21:47:24 UTC] PHP Notice:  Constant LDAP_ADMIN_USER already defined in /var/www/auth/config.php on line 9
[31-Oct-2024 21:47:24 UTC] PHP Notice:  Constant LDAP_ADMIN_PASS already defined in /var/www/auth/config.php on line 10
[31-Oct-2024 21:47:24 UTC] PHP Notice:  Constant LDAP_SEARCH_BASE already defined in /var/www/auth/config.php on line 11
[31-Oct-2024 21:47:24 UTC] PHP Notice:  Constant DB_SERVER already defined in /var/www/auth/config.php on line 14
[31-Oct-2024 21:47:24 UTC] PHP Notice:  Constant DB_USERNAME already defined in /var/www/auth/config.php on line 15
[31-Oct-2024 21:47:24 UTC] PHP Notice:  Constant DB_PASSWORD already defined in /var/www/auth/config.php on line 16
[31-Oct-2024 21:47:24 UTC] PHP Notice:  Constant DB_NAME already defined in /var/www/auth/config.php on line 17
[31-Oct-2024 21:48:41 UTC] PHP Notice:  Constant LDAP_SERVER already defined in /var/www/auth/config.php on line 8
[31-Oct-2024 21:48:41 UTC] PHP Notice:  Constant LDAP_ADMIN_USER already defined in /var/www/auth/config.php on line 9
[31-Oct-2024 21:48:41 UTC] PHP Notice:  Constant LDAP_ADMIN_PASS already defined in /var/www/auth/config.php on line 10
[31-Oct-2024 21:48:41 UTC] PHP Notice:  Constant LDAP_SEARCH_BASE already defined in /var/www/auth/config.php on line 11
[31-Oct-2024 21:48:41 UTC] PHP Notice:  Constant DB_SERVER already defined in /var/www/auth/config.php on line 14
[31-Oct-2024 21:48:41 UTC] PHP Notice:  Constant DB_USERNAME already defined in /var/www/auth/config.php on line 15
[31-Oct-2024 21:48:41 UTC] PHP Notice:  Constant DB_PASSWORD already defined in /var/www/auth/config.php on line 16
[31-Oct-2024 21:48:41 UTC] PHP Notice:  Constant DB_NAME already defined in /var/www/auth/config.php on line 17
[31-Oct-2024 21:50:07 UTC] PHP Notice:  Constant LDAP_SERVER already defined in /var/www/auth/config.php on line 8
[31-Oct-2024 21:50:07 UTC] PHP Notice:  Constant LDAP_ADMIN_USER already defined in /var/www/auth/config.php on line 9
[31-Oct-2024 21:50:07 UTC] PHP Notice:  Constant LDAP_ADMIN_PASS already defined in /var/www/auth/config.php on line 10
[31-Oct-2024 21:50:07 UTC] PHP Notice:  Constant LDAP_SEARCH_BASE already defined in /var/www/auth/config.php on line 11
[31-Oct-2024 21:50:07 UTC] PHP Notice:  Constant DB_SERVER already defined in /var/www/auth/config.php on line 14
[31-Oct-2024 21:50:07 UTC] PHP Notice:  Constant DB_USERNAME already defined in /var/www/auth/config.php on line 15
[31-Oct-2024 21:50:07 UTC] PHP Notice:  Constant DB_PASSWORD already defined in /var/www/auth/config.php on line 16
[31-Oct-2024 21:50:07 UTC] PHP Notice:  Constant DB_NAME already defined in /var/www/auth/config.php on line 17
[31-Oct-2024 21:50:10 UTC] PHP Notice:  Constant LDAP_SERVER already defined in /var/www/auth/config.php on line 8
[31-Oct-2024 21:50:10 UTC] PHP Notice:  Constant LDAP_ADMIN_USER already defined in /var/www/auth/config.php on line 9
[31-Oct-2024 21:50:10 UTC] PHP Notice:  Constant LDAP_ADMIN_PASS already defined in /var/www/auth/config.php on line 10
[31-Oct-2024 21:50:10 UTC] PHP Notice:  Constant LDAP_SEARCH_BASE already defined in /var/www/auth/config.php on line 11
[31-Oct-2024 21:50:10 UTC] PHP Notice:  Constant DB_SERVER already defined in /var/www/auth/config.php on line 14
[31-Oct-2024 21:50:10 UTC] PHP Notice:  Constant DB_USERNAME already defined in /var/www/auth/config.php on line 15
[31-Oct-2024 21:50:10 UTC] PHP Notice:  Constant DB_PASSWORD already defined in /var/www/auth/config.php on line 16
[31-Oct-2024 21:50:10 UTC] PHP Notice:  Constant DB_NAME already defined in /var/www/auth/config.php on line 17
[31-Oct-2024 21:59:59 UTC] PHP Notice:  Constant LDAP_SERVER already defined in /var/www/auth/config.php on line 8
[31-Oct-2024 21:59:59 UTC] PHP Notice:  Constant LDAP_ADMIN_USER already defined in /var/www/auth/config.php on line 9
[31-Oct-2024 21:59:59 UTC] PHP Notice:  Constant LDAP_ADMIN_PASS already defined in /var/www/auth/config.php on line 10
[31-Oct-2024 21:59:59 UTC] PHP Notice:  Constant LDAP_SEARCH_BASE already defined in /var/www/auth/config.php on line 11
[31-Oct-2024 21:59:59 UTC] PHP Notice:  Constant DB_SERVER already defined in /var/www/auth/config.php on line 14
[31-Oct-2024 21:59:59 UTC] PHP Notice:  Constant DB_USERNAME already defined in /var/www/auth/config.php on line 15
[31-Oct-2024 21:59:59 UTC] PHP Notice:  Constant DB_PASSWORD already defined in /var/www/auth/config.php on line 16
[31-Oct-2024 21:59:59 UTC] PHP Notice:  Constant DB_NAME already defined in /var/www/auth/config.php on line 17
[31-Oct-2024 22:00:03 UTC] PHP Notice:  Constant LDAP_SERVER already defined in /var/www/auth/config.php on line 8
[31-Oct-2024 22:00:03 UTC] PHP Notice:  Constant LDAP_ADMIN_USER already defined in /var/www/auth/config.php on line 9
[31-Oct-2024 22:00:03 UTC] PHP Notice:  Constant LDAP_ADMIN_PASS already defined in /var/www/auth/config.php on line 10
[31-Oct-2024 22:00:03 UTC] PHP Notice:  Constant LDAP_SEARCH_BASE already defined in /var/www/auth/config.php on line 11
[31-Oct-2024 22:00:03 UTC] PHP Notice:  Constant DB_SERVER already defined in /var/www/auth/config.php on line 14
[31-Oct-2024 22:00:03 UTC] PHP Notice:  Constant DB_USERNAME already defined in /var/www/auth/config.php on line 15
[31-Oct-2024 22:00:03 UTC] PHP Notice:  Constant DB_PASSWORD already defined in /var/www/auth/config.php on line 16
[31-Oct-2024 22:00:03 UTC] PHP Notice:  Constant DB_NAME already defined in /var/www/auth/config.php on line 17
[31-Oct-2024 22:11:19 UTC] PHP Notice:  Constant LDAP_SERVER already defined in /var/www/auth/config.php on line 8
[31-Oct-2024 22:11:19 UTC] PHP Notice:  Constant LDAP_ADMIN_USER already defined in /var/www/auth/config.php on line 9
[31-Oct-2024 22:11:19 UTC] PHP Notice:  Constant LDAP_ADMIN_PASS already defined in /var/www/auth/config.php on line 10
[31-Oct-2024 22:11:19 UTC] PHP Notice:  Constant LDAP_SEARCH_BASE already defined in /var/www/auth/config.php on line 11
[31-Oct-2024 22:11:19 UTC] PHP Notice:  Constant DB_SERVER already defined in /var/www/auth/config.php on line 14
[31-Oct-2024 22:11:19 UTC] PHP Notice:  Constant DB_USERNAME already defined in /var/www/auth/config.php on line 15
[31-Oct-2024 22:11:19 UTC] PHP Notice:  Constant DB_PASSWORD already defined in /var/www/auth/config.php on line 16
[31-Oct-2024 22:11:19 UTC] PHP Notice:  Constant DB_NAME already defined in /var/www/auth/config.php on line 17
[31-Oct-2024 22:11:23 UTC] PHP Notice:  Constant LDAP_SERVER already defined in /var/www/auth/config.php on line 8
[31-Oct-2024 22:11:23 UTC] PHP Notice:  Constant LDAP_ADMIN_USER already defined in /var/www/auth/config.php on line 9
[31-Oct-2024 22:11:23 UTC] PHP Notice:  Constant LDAP_ADMIN_PASS already defined in /var/www/auth/config.php on line 10
[31-Oct-2024 22:11:23 UTC] PHP Notice:  Constant LDAP_SEARCH_BASE already defined in /var/www/auth/config.php on line 11
[31-Oct-2024 22:11:23 UTC] PHP Notice:  Constant DB_SERVER already defined in /var/www/auth/config.php on line 14
[31-Oct-2024 22:11:23 UTC] PHP Notice:  Constant DB_USERNAME already defined in /var/www/auth/config.php on line 15
[31-Oct-2024 22:11:23 UTC] PHP Notice:  Constant DB_PASSWORD already defined in /var/www/auth/config.php on line 16
[31-Oct-2024 22:11:23 UTC] PHP Notice:  Constant DB_NAME already defined in /var/www/auth/config.php on line 17
[31-Oct-2024 22:11:26 UTC] PHP Notice:  Constant LDAP_SERVER already defined in /var/www/auth/config.php on line 8
[31-Oct-2024 22:11:26 UTC] PHP Notice:  Constant LDAP_ADMIN_USER already defined in /var/www/auth/config.php on line 9
[31-Oct-2024 22:11:26 UTC] PHP Notice:  Constant LDAP_ADMIN_PASS already defined in /var/www/auth/config.php on line 10
[31-Oct-2024 22:11:26 UTC] PHP Notice:  Constant LDAP_SEARCH_BASE already defined in /var/www/auth/config.php on line 11
[31-Oct-2024 22:11:26 UTC] PHP Notice:  Constant DB_SERVER already defined in /var/www/auth/config.php on line 14
[31-Oct-2024 22:11:26 UTC] PHP Notice:  Constant DB_USERNAME already defined in /var/www/auth/config.php on line 15
[31-Oct-2024 22:11:26 UTC] PHP Notice:  Constant DB_PASSWORD already defined in /var/www/auth/config.php on line 16
[31-Oct-2024 22:11:26 UTC] PHP Notice:  Constant DB_NAME already defined in /var/www/auth/config.php on line 17
[31-Oct-2024 22:11:27 UTC] PHP Notice:  Constant LDAP_SERVER already defined in /var/www/auth/config.php on line 8
[31-Oct-2024 22:11:27 UTC] PHP Notice:  Constant LDAP_ADMIN_USER already defined in /var/www/auth/config.php on line 9
[31-Oct-2024 22:11:27 UTC] PHP Notice:  Constant LDAP_ADMIN_PASS already defined in /var/www/auth/config.php on line 10
[31-Oct-2024 22:11:27 UTC] PHP Notice:  Constant LDAP_SEARCH_BASE already defined in /var/www/auth/config.php on line 11
[31-Oct-2024 22:11:27 UTC] PHP Notice:  Constant DB_SERVER already defined in /var/www/auth/config.php on line 14
[31-Oct-2024 22:11:27 UTC] PHP Notice:  Constant DB_USERNAME already defined in /var/www/auth/config.php on line 15
[31-Oct-2024 22:11:27 UTC] PHP Notice:  Constant DB_PASSWORD already defined in /var/www/auth/config.php on line 16
[31-Oct-2024 22:11:27 UTC] PHP Notice:  Constant DB_NAME already defined in /var/www/auth/config.php on line 17
[31-Oct-2024 22:11:33 UTC] PHP Notice:  Constant LDAP_SERVER already defined in /var/www/auth/config.php on line 8
[31-Oct-2024 22:11:33 UTC] PHP Notice:  Constant LDAP_ADMIN_USER already defined in /var/www/auth/config.php on line 9
[31-Oct-2024 22:11:33 UTC] PHP Notice:  Constant LDAP_ADMIN_PASS already defined in /var/www/auth/config.php on line 10
[31-Oct-2024 22:11:33 UTC] PHP Notice:  Constant LDAP_SEARCH_BASE already defined in /var/www/auth/config.php on line 11
[31-Oct-2024 22:11:33 UTC] PHP Notice:  Constant DB_SERVER already defined in /var/www/auth/config.php on line 14
[31-Oct-2024 22:11:33 UTC] PHP Notice:  Constant DB_USERNAME already defined in /var/www/auth/config.php on line 15
[31-Oct-2024 22:11:33 UTC] PHP Notice:  Constant DB_PASSWORD already defined in /var/www/auth/config.php on line 16
[31-Oct-2024 22:11:33 UTC] PHP Notice:  Constant DB_NAME already defined in /var/www/auth/config.php on line 17
[31-Oct-2024 22:11:40 UTC] PHP Notice:  Constant LDAP_SERVER already defined in /var/www/auth/config.php on line 8
[31-Oct-2024 22:11:40 UTC] PHP Notice:  Constant LDAP_ADMIN_USER already defined in /var/www/auth/config.php on line 9
[31-Oct-2024 22:11:40 UTC] PHP Notice:  Constant LDAP_ADMIN_PASS already defined in /var/www/auth/config.php on line 10
[31-Oct-2024 22:11:40 UTC] PHP Notice:  Constant LDAP_SEARCH_BASE already defined in /var/www/auth/config.php on line 11
[31-Oct-2024 22:11:40 UTC] PHP Notice:  Constant DB_SERVER already defined in /var/www/auth/config.php on line 14
[31-Oct-2024 22:11:40 UTC] PHP Notice:  Constant DB_USERNAME already defined in /var/www/auth/config.php on line 15
[31-Oct-2024 22:11:40 UTC] PHP Notice:  Constant DB_PASSWORD already defined in /var/www/auth/config.php on line 16
[31-Oct-2024 22:11:40 UTC] PHP Notice:  Constant DB_NAME already defined in /var/www/auth/config.php on line 17
[31-Oct-2024 22:11:45 UTC] PHP Notice:  Constant LDAP_SERVER already defined in /var/www/auth/config.php on line 8
[31-Oct-2024 22:11:45 UTC] PHP Notice:  Constant LDAP_ADMIN_USER already defined in /var/www/auth/config.php on line 9
[31-Oct-2024 22:11:45 UTC] PHP Notice:  Constant LDAP_ADMIN_PASS already defined in /var/www/auth/config.php on line 10
[31-Oct-2024 22:11:45 UTC] PHP Notice:  Constant LDAP_SEARCH_BASE already defined in /var/www/auth/config.php on line 11
[31-Oct-2024 22:11:45 UTC] PHP Notice:  Constant DB_SERVER already defined in /var/www/auth/config.php on line 14
[31-Oct-2024 22:11:45 UTC] PHP Notice:  Constant DB_USERNAME already defined in /var/www/auth/config.php on line 15
[31-Oct-2024 22:11:45 UTC] PHP Notice:  Constant DB_PASSWORD already defined in /var/www/auth/config.php on line 16
[31-Oct-2024 22:11:45 UTC] PHP Notice:  Constant DB_NAME already defined in /var/www/auth/config.php on line 17
[01-Nov-2024 04:04:24 UTC] PHP Notice:  Constant LDAP_SERVER already defined in /var/www/auth/config.php on line 8
[01-Nov-2024 04:04:24 UTC] PHP Notice:  Constant LDAP_ADMIN_USER already defined in /var/www/auth/config.php on line 9
[01-Nov-2024 04:04:24 UTC] PHP Notice:  Constant LDAP_ADMIN_PASS already defined in /var/www/auth/config.php on line 10
[01-Nov-2024 04:04:24 UTC] PHP Notice:  Constant LDAP_SEARCH_BASE already defined in /var/www/auth/config.php on line 11
[01-Nov-2024 04:04:24 UTC] PHP Notice:  Constant DB_SERVER already defined in /var/www/auth/config.php on line 14
[01-Nov-2024 04:04:24 UTC] PHP Notice:  Constant DB_USERNAME already defined in /var/www/auth/config.php on line 15
[01-Nov-2024 04:04:24 UTC] PHP Notice:  Constant DB_PASSWORD already defined in /var/www/auth/config.php on line 16
[01-Nov-2024 04:04:24 UTC] PHP Notice:  Constant DB_NAME already defined in /var/www/auth/config.php on line 17
[01-Nov-2024 04:04:27 UTC] PHP Notice:  Constant LDAP_SERVER already defined in /var/www/auth/config.php on line 8
[01-Nov-2024 04:04:27 UTC] PHP Notice:  Constant LDAP_ADMIN_USER already defined in /var/www/auth/config.php on line 9
[01-Nov-2024 04:04:27 UTC] PHP Notice:  Constant LDAP_ADMIN_PASS already defined in /var/www/auth/config.php on line 10
[01-Nov-2024 04:04:27 UTC] PHP Notice:  Constant LDAP_SEARCH_BASE already defined in /var/www/auth/config.php on line 11
[01-Nov-2024 04:04:27 UTC] PHP Notice:  Constant DB_SERVER already defined in /var/www/auth/config.php on line 14
[01-Nov-2024 04:04:27 UTC] PHP Notice:  Constant DB_USERNAME already defined in /var/www/auth/config.php on line 15
[01-Nov-2024 04:04:27 UTC] PHP Notice:  Constant DB_PASSWORD already defined in /var/www/auth/config.php on line 16
[01-Nov-2024 04:04:27 UTC] PHP Notice:  Constant DB_NAME already defined in /var/www/auth/config.php on line 17
[01-Nov-2024 04:04:37 UTC] PHP Warning:  include(auth/session_timeout.php): failed to open stream: No such file or directory in /var/www/auth/admin_dashboard.php on line 3
[01-Nov-2024 04:04:37 UTC] PHP Warning:  include(): Failed opening 'auth/session_timeout.php' for inclusion (include_path='.:/usr/share/php') in /var/www/auth/admin_dashboard.php on line 3
[01-Nov-2024 13:51:37 UTC] PHP Notice:  Constant LDAP_SERVER already defined in /var/www/auth/config.php on line 8
[01-Nov-2024 13:51:37 UTC] PHP Notice:  Constant LDAP_ADMIN_USER already defined in /var/www/auth/config.php on line 9
[01-Nov-2024 13:51:37 UTC] PHP Notice:  Constant LDAP_ADMIN_PASS already defined in /var/www/auth/config.php on line 10
[01-Nov-2024 13:51:37 UTC] PHP Notice:  Constant LDAP_SEARCH_BASE already defined in /var/www/auth/config.php on line 11
[01-Nov-2024 13:51:37 UTC] PHP Notice:  Constant DB_SERVER already defined in /var/www/auth/config.php on line 14
[01-Nov-2024 13:51:37 UTC] PHP Notice:  Constant DB_USERNAME already defined in /var/www/auth/config.php on line 15
[01-Nov-2024 13:51:37 UTC] PHP Notice:  Constant DB_PASSWORD already defined in /var/www/auth/config.php on line 16
[01-Nov-2024 13:51:37 UTC] PHP Notice:  Constant DB_NAME already defined in /var/www/auth/config.php on line 17
[01-Nov-2024 13:51:41 UTC] PHP Notice:  Constant LDAP_SERVER already defined in /var/www/auth/config.php on line 8
[01-Nov-2024 13:51:41 UTC] PHP Notice:  Constant LDAP_ADMIN_USER already defined in /var/www/auth/config.php on line 9
[01-Nov-2024 13:51:41 UTC] PHP Notice:  Constant LDAP_ADMIN_PASS already defined in /var/www/auth/config.php on line 10
[01-Nov-2024 13:51:41 UTC] PHP Notice:  Constant LDAP_SEARCH_BASE already defined in /var/www/auth/config.php on line 11
[01-Nov-2024 13:51:41 UTC] PHP Notice:  Constant DB_SERVER already defined in /var/www/auth/config.php on line 14
[01-Nov-2024 13:51:41 UTC] PHP Notice:  Constant DB_USERNAME already defined in /var/www/auth/config.php on line 15
[01-Nov-2024 13:51:41 UTC] PHP Notice:  Constant DB_PASSWORD already defined in /var/www/auth/config.php on line 16
[01-Nov-2024 13:51:41 UTC] PHP Notice:  Constant DB_NAME already defined in /var/www/auth/config.php on line 17
[01-Nov-2024 13:51:53 UTC] PHP Warning:  include(auth/session_timeout.php): failed to open stream: No such file or directory in /var/www/auth/admin_dashboard.php on line 3
[01-Nov-2024 13:51:53 UTC] PHP Warning:  include(): Failed opening 'auth/session_timeout.php' for inclusion (include_path='.:/usr/share/php') in /var/www/auth/admin_dashboard.php on line 3
[01-Nov-2024 13:51:55 UTC] PHP Notice:  Constant LDAP_SERVER already defined in /var/www/auth/config.php on line 8
[01-Nov-2024 13:51:55 UTC] PHP Notice:  Constant LDAP_ADMIN_USER already defined in /var/www/auth/config.php on line 9
[01-Nov-2024 13:51:55 UTC] PHP Notice:  Constant LDAP_ADMIN_PASS already defined in /var/www/auth/config.php on line 10
[01-Nov-2024 13:51:55 UTC] PHP Notice:  Constant LDAP_SEARCH_BASE already defined in /var/www/auth/config.php on line 11
[01-Nov-2024 13:51:55 UTC] PHP Notice:  Constant DB_SERVER already defined in /var/www/auth/config.php on line 14
[01-Nov-2024 13:51:55 UTC] PHP Notice:  Constant DB_USERNAME already defined in /var/www/auth/config.php on line 15
[01-Nov-2024 13:51:55 UTC] PHP Notice:  Constant DB_PASSWORD already defined in /var/www/auth/config.php on line 16
[01-Nov-2024 13:51:55 UTC] PHP Notice:  Constant DB_NAME already defined in /var/www/auth/config.php on line 17
[01-Nov-2024 13:51:58 UTC] PHP Notice:  Constant LDAP_SERVER already defined in /var/www/auth/config.php on line 8
[01-Nov-2024 13:51:58 UTC] PHP Notice:  Constant LDAP_ADMIN_USER already defined in /var/www/auth/config.php on line 9
[01-Nov-2024 13:51:58 UTC] PHP Notice:  Constant LDAP_ADMIN_PASS already defined in /var/www/auth/config.php on line 10
[01-Nov-2024 13:51:58 UTC] PHP Notice:  Constant LDAP_SEARCH_BASE already defined in /var/www/auth/config.php on line 11
[01-Nov-2024 13:51:58 UTC] PHP Notice:  Constant DB_SERVER already defined in /var/www/auth/config.php on line 14
[01-Nov-2024 13:51:58 UTC] PHP Notice:  Constant DB_USERNAME already defined in /var/www/auth/config.php on line 15
[01-Nov-2024 13:51:58 UTC] PHP Notice:  Constant DB_PASSWORD already defined in /var/www/auth/config.php on line 16
[01-Nov-2024 13:51:58 UTC] PHP Notice:  Constant DB_NAME already defined in /var/www/auth/config.php on line 17
[01-Nov-2024 13:54:21 UTC] PHP Warning:  include(auth/session_timeout.php): failed to open stream: No such file or directory in /var/www/auth/admin_dashboard.php on line 3
[01-Nov-2024 13:54:21 UTC] PHP Warning:  include(): Failed opening 'auth/session_timeout.php' for inclusion (include_path='.:/usr/share/php') in /var/www/auth/admin_dashboard.php on line 3
[01-Nov-2024 13:57:45 UTC] PHP Notice:  Constant LDAP_SERVER already defined in /var/www/auth/config.php on line 8
[01-Nov-2024 13:57:45 UTC] PHP Notice:  Constant LDAP_ADMIN_USER already defined in /var/www/auth/config.php on line 9
[01-Nov-2024 13:57:45 UTC] PHP Notice:  Constant LDAP_ADMIN_PASS already defined in /var/www/auth/config.php on line 10
[01-Nov-2024 13:57:45 UTC] PHP Notice:  Constant LDAP_SEARCH_BASE already defined in /var/www/auth/config.php on line 11
[01-Nov-2024 13:57:45 UTC] PHP Notice:  Constant DB_SERVER already defined in /var/www/auth/config.php on line 14
[01-Nov-2024 13:57:45 UTC] PHP Notice:  Constant DB_USERNAME already defined in /var/www/auth/config.php on line 15
[01-Nov-2024 13:57:45 UTC] PHP Notice:  Constant DB_PASSWORD already defined in /var/www/auth/config.php on line 16
[01-Nov-2024 13:57:45 UTC] PHP Notice:  Constant DB_NAME already defined in /var/www/auth/config.php on line 17
[01-Nov-2024 13:57:48 UTC] PHP Notice:  Constant LDAP_SERVER already defined in /var/www/auth/config.php on line 8
[01-Nov-2024 13:57:48 UTC] PHP Notice:  Constant LDAP_ADMIN_USER already defined in /var/www/auth/config.php on line 9
[01-Nov-2024 13:57:48 UTC] PHP Notice:  Constant LDAP_ADMIN_PASS already defined in /var/www/auth/config.php on line 10
[01-Nov-2024 13:57:48 UTC] PHP Notice:  Constant LDAP_SEARCH_BASE already defined in /var/www/auth/config.php on line 11
[01-Nov-2024 13:57:48 UTC] PHP Notice:  Constant DB_SERVER already defined in /var/www/auth/config.php on line 14
[01-Nov-2024 13:57:48 UTC] PHP Notice:  Constant DB_USERNAME already defined in /var/www/auth/config.php on line 15
[01-Nov-2024 13:57:48 UTC] PHP Notice:  Constant DB_PASSWORD already defined in /var/www/auth/config.php on line 16
[01-Nov-2024 13:57:48 UTC] PHP Notice:  Constant DB_NAME already defined in /var/www/auth/config.php on line 17
[01-Nov-2024 13:58:52 UTC] PHP Notice:  Constant LDAP_SERVER already defined in /var/www/auth/config.php on line 8
[01-Nov-2024 13:58:52 UTC] PHP Notice:  Constant LDAP_ADMIN_USER already defined in /var/www/auth/config.php on line 9
[01-Nov-2024 13:58:52 UTC] PHP Notice:  Constant LDAP_ADMIN_PASS already defined in /var/www/auth/config.php on line 10
[01-Nov-2024 13:58:52 UTC] PHP Notice:  Constant LDAP_SEARCH_BASE already defined in /var/www/auth/config.php on line 11
[01-Nov-2024 13:58:52 UTC] PHP Notice:  Constant DB_SERVER already defined in /var/www/auth/config.php on line 14
[01-Nov-2024 13:58:52 UTC] PHP Notice:  Constant DB_USERNAME already defined in /var/www/auth/config.php on line 15
[01-Nov-2024 13:58:52 UTC] PHP Notice:  Constant DB_PASSWORD already defined in /var/www/auth/config.php on line 16
[01-Nov-2024 13:58:52 UTC] PHP Notice:  Constant DB_NAME already defined in /var/www/auth/config.php on line 17
[01-Nov-2024 13:59:00 UTC] PHP Notice:  Constant LDAP_SERVER already defined in /var/www/auth/config.php on line 8
[01-Nov-2024 13:59:00 UTC] PHP Notice:  Constant LDAP_ADMIN_USER already defined in /var/www/auth/config.php on line 9
[01-Nov-2024 13:59:00 UTC] PHP Notice:  Constant LDAP_ADMIN_PASS already defined in /var/www/auth/config.php on line 10
[01-Nov-2024 13:59:00 UTC] PHP Notice:  Constant LDAP_SEARCH_BASE already defined in /var/www/auth/config.php on line 11
[01-Nov-2024 13:59:00 UTC] PHP Notice:  Constant DB_SERVER already defined in /var/www/auth/config.php on line 14
[01-Nov-2024 13:59:00 UTC] PHP Notice:  Constant DB_USERNAME already defined in /var/www/auth/config.php on line 15
[01-Nov-2024 13:59:00 UTC] PHP Notice:  Constant DB_PASSWORD already defined in /var/www/auth/config.php on line 16
[01-Nov-2024 13:59:00 UTC] PHP Notice:  Constant DB_NAME already defined in /var/www/auth/config.php on line 17
[01-Nov-2024 13:59:03 UTC] PHP Notice:  Constant LDAP_SERVER already defined in /var/www/auth/config.php on line 8
[01-Nov-2024 13:59:03 UTC] PHP Notice:  Constant LDAP_ADMIN_USER already defined in /var/www/auth/config.php on line 9
[01-Nov-2024 13:59:03 UTC] PHP Notice:  Constant LDAP_ADMIN_PASS already defined in /var/www/auth/config.php on line 10
[01-Nov-2024 13:59:03 UTC] PHP Notice:  Constant LDAP_SEARCH_BASE already defined in /var/www/auth/config.php on line 11
[01-Nov-2024 13:59:03 UTC] PHP Notice:  Constant DB_SERVER already defined in /var/www/auth/config.php on line 14
[01-Nov-2024 13:59:03 UTC] PHP Notice:  Constant DB_USERNAME already defined in /var/www/auth/config.php on line 15
[01-Nov-2024 13:59:03 UTC] PHP Notice:  Constant DB_PASSWORD already defined in /var/www/auth/config.php on line 16
[01-Nov-2024 13:59:03 UTC] PHP Notice:  Constant DB_NAME already defined in /var/www/auth/config.php on line 17
[01-Nov-2024 14:03:32 UTC] PHP Notice:  Constant LDAP_SERVER already defined in /var/www/auth/config.php on line 8
[01-Nov-2024 14:03:32 UTC] PHP Notice:  Constant LDAP_ADMIN_USER already defined in /var/www/auth/config.php on line 9
[01-Nov-2024 14:03:32 UTC] PHP Notice:  Constant LDAP_ADMIN_PASS already defined in /var/www/auth/config.php on line 10
[01-Nov-2024 14:03:32 UTC] PHP Notice:  Constant LDAP_SEARCH_BASE already defined in /var/www/auth/config.php on line 11
[01-Nov-2024 14:03:32 UTC] PHP Notice:  Constant DB_SERVER already defined in /var/www/auth/config.php on line 14
[01-Nov-2024 14:03:32 UTC] PHP Notice:  Constant DB_USERNAME already defined in /var/www/auth/config.php on line 15
[01-Nov-2024 14:03:32 UTC] PHP Notice:  Constant DB_PASSWORD already defined in /var/www/auth/config.php on line 16
[01-Nov-2024 14:03:32 UTC] PHP Notice:  Constant DB_NAME already defined in /var/www/auth/config.php on line 17
[01-Nov-2024 14:03:36 UTC] PHP Notice:  Constant LDAP_SERVER already defined in /var/www/auth/config.php on line 8
[01-Nov-2024 14:03:36 UTC] PHP Notice:  Constant LDAP_ADMIN_USER already defined in /var/www/auth/config.php on line 9
[01-Nov-2024 14:03:36 UTC] PHP Notice:  Constant LDAP_ADMIN_PASS already defined in /var/www/auth/config.php on line 10
[01-Nov-2024 14:03:36 UTC] PHP Notice:  Constant LDAP_SEARCH_BASE already defined in /var/www/auth/config.php on line 11
[01-Nov-2024 14:03:36 UTC] PHP Notice:  Constant DB_SERVER already defined in /var/www/auth/config.php on line 14
[01-Nov-2024 14:03:36 UTC] PHP Notice:  Constant DB_USERNAME already defined in /var/www/auth/config.php on line 15
[01-Nov-2024 14:03:36 UTC] PHP Notice:  Constant DB_PASSWORD already defined in /var/www/auth/config.php on line 16
[01-Nov-2024 14:03:36 UTC] PHP Notice:  Constant DB_NAME already defined in /var/www/auth/config.php on line 17
[01-Nov-2024 14:04:33 UTC] PHP Notice:  Constant LDAP_SERVER already defined in /var/www/auth/config.php on line 8
[01-Nov-2024 14:04:33 UTC] PHP Notice:  Constant LDAP_ADMIN_USER already defined in /var/www/auth/config.php on line 9
[01-Nov-2024 14:04:33 UTC] PHP Notice:  Constant LDAP_ADMIN_PASS already defined in /var/www/auth/config.php on line 10
[01-Nov-2024 14:04:33 UTC] PHP Notice:  Constant LDAP_SEARCH_BASE already defined in /var/www/auth/config.php on line 11
[01-Nov-2024 14:04:33 UTC] PHP Notice:  Constant DB_SERVER already defined in /var/www/auth/config.php on line 14
[01-Nov-2024 14:04:33 UTC] PHP Notice:  Constant DB_USERNAME already defined in /var/www/auth/config.php on line 15
[01-Nov-2024 14:04:33 UTC] PHP Notice:  Constant DB_PASSWORD already defined in /var/www/auth/config.php on line 16
[01-Nov-2024 14:04:33 UTC] PHP Notice:  Constant DB_NAME already defined in /var/www/auth/config.php on line 17
[01-Nov-2024 14:04:36 UTC] PHP Notice:  Constant LDAP_SERVER already defined in /var/www/auth/config.php on line 8
[01-Nov-2024 14:04:36 UTC] PHP Notice:  Constant LDAP_ADMIN_USER already defined in /var/www/auth/config.php on line 9
[01-Nov-2024 14:04:36 UTC] PHP Notice:  Constant LDAP_ADMIN_PASS already defined in /var/www/auth/config.php on line 10
[01-Nov-2024 14:04:36 UTC] PHP Notice:  Constant LDAP_SEARCH_BASE already defined in /var/www/auth/config.php on line 11
[01-Nov-2024 14:04:36 UTC] PHP Notice:  Constant DB_SERVER already defined in /var/www/auth/config.php on line 14
[01-Nov-2024 14:04:36 UTC] PHP Notice:  Constant DB_USERNAME already defined in /var/www/auth/config.php on line 15
[01-Nov-2024 14:04:36 UTC] PHP Notice:  Constant DB_PASSWORD already defined in /var/www/auth/config.php on line 16
[01-Nov-2024 14:04:36 UTC] PHP Notice:  Constant DB_NAME already defined in /var/www/auth/config.php on line 17
[01-Nov-2024 14:05:12 UTC] PHP Notice:  Constant LDAP_SERVER already defined in /var/www/auth/config.php on line 8
[01-Nov-2024 14:05:12 UTC] PHP Notice:  Constant LDAP_ADMIN_USER already defined in /var/www/auth/config.php on line 9
[01-Nov-2024 14:05:12 UTC] PHP Notice:  Constant LDAP_ADMIN_PASS already defined in /var/www/auth/config.php on line 10
[01-Nov-2024 14:05:12 UTC] PHP Notice:  Constant LDAP_SEARCH_BASE already defined in /var/www/auth/config.php on line 11
[01-Nov-2024 14:05:12 UTC] PHP Notice:  Constant DB_SERVER already defined in /var/www/auth/config.php on line 14
[01-Nov-2024 14:05:12 UTC] PHP Notice:  Constant DB_USERNAME already defined in /var/www/auth/config.php on line 15
[01-Nov-2024 14:05:12 UTC] PHP Notice:  Constant DB_PASSWORD already defined in /var/www/auth/config.php on line 16
[01-Nov-2024 14:05:12 UTC] PHP Notice:  Constant DB_NAME already defined in /var/www/auth/config.php on line 17
[01-Nov-2024 14:05:15 UTC] PHP Notice:  Constant LDAP_SERVER already defined in /var/www/auth/config.php on line 8
[01-Nov-2024 14:05:15 UTC] PHP Notice:  Constant LDAP_ADMIN_USER already defined in /var/www/auth/config.php on line 9
[01-Nov-2024 14:05:15 UTC] PHP Notice:  Constant LDAP_ADMIN_PASS already defined in /var/www/auth/config.php on line 10
[01-Nov-2024 14:05:15 UTC] PHP Notice:  Constant LDAP_SEARCH_BASE already defined in /var/www/auth/config.php on line 11
[01-Nov-2024 14:05:15 UTC] PHP Notice:  Constant DB_SERVER already defined in /var/www/auth/config.php on line 14
[01-Nov-2024 14:05:15 UTC] PHP Notice:  Constant DB_USERNAME already defined in /var/www/auth/config.php on line 15
[01-Nov-2024 14:05:15 UTC] PHP Notice:  Constant DB_PASSWORD already defined in /var/www/auth/config.php on line 16
[01-Nov-2024 14:05:15 UTC] PHP Notice:  Constant DB_NAME already defined in /var/www/auth/config.php on line 17
[01-Nov-2024 14:30:19 UTC] PHP Notice:  Constant LDAP_SERVER already defined in /var/www/auth/config.php on line 8
[01-Nov-2024 14:30:19 UTC] PHP Notice:  Constant LDAP_ADMIN_USER already defined in /var/www/auth/config.php on line 9
[01-Nov-2024 14:30:19 UTC] PHP Notice:  Constant LDAP_ADMIN_PASS already defined in /var/www/auth/config.php on line 10
[01-Nov-2024 14:30:19 UTC] PHP Notice:  Constant LDAP_SEARCH_BASE already defined in /var/www/auth/config.php on line 11
[01-Nov-2024 14:30:19 UTC] PHP Notice:  Constant DB_SERVER already defined in /var/www/auth/config.php on line 14
[01-Nov-2024 14:30:19 UTC] PHP Notice:  Constant DB_USERNAME already defined in /var/www/auth/config.php on line 15
[01-Nov-2024 14:30:19 UTC] PHP Notice:  Constant DB_PASSWORD already defined in /var/www/auth/config.php on line 16
[01-Nov-2024 14:30:19 UTC] PHP Notice:  Constant DB_NAME already defined in /var/www/auth/config.php on line 17
[01-Nov-2024 14:30:23 UTC] PHP Notice:  Constant LDAP_SERVER already defined in /var/www/auth/config.php on line 8
[01-Nov-2024 14:30:23 UTC] PHP Notice:  Constant LDAP_ADMIN_USER already defined in /var/www/auth/config.php on line 9
[01-Nov-2024 14:30:23 UTC] PHP Notice:  Constant LDAP_ADMIN_PASS already defined in /var/www/auth/config.php on line 10
[01-Nov-2024 14:30:23 UTC] PHP Notice:  Constant LDAP_SEARCH_BASE already defined in /var/www/auth/config.php on line 11
[01-Nov-2024 14:30:23 UTC] PHP Notice:  Constant DB_SERVER already defined in /var/www/auth/config.php on line 14
[01-Nov-2024 14:30:23 UTC] PHP Notice:  Constant DB_USERNAME already defined in /var/www/auth/config.php on line 15
[01-Nov-2024 14:30:23 UTC] PHP Notice:  Constant DB_PASSWORD already defined in /var/www/auth/config.php on line 16
[01-Nov-2024 14:30:23 UTC] PHP Notice:  Constant DB_NAME already defined in /var/www/auth/config.php on line 17
[01-Nov-2024 14:30:56 UTC] PHP Notice:  Constant LDAP_SERVER already defined in /var/www/auth/config.php on line 8
[01-Nov-2024 14:30:56 UTC] PHP Notice:  Constant LDAP_ADMIN_USER already defined in /var/www/auth/config.php on line 9
[01-Nov-2024 14:30:56 UTC] PHP Notice:  Constant LDAP_ADMIN_PASS already defined in /var/www/auth/config.php on line 10
[01-Nov-2024 14:30:56 UTC] PHP Notice:  Constant LDAP_SEARCH_BASE already defined in /var/www/auth/config.php on line 11
[01-Nov-2024 14:30:56 UTC] PHP Notice:  Constant DB_SERVER already defined in /var/www/auth/config.php on line 14
[01-Nov-2024 14:30:56 UTC] PHP Notice:  Constant DB_USERNAME already defined in /var/www/auth/config.php on line 15
[01-Nov-2024 14:30:56 UTC] PHP Notice:  Constant DB_PASSWORD already defined in /var/www/auth/config.php on line 16
[01-Nov-2024 14:30:56 UTC] PHP Notice:  Constant DB_NAME already defined in /var/www/auth/config.php on line 17
[01-Nov-2024 14:31:46 UTC] PHP Notice:  Constant LDAP_SERVER already defined in /var/www/auth/config.php on line 8
[01-Nov-2024 14:31:46 UTC] PHP Notice:  Constant LDAP_ADMIN_USER already defined in /var/www/auth/config.php on line 9
[01-Nov-2024 14:31:46 UTC] PHP Notice:  Constant LDAP_ADMIN_PASS already defined in /var/www/auth/config.php on line 10
[01-Nov-2024 14:31:46 UTC] PHP Notice:  Constant LDAP_SEARCH_BASE already defined in /var/www/auth/config.php on line 11
[01-Nov-2024 14:31:46 UTC] PHP Notice:  Constant DB_SERVER already defined in /var/www/auth/config.php on line 14
[01-Nov-2024 14:31:46 UTC] PHP Notice:  Constant DB_USERNAME already defined in /var/www/auth/config.php on line 15
[01-Nov-2024 14:31:46 UTC] PHP Notice:  Constant DB_PASSWORD already defined in /var/www/auth/config.php on line 16
[01-Nov-2024 14:31:46 UTC] PHP Notice:  Constant DB_NAME already defined in /var/www/auth/config.php on line 17
[01-Nov-2024 14:33:16 UTC] PHP Notice:  Constant LDAP_SERVER already defined in /var/www/auth/config.php on line 8
[01-Nov-2024 14:33:16 UTC] PHP Notice:  Constant LDAP_ADMIN_USER already defined in /var/www/auth/config.php on line 9
[01-Nov-2024 14:33:16 UTC] PHP Notice:  Constant LDAP_ADMIN_PASS already defined in /var/www/auth/config.php on line 10
[01-Nov-2024 14:33:16 UTC] PHP Notice:  Constant LDAP_SEARCH_BASE already defined in /var/www/auth/config.php on line 11
[01-Nov-2024 14:33:16 UTC] PHP Notice:  Constant DB_SERVER already defined in /var/www/auth/config.php on line 14
[01-Nov-2024 14:33:16 UTC] PHP Notice:  Constant DB_USERNAME already defined in /var/www/auth/config.php on line 15
[01-Nov-2024 14:33:16 UTC] PHP Notice:  Constant DB_PASSWORD already defined in /var/www/auth/config.php on line 16
[01-Nov-2024 14:33:16 UTC] PHP Notice:  Constant DB_NAME already defined in /var/www/auth/config.php on line 17
[01-Nov-2024 14:33:19 UTC] PHP Notice:  Constant LDAP_SERVER already defined in /var/www/auth/config.php on line 8
[01-Nov-2024 14:33:19 UTC] PHP Notice:  Constant LDAP_ADMIN_USER already defined in /var/www/auth/config.php on line 9
[01-Nov-2024 14:33:19 UTC] PHP Notice:  Constant LDAP_ADMIN_PASS already defined in /var/www/auth/config.php on line 10
[01-Nov-2024 14:33:19 UTC] PHP Notice:  Constant LDAP_SEARCH_BASE already defined in /var/www/auth/config.php on line 11
[01-Nov-2024 14:33:20 UTC] PHP Notice:  Constant DB_SERVER already defined in /var/www/auth/config.php on line 14
[01-Nov-2024 14:33:20 UTC] PHP Notice:  Constant DB_USERNAME already defined in /var/www/auth/config.php on line 15
[01-Nov-2024 14:33:20 UTC] PHP Notice:  Constant DB_PASSWORD already defined in /var/www/auth/config.php on line 16
[01-Nov-2024 14:33:20 UTC] PHP Notice:  Constant DB_NAME already defined in /var/www/auth/config.php on line 17
[01-Nov-2024 14:37:47 UTC] PHP Notice:  Constant LDAP_SERVER already defined in /var/www/auth/config.php on line 8
[01-Nov-2024 14:37:47 UTC] PHP Notice:  Constant LDAP_ADMIN_USER already defined in /var/www/auth/config.php on line 9
[01-Nov-2024 14:37:47 UTC] PHP Notice:  Constant LDAP_ADMIN_PASS already defined in /var/www/auth/config.php on line 10
[01-Nov-2024 14:37:47 UTC] PHP Notice:  Constant LDAP_SEARCH_BASE already defined in /var/www/auth/config.php on line 11
[01-Nov-2024 14:37:47 UTC] PHP Notice:  Constant DB_SERVER already defined in /var/www/auth/config.php on line 14
[01-Nov-2024 14:37:47 UTC] PHP Notice:  Constant DB_USERNAME already defined in /var/www/auth/config.php on line 15
[01-Nov-2024 14:37:47 UTC] PHP Notice:  Constant DB_PASSWORD already defined in /var/www/auth/config.php on line 16
[01-Nov-2024 14:37:47 UTC] PHP Notice:  Constant DB_NAME already defined in /var/www/auth/config.php on line 17
[01-Nov-2024 14:37:49 UTC] PHP Notice:  Constant LDAP_SERVER already defined in /var/www/auth/config.php on line 8
[01-Nov-2024 14:37:50 UTC] PHP Notice:  Constant LDAP_ADMIN_USER already defined in /var/www/auth/config.php on line 9
[01-Nov-2024 14:37:50 UTC] PHP Notice:  Constant LDAP_ADMIN_PASS already defined in /var/www/auth/config.php on line 10
[01-Nov-2024 14:37:50 UTC] PHP Notice:  Constant LDAP_SEARCH_BASE already defined in /var/www/auth/config.php on line 11
[01-Nov-2024 14:37:50 UTC] PHP Notice:  Constant DB_SERVER already defined in /var/www/auth/config.php on line 14
[01-Nov-2024 14:37:50 UTC] PHP Notice:  Constant DB_USERNAME already defined in /var/www/auth/config.php on line 15
[01-Nov-2024 14:37:50 UTC] PHP Notice:  Constant DB_PASSWORD already defined in /var/www/auth/config.php on line 16
[01-Nov-2024 14:37:50 UTC] PHP Notice:  Constant DB_NAME already defined in /var/www/auth/config.php on line 17
[01-Nov-2024 14:38:06 UTC] PHP Warning:  include(auth/session_timeout.php): failed to open stream: No such file or directory in /var/www/auth/admin_dashboard.php on line 3
[01-Nov-2024 14:38:06 UTC] PHP Warning:  include(): Failed opening 'auth/session_timeout.php' for inclusion (include_path='.:/usr/share/php') in /var/www/auth/admin_dashboard.php on line 3
[01-Nov-2024 14:38:11 UTC] PHP Notice:  Constant LDAP_SERVER already defined in /var/www/auth/config.php on line 8
[01-Nov-2024 14:38:11 UTC] PHP Notice:  Constant LDAP_ADMIN_USER already defined in /var/www/auth/config.php on line 9
[01-Nov-2024 14:38:11 UTC] PHP Notice:  Constant LDAP_ADMIN_PASS already defined in /var/www/auth/config.php on line 10
[01-Nov-2024 14:38:11 UTC] PHP Notice:  Constant LDAP_SEARCH_BASE already defined in /var/www/auth/config.php on line 11
[01-Nov-2024 14:38:11 UTC] PHP Notice:  Constant DB_SERVER already defined in /var/www/auth/config.php on line 14
[01-Nov-2024 14:38:11 UTC] PHP Notice:  Constant DB_USERNAME already defined in /var/www/auth/config.php on line 15
[01-Nov-2024 14:38:11 UTC] PHP Notice:  Constant DB_PASSWORD already defined in /var/www/auth/config.php on line 16
[01-Nov-2024 14:38:11 UTC] PHP Notice:  Constant DB_NAME already defined in /var/www/auth/config.php on line 17
[01-Nov-2024 14:38:14 UTC] PHP Notice:  Constant LDAP_SERVER already defined in /var/www/auth/config.php on line 8
[01-Nov-2024 14:38:14 UTC] PHP Notice:  Constant LDAP_ADMIN_USER already defined in /var/www/auth/config.php on line 9
[01-Nov-2024 14:38:14 UTC] PHP Notice:  Constant LDAP_ADMIN_PASS already defined in /var/www/auth/config.php on line 10
[01-Nov-2024 14:38:14 UTC] PHP Notice:  Constant LDAP_SEARCH_BASE already defined in /var/www/auth/config.php on line 11
[01-Nov-2024 14:38:14 UTC] PHP Notice:  Constant DB_SERVER already defined in /var/www/auth/config.php on line 14
[01-Nov-2024 14:38:14 UTC] PHP Notice:  Constant DB_USERNAME already defined in /var/www/auth/config.php on line 15
[01-Nov-2024 14:38:14 UTC] PHP Notice:  Constant DB_PASSWORD already defined in /var/www/auth/config.php on line 16
[01-Nov-2024 14:38:14 UTC] PHP Notice:  Constant DB_NAME already defined in /var/www/auth/config.php on line 17
[01-Nov-2024 14:58:14 UTC] PHP Notice:  Constant LDAP_SERVER already defined in /var/www/auth/config.php on line 8
[01-Nov-2024 14:58:14 UTC] PHP Notice:  Constant LDAP_ADMIN_USER already defined in /var/www/auth/config.php on line 9
[01-Nov-2024 14:58:14 UTC] PHP Notice:  Constant LDAP_ADMIN_PASS already defined in /var/www/auth/config.php on line 10
[01-Nov-2024 14:58:14 UTC] PHP Notice:  Constant LDAP_SEARCH_BASE already defined in /var/www/auth/config.php on line 11
[01-Nov-2024 14:58:14 UTC] PHP Notice:  Constant DB_SERVER already defined in /var/www/auth/config.php on line 14
[01-Nov-2024 14:58:14 UTC] PHP Notice:  Constant DB_USERNAME already defined in /var/www/auth/config.php on line 15
[01-Nov-2024 14:58:14 UTC] PHP Notice:  Constant DB_PASSWORD already defined in /var/www/auth/config.php on line 16
[01-Nov-2024 14:58:14 UTC] PHP Notice:  Constant DB_NAME already defined in /var/www/auth/config.php on line 17
[01-Nov-2024 14:58:20 UTC] PHP Notice:  Constant LDAP_SERVER already defined in /var/www/auth/config.php on line 8
[01-Nov-2024 14:58:20 UTC] PHP Notice:  Constant LDAP_ADMIN_USER already defined in /var/www/auth/config.php on line 9
[01-Nov-2024 14:58:20 UTC] PHP Notice:  Constant LDAP_ADMIN_PASS already defined in /var/www/auth/config.php on line 10
[01-Nov-2024 14:58:20 UTC] PHP Notice:  Constant LDAP_SEARCH_BASE already defined in /var/www/auth/config.php on line 11
[01-Nov-2024 14:58:20 UTC] PHP Notice:  Constant DB_SERVER already defined in /var/www/auth/config.php on line 14
[01-Nov-2024 14:58:20 UTC] PHP Notice:  Constant DB_USERNAME already defined in /var/www/auth/config.php on line 15
[01-Nov-2024 14:58:20 UTC] PHP Notice:  Constant DB_PASSWORD already defined in /var/www/auth/config.php on line 16
[01-Nov-2024 14:58:20 UTC] PHP Notice:  Constant DB_NAME already defined in /var/www/auth/config.php on line 17
[01-Nov-2024 14:59:05 UTC] PHP Notice:  Constant LDAP_SERVER already defined in /var/www/auth/config.php on line 8
[01-Nov-2024 14:59:05 UTC] PHP Notice:  Constant LDAP_ADMIN_USER already defined in /var/www/auth/config.php on line 9
[01-Nov-2024 14:59:05 UTC] PHP Notice:  Constant LDAP_ADMIN_PASS already defined in /var/www/auth/config.php on line 10
[01-Nov-2024 14:59:05 UTC] PHP Notice:  Constant LDAP_SEARCH_BASE already defined in /var/www/auth/config.php on line 11
[01-Nov-2024 14:59:05 UTC] PHP Notice:  Constant DB_SERVER already defined in /var/www/auth/config.php on line 14
[01-Nov-2024 14:59:05 UTC] PHP Notice:  Constant DB_USERNAME already defined in /var/www/auth/config.php on line 15
[01-Nov-2024 14:59:05 UTC] PHP Notice:  Constant DB_PASSWORD already defined in /var/www/auth/config.php on line 16
[01-Nov-2024 14:59:05 UTC] PHP Notice:  Constant DB_NAME already defined in /var/www/auth/config.php on line 17
[01-Nov-2024 14:59:07 UTC] PHP Notice:  Constant LDAP_SERVER already defined in /var/www/auth/config.php on line 8
[01-Nov-2024 14:59:07 UTC] PHP Notice:  Constant LDAP_ADMIN_USER already defined in /var/www/auth/config.php on line 9
[01-Nov-2024 14:59:07 UTC] PHP Notice:  Constant LDAP_ADMIN_PASS already defined in /var/www/auth/config.php on line 10
[01-Nov-2024 14:59:07 UTC] PHP Notice:  Constant LDAP_SEARCH_BASE already defined in /var/www/auth/config.php on line 11
[01-Nov-2024 14:59:07 UTC] PHP Notice:  Constant DB_SERVER already defined in /var/www/auth/config.php on line 14
[01-Nov-2024 14:59:07 UTC] PHP Notice:  Constant DB_USERNAME already defined in /var/www/auth/config.php on line 15
[01-Nov-2024 14:59:07 UTC] PHP Notice:  Constant DB_PASSWORD already defined in /var/www/auth/config.php on line 16
[01-Nov-2024 14:59:07 UTC] PHP Notice:  Constant DB_NAME already defined in /var/www/auth/config.php on line 17
[01-Nov-2024 14:59:57 UTC] PHP Notice:  Constant LDAP_SERVER already defined in /var/www/auth/config.php on line 8
[01-Nov-2024 14:59:57 UTC] PHP Notice:  Constant LDAP_ADMIN_USER already defined in /var/www/auth/config.php on line 9
[01-Nov-2024 14:59:57 UTC] PHP Notice:  Constant LDAP_ADMIN_PASS already defined in /var/www/auth/config.php on line 10
[01-Nov-2024 14:59:57 UTC] PHP Notice:  Constant LDAP_SEARCH_BASE already defined in /var/www/auth/config.php on line 11
[01-Nov-2024 14:59:57 UTC] PHP Notice:  Constant DB_SERVER already defined in /var/www/auth/config.php on line 14
[01-Nov-2024 14:59:57 UTC] PHP Notice:  Constant DB_USERNAME already defined in /var/www/auth/config.php on line 15
[01-Nov-2024 14:59:57 UTC] PHP Notice:  Constant DB_PASSWORD already defined in /var/www/auth/config.php on line 16
[01-Nov-2024 14:59:57 UTC] PHP Notice:  Constant DB_NAME already defined in /var/www/auth/config.php on line 17
[01-Nov-2024 15:00:00 UTC] PHP Notice:  Constant LDAP_SERVER already defined in /var/www/auth/config.php on line 8
[01-Nov-2024 15:00:00 UTC] PHP Notice:  Constant LDAP_ADMIN_USER already defined in /var/www/auth/config.php on line 9
[01-Nov-2024 15:00:00 UTC] PHP Notice:  Constant LDAP_ADMIN_PASS already defined in /var/www/auth/config.php on line 10
[01-Nov-2024 15:00:00 UTC] PHP Notice:  Constant LDAP_SEARCH_BASE already defined in /var/www/auth/config.php on line 11
[01-Nov-2024 15:00:00 UTC] PHP Notice:  Constant DB_SERVER already defined in /var/www/auth/config.php on line 14
[01-Nov-2024 15:00:00 UTC] PHP Notice:  Constant DB_USERNAME already defined in /var/www/auth/config.php on line 15
[01-Nov-2024 15:00:00 UTC] PHP Notice:  Constant DB_PASSWORD already defined in /var/www/auth/config.php on line 16
[01-Nov-2024 15:00:00 UTC] PHP Notice:  Constant DB_NAME already defined in /var/www/auth/config.php on line 17
[01-Nov-2024 15:00:03 UTC] PHP Warning:  include(auth/session_timeout.php): failed to open stream: No such file or directory in /var/www/auth/admin_dashboard.php on line 3
[01-Nov-2024 15:00:03 UTC] PHP Warning:  include(): Failed opening 'auth/session_timeout.php' for inclusion (include_path='.:/usr/share/php') in /var/www/auth/admin_dashboard.php on line 3
[01-Nov-2024 15:00:08 UTC] PHP Notice:  Constant LDAP_SERVER already defined in /var/www/auth/config.php on line 8
[01-Nov-2024 15:00:08 UTC] PHP Notice:  Constant LDAP_ADMIN_USER already defined in /var/www/auth/config.php on line 9
[01-Nov-2024 15:00:08 UTC] PHP Notice:  Constant LDAP_ADMIN_PASS already defined in /var/www/auth/config.php on line 10
[01-Nov-2024 15:00:08 UTC] PHP Notice:  Constant LDAP_SEARCH_BASE already defined in /var/www/auth/config.php on line 11
[01-Nov-2024 15:00:08 UTC] PHP Notice:  Constant DB_SERVER already defined in /var/www/auth/config.php on line 14
[01-Nov-2024 15:00:08 UTC] PHP Notice:  Constant DB_USERNAME already defined in /var/www/auth/config.php on line 15
[01-Nov-2024 15:00:08 UTC] PHP Notice:  Constant DB_PASSWORD already defined in /var/www/auth/config.php on line 16
[01-Nov-2024 15:00:08 UTC] PHP Notice:  Constant DB_NAME already defined in /var/www/auth/config.php on line 17
[01-Nov-2024 15:00:12 UTC] PHP Notice:  Constant LDAP_SERVER already defined in /var/www/auth/config.php on line 8
[01-Nov-2024 15:00:12 UTC] PHP Notice:  Constant LDAP_ADMIN_USER already defined in /var/www/auth/config.php on line 9
[01-Nov-2024 15:00:12 UTC] PHP Notice:  Constant LDAP_ADMIN_PASS already defined in /var/www/auth/config.php on line 10
[01-Nov-2024 15:00:12 UTC] PHP Notice:  Constant LDAP_SEARCH_BASE already defined in /var/www/auth/config.php on line 11
[01-Nov-2024 15:00:12 UTC] PHP Notice:  Constant DB_SERVER already defined in /var/www/auth/config.php on line 14
[01-Nov-2024 15:00:12 UTC] PHP Notice:  Constant DB_USERNAME already defined in /var/www/auth/config.php on line 15
[01-Nov-2024 15:00:12 UTC] PHP Notice:  Constant DB_PASSWORD already defined in /var/www/auth/config.php on line 16
[01-Nov-2024 15:00:12 UTC] PHP Notice:  Constant DB_NAME already defined in /var/www/auth/config.php on line 17
[01-Nov-2024 15:24:32 UTC] PHP Notice:  Constant LDAP_SERVER already defined in /var/www/auth/config.php on line 8
[01-Nov-2024 15:24:32 UTC] PHP Notice:  Constant LDAP_ADMIN_USER already defined in /var/www/auth/config.php on line 9
[01-Nov-2024 15:24:32 UTC] PHP Notice:  Constant LDAP_ADMIN_PASS already defined in /var/www/auth/config.php on line 10
[01-Nov-2024 15:24:32 UTC] PHP Notice:  Constant LDAP_SEARCH_BASE already defined in /var/www/auth/config.php on line 11
[01-Nov-2024 15:24:32 UTC] PHP Notice:  Constant DB_SERVER already defined in /var/www/auth/config.php on line 14
[01-Nov-2024 15:24:32 UTC] PHP Notice:  Constant DB_USERNAME already defined in /var/www/auth/config.php on line 15
[01-Nov-2024 15:24:32 UTC] PHP Notice:  Constant DB_PASSWORD already defined in /var/www/auth/config.php on line 16
[01-Nov-2024 15:24:32 UTC] PHP Notice:  Constant DB_NAME already defined in /var/www/auth/config.php on line 17
[01-Nov-2024 15:24:44 UTC] PHP Notice:  Constant LDAP_SERVER already defined in /var/www/auth/config.php on line 8
[01-Nov-2024 15:24:44 UTC] PHP Notice:  Constant LDAP_ADMIN_USER already defined in /var/www/auth/config.php on line 9
[01-Nov-2024 15:24:44 UTC] PHP Notice:  Constant LDAP_ADMIN_PASS already defined in /var/www/auth/config.php on line 10
[01-Nov-2024 15:24:44 UTC] PHP Notice:  Constant LDAP_SEARCH_BASE already defined in /var/www/auth/config.php on line 11
[01-Nov-2024 15:24:44 UTC] PHP Notice:  Constant DB_SERVER already defined in /var/www/auth/config.php on line 14
[01-Nov-2024 15:24:44 UTC] PHP Notice:  Constant DB_USERNAME already defined in /var/www/auth/config.php on line 15
[01-Nov-2024 15:24:44 UTC] PHP Notice:  Constant DB_PASSWORD already defined in /var/www/auth/config.php on line 16
[01-Nov-2024 15:24:44 UTC] PHP Notice:  Constant DB_NAME already defined in /var/www/auth/config.php on line 17
[01-Nov-2024 15:24:45 UTC] PHP Warning:  mkdir(): File exists in /var/www/auth/login.php on line 89
[01-Nov-2024 15:40:28 UTC] PHP Notice:  Constant LDAP_SERVER already defined in /var/www/auth/config.php on line 8
[01-Nov-2024 15:40:28 UTC] PHP Notice:  Constant LDAP_ADMIN_USER already defined in /var/www/auth/config.php on line 9
[01-Nov-2024 15:40:28 UTC] PHP Notice:  Constant LDAP_ADMIN_PASS already defined in /var/www/auth/config.php on line 10
[01-Nov-2024 15:40:28 UTC] PHP Notice:  Constant LDAP_SEARCH_BASE already defined in /var/www/auth/config.php on line 11
[01-Nov-2024 15:40:28 UTC] PHP Notice:  Constant DB_SERVER already defined in /var/www/auth/config.php on line 14
[01-Nov-2024 15:40:28 UTC] PHP Notice:  Constant DB_USERNAME already defined in /var/www/auth/config.php on line 15
[01-Nov-2024 15:40:28 UTC] PHP Notice:  Constant DB_PASSWORD already defined in /var/www/auth/config.php on line 16
[01-Nov-2024 15:40:28 UTC] PHP Notice:  Constant DB_NAME already defined in /var/www/auth/config.php on line 17
[01-Nov-2024 17:46:19 UTC] PHP Notice:  Constant LDAP_SERVER already defined in /var/www/auth/config.php on line 8
[01-Nov-2024 17:46:19 UTC] PHP Notice:  Constant LDAP_ADMIN_USER already defined in /var/www/auth/config.php on line 9
[01-Nov-2024 17:46:19 UTC] PHP Notice:  Constant LDAP_ADMIN_PASS already defined in /var/www/auth/config.php on line 10
[01-Nov-2024 17:46:19 UTC] PHP Notice:  Constant LDAP_SEARCH_BASE already defined in /var/www/auth/config.php on line 11
[01-Nov-2024 17:46:19 UTC] PHP Notice:  Constant DB_SERVER already defined in /var/www/auth/config.php on line 14
[01-Nov-2024 17:46:19 UTC] PHP Notice:  Constant DB_USERNAME already defined in /var/www/auth/config.php on line 15
[01-Nov-2024 17:46:19 UTC] PHP Notice:  Constant DB_PASSWORD already defined in /var/www/auth/config.php on line 16
[01-Nov-2024 17:46:19 UTC] PHP Notice:  Constant DB_NAME already defined in /var/www/auth/config.php on line 17
[01-Nov-2024 17:46:23 UTC] PHP Notice:  Constant LDAP_SERVER already defined in /var/www/auth/config.php on line 8
[01-Nov-2024 17:46:23 UTC] PHP Notice:  Constant LDAP_ADMIN_USER already defined in /var/www/auth/config.php on line 9
[01-Nov-2024 17:46:23 UTC] PHP Notice:  Constant LDAP_ADMIN_PASS already defined in /var/www/auth/config.php on line 10
[01-Nov-2024 17:46:23 UTC] PHP Notice:  Constant LDAP_SEARCH_BASE already defined in /var/www/auth/config.php on line 11
[01-Nov-2024 17:46:23 UTC] PHP Notice:  Constant DB_SERVER already defined in /var/www/auth/config.php on line 14
[01-Nov-2024 17:46:23 UTC] PHP Notice:  Constant DB_USERNAME already defined in /var/www/auth/config.php on line 15
[01-Nov-2024 17:46:23 UTC] PHP Notice:  Constant DB_PASSWORD already defined in /var/www/auth/config.php on line 16
[01-Nov-2024 17:46:23 UTC] PHP Notice:  Constant DB_NAME already defined in /var/www/auth/config.php on line 17
[01-Nov-2024 17:46:27 UTC] PHP Notice:  Constant LDAP_SERVER already defined in /var/www/auth/config.php on line 8
[01-Nov-2024 17:46:27 UTC] PHP Notice:  Constant LDAP_ADMIN_USER already defined in /var/www/auth/config.php on line 9
[01-Nov-2024 17:46:27 UTC] PHP Notice:  Constant LDAP_ADMIN_PASS already defined in /var/www/auth/config.php on line 10
[01-Nov-2024 17:46:27 UTC] PHP Notice:  Constant LDAP_SEARCH_BASE already defined in /var/www/auth/config.php on line 11
[01-Nov-2024 17:46:27 UTC] PHP Notice:  Constant DB_SERVER already defined in /var/www/auth/config.php on line 14
[01-Nov-2024 17:46:27 UTC] PHP Notice:  Constant DB_USERNAME already defined in /var/www/auth/config.php on line 15
[01-Nov-2024 17:46:27 UTC] PHP Notice:  Constant DB_PASSWORD already defined in /var/www/auth/config.php on line 16
[01-Nov-2024 17:46:27 UTC] PHP Notice:  Constant DB_NAME already defined in /var/www/auth/config.php on line 17
[01-Nov-2024 18:41:51 UTC] PHP Notice:  Constant LDAP_SERVER already defined in /var/www/auth/config.php on line 8
[01-Nov-2024 18:41:51 UTC] PHP Notice:  Constant LDAP_ADMIN_USER already defined in /var/www/auth/config.php on line 9
[01-Nov-2024 18:41:51 UTC] PHP Notice:  Constant LDAP_ADMIN_PASS already defined in /var/www/auth/config.php on line 10
[01-Nov-2024 18:41:51 UTC] PHP Notice:  Constant LDAP_SEARCH_BASE already defined in /var/www/auth/config.php on line 11
[01-Nov-2024 18:41:51 UTC] PHP Notice:  Constant DB_SERVER already defined in /var/www/auth/config.php on line 14
[01-Nov-2024 18:41:51 UTC] PHP Notice:  Constant DB_USERNAME already defined in /var/www/auth/config.php on line 15
[01-Nov-2024 18:41:51 UTC] PHP Notice:  Constant DB_PASSWORD already defined in /var/www/auth/config.php on line 16
[01-Nov-2024 18:41:51 UTC] PHP Notice:  Constant DB_NAME already defined in /var/www/auth/config.php on line 17
[01-Nov-2024 18:41:54 UTC] PHP Notice:  Constant LDAP_SERVER already defined in /var/www/auth/config.php on line 8
[01-Nov-2024 18:41:54 UTC] PHP Notice:  Constant LDAP_ADMIN_USER already defined in /var/www/auth/config.php on line 9
[01-Nov-2024 18:41:54 UTC] PHP Notice:  Constant LDAP_ADMIN_PASS already defined in /var/www/auth/config.php on line 10
[01-Nov-2024 18:41:54 UTC] PHP Notice:  Constant LDAP_SEARCH_BASE already defined in /var/www/auth/config.php on line 11
[01-Nov-2024 18:41:54 UTC] PHP Notice:  Constant DB_SERVER already defined in /var/www/auth/config.php on line 14
[01-Nov-2024 18:41:54 UTC] PHP Notice:  Constant DB_USERNAME already defined in /var/www/auth/config.php on line 15
[01-Nov-2024 18:41:54 UTC] PHP Notice:  Constant DB_PASSWORD already defined in /var/www/auth/config.php on line 16
[01-Nov-2024 18:41:54 UTC] PHP Notice:  Constant DB_NAME already defined in /var/www/auth/config.php on line 17
[01-Nov-2024 20:20:13 UTC] PHP Notice:  Constant LDAP_SERVER already defined in /var/www/auth/config.php on line 8
[01-Nov-2024 20:20:13 UTC] PHP Notice:  Constant LDAP_ADMIN_USER already defined in /var/www/auth/config.php on line 9
[01-Nov-2024 20:20:13 UTC] PHP Notice:  Constant LDAP_ADMIN_PASS already defined in /var/www/auth/config.php on line 10
[01-Nov-2024 20:20:13 UTC] PHP Notice:  Constant LDAP_SEARCH_BASE already defined in /var/www/auth/config.php on line 11
[01-Nov-2024 20:20:13 UTC] PHP Notice:  Constant DB_SERVER already defined in /var/www/auth/config.php on line 14
[01-Nov-2024 20:20:13 UTC] PHP Notice:  Constant DB_USERNAME already defined in /var/www/auth/config.php on line 15
[01-Nov-2024 20:20:13 UTC] PHP Notice:  Constant DB_PASSWORD already defined in /var/www/auth/config.php on line 16
[01-Nov-2024 20:20:13 UTC] PHP Notice:  Constant DB_NAME already defined in /var/www/auth/config.php on line 17
[01-Nov-2024 20:20:19 UTC] PHP Notice:  Constant LDAP_SERVER already defined in /var/www/auth/config.php on line 8
[01-Nov-2024 20:20:19 UTC] PHP Notice:  Constant LDAP_ADMIN_USER already defined in /var/www/auth/config.php on line 9
[01-Nov-2024 20:20:19 UTC] PHP Notice:  Constant LDAP_ADMIN_PASS already defined in /var/www/auth/config.php on line 10
[01-Nov-2024 20:20:19 UTC] PHP Notice:  Constant LDAP_SEARCH_BASE already defined in /var/www/auth/config.php on line 11
[01-Nov-2024 20:20:19 UTC] PHP Notice:  Constant DB_SERVER already defined in /var/www/auth/config.php on line 14
[01-Nov-2024 20:20:19 UTC] PHP Notice:  Constant DB_USERNAME already defined in /var/www/auth/config.php on line 15
[01-Nov-2024 20:20:19 UTC] PHP Notice:  Constant DB_PASSWORD already defined in /var/www/auth/config.php on line 16
[01-Nov-2024 20:20:19 UTC] PHP Notice:  Constant DB_NAME already defined in /var/www/auth/config.php on line 17
[01-Nov-2024 20:20:31 UTC] PHP Notice:  Constant LDAP_SERVER already defined in /var/www/auth/config.php on line 8
[01-Nov-2024 20:20:31 UTC] PHP Notice:  Constant LDAP_ADMIN_USER already defined in /var/www/auth/config.php on line 9
[01-Nov-2024 20:20:31 UTC] PHP Notice:  Constant LDAP_ADMIN_PASS already defined in /var/www/auth/config.php on line 10
[01-Nov-2024 20:20:31 UTC] PHP Notice:  Constant LDAP_SEARCH_BASE already defined in /var/www/auth/config.php on line 11
[01-Nov-2024 20:20:31 UTC] PHP Notice:  Constant DB_SERVER already defined in /var/www/auth/config.php on line 14
[01-Nov-2024 20:20:31 UTC] PHP Notice:  Constant DB_USERNAME already defined in /var/www/auth/config.php on line 15
[01-Nov-2024 20:20:31 UTC] PHP Notice:  Constant DB_PASSWORD already defined in /var/www/auth/config.php on line 16
[01-Nov-2024 20:20:31 UTC] PHP Notice:  Constant DB_NAME already defined in /var/www/auth/config.php on line 17
[01-Nov-2024 20:20:35 UTC] PHP Notice:  Constant LDAP_SERVER already defined in /var/www/auth/config.php on line 8
[01-Nov-2024 20:20:35 UTC] PHP Notice:  Constant LDAP_ADMIN_USER already defined in /var/www/auth/config.php on line 9
[01-Nov-2024 20:20:35 UTC] PHP Notice:  Constant LDAP_ADMIN_PASS already defined in /var/www/auth/config.php on line 10
[01-Nov-2024 20:20:35 UTC] PHP Notice:  Constant LDAP_SEARCH_BASE already defined in /var/www/auth/config.php on line 11
[01-Nov-2024 20:20:35 UTC] PHP Notice:  Constant DB_SERVER already defined in /var/www/auth/config.php on line 14
[01-Nov-2024 20:20:35 UTC] PHP Notice:  Constant DB_USERNAME already defined in /var/www/auth/config.php on line 15
[01-Nov-2024 20:20:35 UTC] PHP Notice:  Constant DB_PASSWORD already defined in /var/www/auth/config.php on line 16
[01-Nov-2024 20:20:35 UTC] PHP Notice:  Constant DB_NAME already defined in /var/www/auth/config.php on line 17
[01-Nov-2024 20:22:31 UTC] PHP Notice:  Constant LDAP_SERVER already defined in /var/www/auth/config.php on line 8
[01-Nov-2024 20:22:31 UTC] PHP Notice:  Constant LDAP_ADMIN_USER already defined in /var/www/auth/config.php on line 9
[01-Nov-2024 20:22:31 UTC] PHP Notice:  Constant LDAP_ADMIN_PASS already defined in /var/www/auth/config.php on line 10
[01-Nov-2024 20:22:31 UTC] PHP Notice:  Constant LDAP_SEARCH_BASE already defined in /var/www/auth/config.php on line 11
[01-Nov-2024 20:22:31 UTC] PHP Notice:  Constant DB_SERVER already defined in /var/www/auth/config.php on line 14
[01-Nov-2024 20:22:31 UTC] PHP Notice:  Constant DB_USERNAME already defined in /var/www/auth/config.php on line 15
[01-Nov-2024 20:22:31 UTC] PHP Notice:  Constant DB_PASSWORD already defined in /var/www/auth/config.php on line 16
[01-Nov-2024 20:22:31 UTC] PHP Notice:  Constant DB_NAME already defined in /var/www/auth/config.php on line 17
[01-Nov-2024 20:22:34 UTC] PHP Notice:  Constant LDAP_SERVER already defined in /var/www/auth/config.php on line 8
[01-Nov-2024 20:22:34 UTC] PHP Notice:  Constant LDAP_ADMIN_USER already defined in /var/www/auth/config.php on line 9
[01-Nov-2024 20:22:34 UTC] PHP Notice:  Constant LDAP_ADMIN_PASS already defined in /var/www/auth/config.php on line 10
[01-Nov-2024 20:22:34 UTC] PHP Notice:  Constant LDAP_SEARCH_BASE already defined in /var/www/auth/config.php on line 11
[01-Nov-2024 20:22:34 UTC] PHP Notice:  Constant DB_SERVER already defined in /var/www/auth/config.php on line 14
[01-Nov-2024 20:22:34 UTC] PHP Notice:  Constant DB_USERNAME already defined in /var/www/auth/config.php on line 15
[01-Nov-2024 20:22:34 UTC] PHP Notice:  Constant DB_PASSWORD already defined in /var/www/auth/config.php on line 16
[01-Nov-2024 20:22:34 UTC] PHP Notice:  Constant DB_NAME already defined in /var/www/auth/config.php on line 17
[01-Nov-2024 20:33:23 UTC] PHP Notice:  Constant LDAP_SERVER already defined in /var/www/auth/config.php on line 8
[01-Nov-2024 20:33:23 UTC] PHP Notice:  Constant LDAP_ADMIN_USER already defined in /var/www/auth/config.php on line 9
[01-Nov-2024 20:33:23 UTC] PHP Notice:  Constant LDAP_ADMIN_PASS already defined in /var/www/auth/config.php on line 10
[01-Nov-2024 20:33:23 UTC] PHP Notice:  Constant LDAP_SEARCH_BASE already defined in /var/www/auth/config.php on line 11
[01-Nov-2024 20:33:23 UTC] PHP Notice:  Constant DB_SERVER already defined in /var/www/auth/config.php on line 14
[01-Nov-2024 20:33:23 UTC] PHP Notice:  Constant DB_USERNAME already defined in /var/www/auth/config.php on line 15
[01-Nov-2024 20:33:23 UTC] PHP Notice:  Constant DB_PASSWORD already defined in /var/www/auth/config.php on line 16
[01-Nov-2024 20:33:23 UTC] PHP Notice:  Constant DB_NAME already defined in /var/www/auth/config.php on line 17
[01-Nov-2024 20:33:28 UTC] PHP Notice:  Constant LDAP_SERVER already defined in /var/www/auth/config.php on line 8
[01-Nov-2024 20:33:28 UTC] PHP Notice:  Constant LDAP_ADMIN_USER already defined in /var/www/auth/config.php on line 9
[01-Nov-2024 20:33:28 UTC] PHP Notice:  Constant LDAP_ADMIN_PASS already defined in /var/www/auth/config.php on line 10
[01-Nov-2024 20:33:28 UTC] PHP Notice:  Constant LDAP_SEARCH_BASE already defined in /var/www/auth/config.php on line 11
[01-Nov-2024 20:33:28 UTC] PHP Notice:  Constant DB_SERVER already defined in /var/www/auth/config.php on line 14
[01-Nov-2024 20:33:28 UTC] PHP Notice:  Constant DB_USERNAME already defined in /var/www/auth/config.php on line 15
[01-Nov-2024 20:33:28 UTC] PHP Notice:  Constant DB_PASSWORD already defined in /var/www/auth/config.php on line 16
[01-Nov-2024 20:33:28 UTC] PHP Notice:  Constant DB_NAME already defined in /var/www/auth/config.php on line 17
[01-Nov-2024 20:33:29 UTC] PHP Notice:  Constant LDAP_SERVER already defined in /var/www/auth/config.php on line 8
[01-Nov-2024 20:33:29 UTC] PHP Notice:  Constant LDAP_ADMIN_USER already defined in /var/www/auth/config.php on line 9
[01-Nov-2024 20:33:29 UTC] PHP Notice:  Constant LDAP_ADMIN_PASS already defined in /var/www/auth/config.php on line 10
[01-Nov-2024 20:33:29 UTC] PHP Notice:  Constant LDAP_SEARCH_BASE already defined in /var/www/auth/config.php on line 11
[01-Nov-2024 20:33:29 UTC] PHP Notice:  Constant DB_SERVER already defined in /var/www/auth/config.php on line 14
[01-Nov-2024 20:33:29 UTC] PHP Notice:  Constant DB_USERNAME already defined in /var/www/auth/config.php on line 15
[01-Nov-2024 20:33:29 UTC] PHP Notice:  Constant DB_PASSWORD already defined in /var/www/auth/config.php on line 16
[01-Nov-2024 20:33:29 UTC] PHP Notice:  Constant DB_NAME already defined in /var/www/auth/config.php on line 17
[01-Nov-2024 20:33:32 UTC] PHP Notice:  Constant LDAP_SERVER already defined in /var/www/auth/config.php on line 8
[01-Nov-2024 20:33:32 UTC] PHP Notice:  Constant LDAP_ADMIN_USER already defined in /var/www/auth/config.php on line 9
[01-Nov-2024 20:33:32 UTC] PHP Notice:  Constant LDAP_ADMIN_PASS already defined in /var/www/auth/config.php on line 10
[01-Nov-2024 20:33:32 UTC] PHP Notice:  Constant LDAP_SEARCH_BASE already defined in /var/www/auth/config.php on line 11
[01-Nov-2024 20:33:32 UTC] PHP Notice:  Constant DB_SERVER already defined in /var/www/auth/config.php on line 14
[01-Nov-2024 20:33:32 UTC] PHP Notice:  Constant DB_USERNAME already defined in /var/www/auth/config.php on line 15
[01-Nov-2024 20:33:32 UTC] PHP Notice:  Constant DB_PASSWORD already defined in /var/www/auth/config.php on line 16
[01-Nov-2024 20:33:32 UTC] PHP Notice:  Constant DB_NAME already defined in /var/www/auth/config.php on line 17
[01-Nov-2024 20:33:33 UTC] PHP Notice:  Constant LDAP_SERVER already defined in /var/www/auth/config.php on line 8
[01-Nov-2024 20:33:33 UTC] PHP Notice:  Constant LDAP_ADMIN_USER already defined in /var/www/auth/config.php on line 9
[01-Nov-2024 20:33:33 UTC] PHP Notice:  Constant LDAP_ADMIN_PASS already defined in /var/www/auth/config.php on line 10
[01-Nov-2024 20:33:33 UTC] PHP Notice:  Constant LDAP_SEARCH_BASE already defined in /var/www/auth/config.php on line 11
[01-Nov-2024 20:33:33 UTC] PHP Notice:  Constant DB_SERVER already defined in /var/www/auth/config.php on line 14
[01-Nov-2024 20:33:33 UTC] PHP Notice:  Constant DB_USERNAME already defined in /var/www/auth/config.php on line 15
[01-Nov-2024 20:33:33 UTC] PHP Notice:  Constant DB_PASSWORD already defined in /var/www/auth/config.php on line 16
[01-Nov-2024 20:33:33 UTC] PHP Notice:  Constant DB_NAME already defined in /var/www/auth/config.php on line 17
[01-Nov-2024 20:33:57 UTC] PHP Notice:  Constant LDAP_SERVER already defined in /var/www/auth/config.php on line 8
[01-Nov-2024 20:33:57 UTC] PHP Notice:  Constant LDAP_ADMIN_USER already defined in /var/www/auth/config.php on line 9
[01-Nov-2024 20:33:57 UTC] PHP Notice:  Constant LDAP_ADMIN_PASS already defined in /var/www/auth/config.php on line 10
[01-Nov-2024 20:33:57 UTC] PHP Notice:  Constant LDAP_SEARCH_BASE already defined in /var/www/auth/config.php on line 11
[01-Nov-2024 20:33:57 UTC] PHP Notice:  Constant DB_SERVER already defined in /var/www/auth/config.php on line 14
[01-Nov-2024 20:33:57 UTC] PHP Notice:  Constant DB_USERNAME already defined in /var/www/auth/config.php on line 15
[01-Nov-2024 20:33:57 UTC] PHP Notice:  Constant DB_PASSWORD already defined in /var/www/auth/config.php on line 16
[01-Nov-2024 20:33:57 UTC] PHP Notice:  Constant DB_NAME already defined in /var/www/auth/config.php on line 17
[01-Nov-2024 20:33:57 UTC] PHP Notice:  Constant LDAP_SERVER already defined in /var/www/auth/config.php on line 8
[01-Nov-2024 20:33:57 UTC] PHP Notice:  Constant LDAP_ADMIN_USER already defined in /var/www/auth/config.php on line 9
[01-Nov-2024 20:33:57 UTC] PHP Notice:  Constant LDAP_ADMIN_PASS already defined in /var/www/auth/config.php on line 10
[01-Nov-2024 20:33:57 UTC] PHP Notice:  Constant LDAP_SEARCH_BASE already defined in /var/www/auth/config.php on line 11
[01-Nov-2024 20:33:57 UTC] PHP Notice:  Constant DB_SERVER already defined in /var/www/auth/config.php on line 14
[01-Nov-2024 20:33:57 UTC] PHP Notice:  Constant DB_USERNAME already defined in /var/www/auth/config.php on line 15
[01-Nov-2024 20:33:57 UTC] PHP Notice:  Constant DB_PASSWORD already defined in /var/www/auth/config.php on line 16
[01-Nov-2024 20:33:57 UTC] PHP Notice:  Constant DB_NAME already defined in /var/www/auth/config.php on line 17
[01-Nov-2024 20:33:57 UTC] PHP Notice:  Constant LDAP_SERVER already defined in /var/www/auth/config.php on line 8
[01-Nov-2024 20:33:57 UTC] PHP Notice:  Constant LDAP_ADMIN_USER already defined in /var/www/auth/config.php on line 9
[01-Nov-2024 20:33:57 UTC] PHP Notice:  Constant LDAP_ADMIN_PASS already defined in /var/www/auth/config.php on line 10
[01-Nov-2024 20:33:57 UTC] PHP Notice:  Constant LDAP_SEARCH_BASE already defined in /var/www/auth/config.php on line 11
[01-Nov-2024 20:33:57 UTC] PHP Notice:  Constant DB_SERVER already defined in /var/www/auth/config.php on line 14
[01-Nov-2024 20:33:57 UTC] PHP Notice:  Constant DB_USERNAME already defined in /var/www/auth/config.php on line 15
[01-Nov-2024 20:33:57 UTC] PHP Notice:  Constant DB_PASSWORD already defined in /var/www/auth/config.php on line 16
[01-Nov-2024 20:33:57 UTC] PHP Notice:  Constant DB_NAME already defined in /var/www/auth/config.php on line 17
[01-Nov-2024 20:36:25 UTC] PHP Notice:  Constant LDAP_SERVER already defined in /var/www/auth/config.php on line 8
[01-Nov-2024 20:36:25 UTC] PHP Notice:  Constant LDAP_ADMIN_USER already defined in /var/www/auth/config.php on line 9
[01-Nov-2024 20:36:25 UTC] PHP Notice:  Constant LDAP_ADMIN_PASS already defined in /var/www/auth/config.php on line 10
[01-Nov-2024 20:36:25 UTC] PHP Notice:  Constant LDAP_SEARCH_BASE already defined in /var/www/auth/config.php on line 11
[01-Nov-2024 20:36:25 UTC] PHP Notice:  Constant DB_SERVER already defined in /var/www/auth/config.php on line 14
[01-Nov-2024 20:36:25 UTC] PHP Notice:  Constant DB_USERNAME already defined in /var/www/auth/config.php on line 15
[01-Nov-2024 20:36:25 UTC] PHP Notice:  Constant DB_PASSWORD already defined in /var/www/auth/config.php on line 16
[01-Nov-2024 20:36:25 UTC] PHP Notice:  Constant DB_NAME already defined in /var/www/auth/config.php on line 17
[01-Nov-2024 20:36:29 UTC] PHP Notice:  Constant LDAP_SERVER already defined in /var/www/auth/config.php on line 8
[01-Nov-2024 20:36:29 UTC] PHP Notice:  Constant LDAP_ADMIN_USER already defined in /var/www/auth/config.php on line 9
[01-Nov-2024 20:36:29 UTC] PHP Notice:  Constant LDAP_ADMIN_PASS already defined in /var/www/auth/config.php on line 10
[01-Nov-2024 20:36:29 UTC] PHP Notice:  Constant LDAP_SEARCH_BASE already defined in /var/www/auth/config.php on line 11
[01-Nov-2024 20:36:29 UTC] PHP Notice:  Constant DB_SERVER already defined in /var/www/auth/config.php on line 14
[01-Nov-2024 20:36:29 UTC] PHP Notice:  Constant DB_USERNAME already defined in /var/www/auth/config.php on line 15
[01-Nov-2024 20:36:29 UTC] PHP Notice:  Constant DB_PASSWORD already defined in /var/www/auth/config.php on line 16
[01-Nov-2024 20:36:29 UTC] PHP Notice:  Constant DB_NAME already defined in /var/www/auth/config.php on line 17
[01-Nov-2024 20:39:49 UTC] PHP Notice:  Constant LDAP_SERVER already defined in /var/www/auth/config.php on line 8
[01-Nov-2024 20:39:49 UTC] PHP Notice:  Constant LDAP_ADMIN_USER already defined in /var/www/auth/config.php on line 9
[01-Nov-2024 20:39:49 UTC] PHP Notice:  Constant LDAP_ADMIN_PASS already defined in /var/www/auth/config.php on line 10
[01-Nov-2024 20:39:49 UTC] PHP Notice:  Constant LDAP_SEARCH_BASE already defined in /var/www/auth/config.php on line 11
[01-Nov-2024 20:39:49 UTC] PHP Notice:  Constant DB_SERVER already defined in /var/www/auth/config.php on line 14
[01-Nov-2024 20:39:49 UTC] PHP Notice:  Constant DB_USERNAME already defined in /var/www/auth/config.php on line 15
[01-Nov-2024 20:39:49 UTC] PHP Notice:  Constant DB_PASSWORD already defined in /var/www/auth/config.php on line 16
[01-Nov-2024 20:39:49 UTC] PHP Notice:  Constant DB_NAME already defined in /var/www/auth/config.php on line 17
[01-Nov-2024 20:39:52 UTC] PHP Notice:  Constant LDAP_SERVER already defined in /var/www/auth/config.php on line 8
[01-Nov-2024 20:39:52 UTC] PHP Notice:  Constant LDAP_ADMIN_USER already defined in /var/www/auth/config.php on line 9
[01-Nov-2024 20:39:52 UTC] PHP Notice:  Constant LDAP_ADMIN_PASS already defined in /var/www/auth/config.php on line 10
[01-Nov-2024 20:39:52 UTC] PHP Notice:  Constant LDAP_SEARCH_BASE already defined in /var/www/auth/config.php on line 11
[01-Nov-2024 20:39:52 UTC] PHP Notice:  Constant DB_SERVER already defined in /var/www/auth/config.php on line 14
[01-Nov-2024 20:39:52 UTC] PHP Notice:  Constant DB_USERNAME already defined in /var/www/auth/config.php on line 15
[01-Nov-2024 20:39:52 UTC] PHP Notice:  Constant DB_PASSWORD already defined in /var/www/auth/config.php on line 16
[01-Nov-2024 20:39:52 UTC] PHP Notice:  Constant DB_NAME already defined in /var/www/auth/config.php on line 17
[01-Nov-2024 20:46:22 UTC] PHP Notice:  Constant LDAP_SERVER already defined in /var/www/auth/config.php on line 8
[01-Nov-2024 20:46:22 UTC] PHP Notice:  Constant LDAP_ADMIN_USER already defined in /var/www/auth/config.php on line 9
[01-Nov-2024 20:46:22 UTC] PHP Notice:  Constant LDAP_ADMIN_PASS already defined in /var/www/auth/config.php on line 10
[01-Nov-2024 20:46:22 UTC] PHP Notice:  Constant LDAP_SEARCH_BASE already defined in /var/www/auth/config.php on line 11
[01-Nov-2024 20:46:22 UTC] PHP Notice:  Constant DB_SERVER already defined in /var/www/auth/config.php on line 14
[01-Nov-2024 20:46:22 UTC] PHP Notice:  Constant DB_USERNAME already defined in /var/www/auth/config.php on line 15
[01-Nov-2024 20:46:22 UTC] PHP Notice:  Constant DB_PASSWORD already defined in /var/www/auth/config.php on line 16
[01-Nov-2024 20:46:22 UTC] PHP Notice:  Constant DB_NAME already defined in /var/www/auth/config.php on line 17
[01-Nov-2024 20:46:26 UTC] PHP Notice:  Constant LDAP_SERVER already defined in /var/www/auth/config.php on line 8
[01-Nov-2024 20:46:26 UTC] PHP Notice:  Constant LDAP_ADMIN_USER already defined in /var/www/auth/config.php on line 9
[01-Nov-2024 20:46:26 UTC] PHP Notice:  Constant LDAP_ADMIN_PASS already defined in /var/www/auth/config.php on line 10
[01-Nov-2024 20:46:26 UTC] PHP Notice:  Constant LDAP_SEARCH_BASE already defined in /var/www/auth/config.php on line 11
[01-Nov-2024 20:46:26 UTC] PHP Notice:  Constant DB_SERVER already defined in /var/www/auth/config.php on line 14
[01-Nov-2024 20:46:26 UTC] PHP Notice:  Constant DB_USERNAME already defined in /var/www/auth/config.php on line 15
[01-Nov-2024 20:46:26 UTC] PHP Notice:  Constant DB_PASSWORD already defined in /var/www/auth/config.php on line 16
[01-Nov-2024 20:46:26 UTC] PHP Notice:  Constant DB_NAME already defined in /var/www/auth/config.php on line 17
[01-Nov-2024 20:48:41 UTC] PHP Notice:  Constant LDAP_SERVER already defined in /var/www/auth/config.php on line 8
[01-Nov-2024 20:48:41 UTC] PHP Notice:  Constant LDAP_ADMIN_USER already defined in /var/www/auth/config.php on line 9
[01-Nov-2024 20:48:41 UTC] PHP Notice:  Constant LDAP_ADMIN_PASS already defined in /var/www/auth/config.php on line 10
[01-Nov-2024 20:48:41 UTC] PHP Notice:  Constant LDAP_SEARCH_BASE already defined in /var/www/auth/config.php on line 11
[01-Nov-2024 20:48:41 UTC] PHP Notice:  Constant DB_SERVER already defined in /var/www/auth/config.php on line 14
[01-Nov-2024 20:48:41 UTC] PHP Notice:  Constant DB_USERNAME already defined in /var/www/auth/config.php on line 15
[01-Nov-2024 20:48:41 UTC] PHP Notice:  Constant DB_PASSWORD already defined in /var/www/auth/config.php on line 16
[01-Nov-2024 20:48:41 UTC] PHP Notice:  Constant DB_NAME already defined in /var/www/auth/config.php on line 17
[01-Nov-2024 20:48:46 UTC] PHP Notice:  Constant LDAP_SERVER already defined in /var/www/auth/config.php on line 8
[01-Nov-2024 20:48:46 UTC] PHP Notice:  Constant LDAP_ADMIN_USER already defined in /var/www/auth/config.php on line 9
[01-Nov-2024 20:48:46 UTC] PHP Notice:  Constant LDAP_ADMIN_PASS already defined in /var/www/auth/config.php on line 10
[01-Nov-2024 20:48:46 UTC] PHP Notice:  Constant LDAP_SEARCH_BASE already defined in /var/www/auth/config.php on line 11
[01-Nov-2024 20:48:46 UTC] PHP Notice:  Constant DB_SERVER already defined in /var/www/auth/config.php on line 14
[01-Nov-2024 20:48:46 UTC] PHP Notice:  Constant DB_USERNAME already defined in /var/www/auth/config.php on line 15
[01-Nov-2024 20:48:46 UTC] PHP Notice:  Constant DB_PASSWORD already defined in /var/www/auth/config.php on line 16
[01-Nov-2024 20:48:46 UTC] PHP Notice:  Constant DB_NAME already defined in /var/www/auth/config.php on line 17
[01-Nov-2024 20:49:57 UTC] PHP Notice:  Constant LDAP_SERVER already defined in /var/www/auth/config.php on line 8
[01-Nov-2024 20:49:57 UTC] PHP Notice:  Constant LDAP_ADMIN_USER already defined in /var/www/auth/config.php on line 9
[01-Nov-2024 20:49:57 UTC] PHP Notice:  Constant LDAP_ADMIN_PASS already defined in /var/www/auth/config.php on line 10
[01-Nov-2024 20:49:57 UTC] PHP Notice:  Constant LDAP_SEARCH_BASE already defined in /var/www/auth/config.php on line 11
[01-Nov-2024 20:49:57 UTC] PHP Notice:  Constant DB_SERVER already defined in /var/www/auth/config.php on line 14
[01-Nov-2024 20:49:57 UTC] PHP Notice:  Constant DB_USERNAME already defined in /var/www/auth/config.php on line 15
[01-Nov-2024 20:49:57 UTC] PHP Notice:  Constant DB_PASSWORD already defined in /var/www/auth/config.php on line 16
[01-Nov-2024 20:49:57 UTC] PHP Notice:  Constant DB_NAME already defined in /var/www/auth/config.php on line 17
[01-Nov-2024 20:51:45 UTC] PHP Notice:  Constant LDAP_SERVER already defined in /var/www/auth/config.php on line 8
[01-Nov-2024 20:51:45 UTC] PHP Notice:  Constant LDAP_ADMIN_USER already defined in /var/www/auth/config.php on line 9
[01-Nov-2024 20:51:45 UTC] PHP Notice:  Constant LDAP_ADMIN_PASS already defined in /var/www/auth/config.php on line 10
[01-Nov-2024 20:51:45 UTC] PHP Notice:  Constant LDAP_SEARCH_BASE already defined in /var/www/auth/config.php on line 11
[01-Nov-2024 20:51:45 UTC] PHP Notice:  Constant DB_SERVER already defined in /var/www/auth/config.php on line 14
[01-Nov-2024 20:51:45 UTC] PHP Notice:  Constant DB_USERNAME already defined in /var/www/auth/config.php on line 15
[01-Nov-2024 20:51:45 UTC] PHP Notice:  Constant DB_PASSWORD already defined in /var/www/auth/config.php on line 16
[01-Nov-2024 20:51:45 UTC] PHP Notice:  Constant DB_NAME already defined in /var/www/auth/config.php on line 17
[01-Nov-2024 20:51:48 UTC] PHP Notice:  Constant LDAP_SERVER already defined in /var/www/auth/config.php on line 8
[01-Nov-2024 20:51:48 UTC] PHP Notice:  Constant LDAP_ADMIN_USER already defined in /var/www/auth/config.php on line 9
[01-Nov-2024 20:51:48 UTC] PHP Notice:  Constant LDAP_ADMIN_PASS already defined in /var/www/auth/config.php on line 10
[01-Nov-2024 20:51:48 UTC] PHP Notice:  Constant LDAP_SEARCH_BASE already defined in /var/www/auth/config.php on line 11
[01-Nov-2024 20:51:48 UTC] PHP Notice:  Constant DB_SERVER already defined in /var/www/auth/config.php on line 14
[01-Nov-2024 20:51:48 UTC] PHP Notice:  Constant DB_USERNAME already defined in /var/www/auth/config.php on line 15
[01-Nov-2024 20:51:48 UTC] PHP Notice:  Constant DB_PASSWORD already defined in /var/www/auth/config.php on line 16
[01-Nov-2024 20:51:48 UTC] PHP Notice:  Constant DB_NAME already defined in /var/www/auth/config.php on line 17
[01-Nov-2024 20:53:23 UTC] PHP Notice:  Constant LDAP_SERVER already defined in /var/www/auth/config.php on line 8
[01-Nov-2024 20:53:23 UTC] PHP Notice:  Constant LDAP_ADMIN_USER already defined in /var/www/auth/config.php on line 9
[01-Nov-2024 20:53:23 UTC] PHP Notice:  Constant LDAP_ADMIN_PASS already defined in /var/www/auth/config.php on line 10
[01-Nov-2024 20:53:23 UTC] PHP Notice:  Constant LDAP_SEARCH_BASE already defined in /var/www/auth/config.php on line 11
[01-Nov-2024 20:53:23 UTC] PHP Notice:  Constant DB_SERVER already defined in /var/www/auth/config.php on line 14
[01-Nov-2024 20:53:23 UTC] PHP Notice:  Constant DB_USERNAME already defined in /var/www/auth/config.php on line 15
[01-Nov-2024 20:53:23 UTC] PHP Notice:  Constant DB_PASSWORD already defined in /var/www/auth/config.php on line 16
[01-Nov-2024 20:53:23 UTC] PHP Notice:  Constant DB_NAME already defined in /var/www/auth/config.php on line 17
[01-Nov-2024 20:53:32 UTC] PHP Notice:  Constant LDAP_SERVER already defined in /var/www/auth/config.php on line 8
[01-Nov-2024 20:53:32 UTC] PHP Notice:  Constant LDAP_ADMIN_USER already defined in /var/www/auth/config.php on line 9
[01-Nov-2024 20:53:32 UTC] PHP Notice:  Constant LDAP_ADMIN_PASS already defined in /var/www/auth/config.php on line 10
[01-Nov-2024 20:53:32 UTC] PHP Notice:  Constant LDAP_SEARCH_BASE already defined in /var/www/auth/config.php on line 11
[01-Nov-2024 20:53:32 UTC] PHP Notice:  Constant DB_SERVER already defined in /var/www/auth/config.php on line 14
[01-Nov-2024 20:53:32 UTC] PHP Notice:  Constant DB_USERNAME already defined in /var/www/auth/config.php on line 15
[01-Nov-2024 20:53:32 UTC] PHP Notice:  Constant DB_PASSWORD already defined in /var/www/auth/config.php on line 16
[01-Nov-2024 20:53:32 UTC] PHP Notice:  Constant DB_NAME already defined in /var/www/auth/config.php on line 17
[01-Nov-2024 20:53:34 UTC] PHP Notice:  Constant LDAP_SERVER already defined in /var/www/auth/config.php on line 8
[01-Nov-2024 20:53:34 UTC] PHP Notice:  Constant LDAP_ADMIN_USER already defined in /var/www/auth/config.php on line 9
[01-Nov-2024 20:53:34 UTC] PHP Notice:  Constant LDAP_ADMIN_PASS already defined in /var/www/auth/config.php on line 10
[01-Nov-2024 20:53:34 UTC] PHP Notice:  Constant LDAP_SEARCH_BASE already defined in /var/www/auth/config.php on line 11
[01-Nov-2024 20:53:34 UTC] PHP Notice:  Constant DB_SERVER already defined in /var/www/auth/config.php on line 14
[01-Nov-2024 20:53:34 UTC] PHP Notice:  Constant DB_USERNAME already defined in /var/www/auth/config.php on line 15
[01-Nov-2024 20:53:34 UTC] PHP Notice:  Constant DB_PASSWORD already defined in /var/www/auth/config.php on line 16
[01-Nov-2024 20:53:34 UTC] PHP Notice:  Constant DB_NAME already defined in /var/www/auth/config.php on line 17
[01-Nov-2024 20:54:49 UTC] PHP Warning:  include(auth/session_timeout.php): failed to open stream: No such file or directory in /var/www/auth/admin_dashboard.php on line 3
[01-Nov-2024 20:54:49 UTC] PHP Warning:  include(): Failed opening 'auth/session_timeout.php' for inclusion (include_path='.:/usr/share/php') in /var/www/auth/admin_dashboard.php on line 3
[01-Nov-2024 20:54:51 UTC] PHP Notice:  Constant LDAP_SERVER already defined in /var/www/auth/config.php on line 8
[01-Nov-2024 20:54:51 UTC] PHP Notice:  Constant LDAP_ADMIN_USER already defined in /var/www/auth/config.php on line 9
[01-Nov-2024 20:54:51 UTC] PHP Notice:  Constant LDAP_ADMIN_PASS already defined in /var/www/auth/config.php on line 10
[01-Nov-2024 20:54:51 UTC] PHP Notice:  Constant LDAP_SEARCH_BASE already defined in /var/www/auth/config.php on line 11
[01-Nov-2024 20:54:51 UTC] PHP Notice:  Constant DB_SERVER already defined in /var/www/auth/config.php on line 14
[01-Nov-2024 20:54:51 UTC] PHP Notice:  Constant DB_USERNAME already defined in /var/www/auth/config.php on line 15
[01-Nov-2024 20:54:51 UTC] PHP Notice:  Constant DB_PASSWORD already defined in /var/www/auth/config.php on line 16
[01-Nov-2024 20:54:51 UTC] PHP Notice:  Constant DB_NAME already defined in /var/www/auth/config.php on line 17
[01-Nov-2024 20:54:55 UTC] PHP Notice:  Constant LDAP_SERVER already defined in /var/www/auth/config.php on line 8
[01-Nov-2024 20:54:55 UTC] PHP Notice:  Constant LDAP_ADMIN_USER already defined in /var/www/auth/config.php on line 9
[01-Nov-2024 20:54:55 UTC] PHP Notice:  Constant LDAP_ADMIN_PASS already defined in /var/www/auth/config.php on line 10
[01-Nov-2024 20:54:55 UTC] PHP Notice:  Constant LDAP_SEARCH_BASE already defined in /var/www/auth/config.php on line 11
[01-Nov-2024 20:54:55 UTC] PHP Notice:  Constant DB_SERVER already defined in /var/www/auth/config.php on line 14
[01-Nov-2024 20:54:55 UTC] PHP Notice:  Constant DB_USERNAME already defined in /var/www/auth/config.php on line 15
[01-Nov-2024 20:54:55 UTC] PHP Notice:  Constant DB_PASSWORD already defined in /var/www/auth/config.php on line 16
[01-Nov-2024 20:54:55 UTC] PHP Notice:  Constant DB_NAME already defined in /var/www/auth/config.php on line 17
[01-Nov-2024 20:57:30 UTC] PHP Notice:  Constant LDAP_SERVER already defined in /var/www/auth/config.php on line 8
[01-Nov-2024 20:57:30 UTC] PHP Notice:  Constant LDAP_ADMIN_USER already defined in /var/www/auth/config.php on line 9
[01-Nov-2024 20:57:30 UTC] PHP Notice:  Constant LDAP_ADMIN_PASS already defined in /var/www/auth/config.php on line 10
[01-Nov-2024 20:57:30 UTC] PHP Notice:  Constant LDAP_SEARCH_BASE already defined in /var/www/auth/config.php on line 11
[01-Nov-2024 20:57:30 UTC] PHP Notice:  Constant DB_SERVER already defined in /var/www/auth/config.php on line 14
[01-Nov-2024 20:57:30 UTC] PHP Notice:  Constant DB_USERNAME already defined in /var/www/auth/config.php on line 15
[01-Nov-2024 20:57:30 UTC] PHP Notice:  Constant DB_PASSWORD already defined in /var/www/auth/config.php on line 16
[01-Nov-2024 20:57:30 UTC] PHP Notice:  Constant DB_NAME already defined in /var/www/auth/config.php on line 17
[01-Nov-2024 20:57:34 UTC] PHP Notice:  Constant LDAP_SERVER already defined in /var/www/auth/config.php on line 8
[01-Nov-2024 20:57:34 UTC] PHP Notice:  Constant LDAP_ADMIN_USER already defined in /var/www/auth/config.php on line 9
[01-Nov-2024 20:57:34 UTC] PHP Notice:  Constant LDAP_ADMIN_PASS already defined in /var/www/auth/config.php on line 10
[01-Nov-2024 20:57:34 UTC] PHP Notice:  Constant LDAP_SEARCH_BASE already defined in /var/www/auth/config.php on line 11
[01-Nov-2024 20:57:34 UTC] PHP Notice:  Constant DB_SERVER already defined in /var/www/auth/config.php on line 14
[01-Nov-2024 20:57:34 UTC] PHP Notice:  Constant DB_USERNAME already defined in /var/www/auth/config.php on line 15
[01-Nov-2024 20:57:34 UTC] PHP Notice:  Constant DB_PASSWORD already defined in /var/www/auth/config.php on line 16
[01-Nov-2024 20:57:34 UTC] PHP Notice:  Constant DB_NAME already defined in /var/www/auth/config.php on line 17
[01-Nov-2024 20:57:42 UTC] PHP Notice:  Constant LDAP_SERVER already defined in /var/www/auth/config.php on line 8
[01-Nov-2024 20:57:42 UTC] PHP Notice:  Constant LDAP_ADMIN_USER already defined in /var/www/auth/config.php on line 9
[01-Nov-2024 20:57:42 UTC] PHP Notice:  Constant LDAP_ADMIN_PASS already defined in /var/www/auth/config.php on line 10
[01-Nov-2024 20:57:42 UTC] PHP Notice:  Constant LDAP_SEARCH_BASE already defined in /var/www/auth/config.php on line 11
[01-Nov-2024 20:57:42 UTC] PHP Notice:  Constant DB_SERVER already defined in /var/www/auth/config.php on line 14
[01-Nov-2024 20:57:42 UTC] PHP Notice:  Constant DB_USERNAME already defined in /var/www/auth/config.php on line 15
[01-Nov-2024 20:57:42 UTC] PHP Notice:  Constant DB_PASSWORD already defined in /var/www/auth/config.php on line 16
[01-Nov-2024 20:57:42 UTC] PHP Notice:  Constant DB_NAME already defined in /var/www/auth/config.php on line 17
[01-Nov-2024 20:57:45 UTC] PHP Notice:  Constant LDAP_SERVER already defined in /var/www/auth/config.php on line 8
[01-Nov-2024 20:57:45 UTC] PHP Notice:  Constant LDAP_ADMIN_USER already defined in /var/www/auth/config.php on line 9
[01-Nov-2024 20:57:45 UTC] PHP Notice:  Constant LDAP_ADMIN_PASS already defined in /var/www/auth/config.php on line 10
[01-Nov-2024 20:57:45 UTC] PHP Notice:  Constant LDAP_SEARCH_BASE already defined in /var/www/auth/config.php on line 11
[01-Nov-2024 20:57:45 UTC] PHP Notice:  Constant DB_SERVER already defined in /var/www/auth/config.php on line 14
[01-Nov-2024 20:57:45 UTC] PHP Notice:  Constant DB_USERNAME already defined in /var/www/auth/config.php on line 15
[01-Nov-2024 20:57:45 UTC] PHP Notice:  Constant DB_PASSWORD already defined in /var/www/auth/config.php on line 16
[01-Nov-2024 20:57:45 UTC] PHP Notice:  Constant DB_NAME already defined in /var/www/auth/config.php on line 17
[01-Nov-2024 21:07:52 UTC] PHP Notice:  Constant LDAP_SERVER already defined in /var/www/auth/config.php on line 8
[01-Nov-2024 21:07:52 UTC] PHP Notice:  Constant LDAP_ADMIN_USER already defined in /var/www/auth/config.php on line 9
[01-Nov-2024 21:07:52 UTC] PHP Notice:  Constant LDAP_ADMIN_PASS already defined in /var/www/auth/config.php on line 10
[01-Nov-2024 21:07:52 UTC] PHP Notice:  Constant LDAP_SEARCH_BASE already defined in /var/www/auth/config.php on line 11
[01-Nov-2024 21:07:52 UTC] PHP Notice:  Constant DB_SERVER already defined in /var/www/auth/config.php on line 14
[01-Nov-2024 21:07:52 UTC] PHP Notice:  Constant DB_USERNAME already defined in /var/www/auth/config.php on line 15
[01-Nov-2024 21:07:52 UTC] PHP Notice:  Constant DB_PASSWORD already defined in /var/www/auth/config.php on line 16
[01-Nov-2024 21:07:52 UTC] PHP Notice:  Constant DB_NAME already defined in /var/www/auth/config.php on line 17
[01-Nov-2024 21:07:55 UTC] PHP Notice:  Constant LDAP_SERVER already defined in /var/www/auth/config.php on line 8
[01-Nov-2024 21:07:55 UTC] PHP Notice:  Constant LDAP_ADMIN_USER already defined in /var/www/auth/config.php on line 9
[01-Nov-2024 21:07:55 UTC] PHP Notice:  Constant LDAP_ADMIN_PASS already defined in /var/www/auth/config.php on line 10
[01-Nov-2024 21:07:55 UTC] PHP Notice:  Constant LDAP_SEARCH_BASE already defined in /var/www/auth/config.php on line 11
[01-Nov-2024 21:07:55 UTC] PHP Notice:  Constant DB_SERVER already defined in /var/www/auth/config.php on line 14
[01-Nov-2024 21:07:55 UTC] PHP Notice:  Constant DB_USERNAME already defined in /var/www/auth/config.php on line 15
[01-Nov-2024 21:07:55 UTC] PHP Notice:  Constant DB_PASSWORD already defined in /var/www/auth/config.php on line 16
[01-Nov-2024 21:07:55 UTC] PHP Notice:  Constant DB_NAME already defined in /var/www/auth/config.php on line 17
[01-Nov-2024 21:07:57 UTC] PHP Notice:  Constant LDAP_SERVER already defined in /var/www/auth/config.php on line 8
[01-Nov-2024 21:07:57 UTC] PHP Notice:  Constant LDAP_ADMIN_USER already defined in /var/www/auth/config.php on line 9
[01-Nov-2024 21:07:57 UTC] PHP Notice:  Constant LDAP_ADMIN_PASS already defined in /var/www/auth/config.php on line 10
[01-Nov-2024 21:07:57 UTC] PHP Notice:  Constant LDAP_SEARCH_BASE already defined in /var/www/auth/config.php on line 11
[01-Nov-2024 21:07:57 UTC] PHP Notice:  Constant DB_SERVER already defined in /var/www/auth/config.php on line 14
[01-Nov-2024 21:07:57 UTC] PHP Notice:  Constant DB_USERNAME already defined in /var/www/auth/config.php on line 15
[01-Nov-2024 21:07:57 UTC] PHP Notice:  Constant DB_PASSWORD already defined in /var/www/auth/config.php on line 16
[01-Nov-2024 21:07:57 UTC] PHP Notice:  Constant DB_NAME already defined in /var/www/auth/config.php on line 17
[01-Nov-2024 21:13:16 UTC] PHP Notice:  Constant LDAP_SERVER already defined in /var/www/auth/config.php on line 8
[01-Nov-2024 21:13:16 UTC] PHP Notice:  Constant LDAP_ADMIN_USER already defined in /var/www/auth/config.php on line 9
[01-Nov-2024 21:13:16 UTC] PHP Notice:  Constant LDAP_ADMIN_PASS already defined in /var/www/auth/config.php on line 10
[01-Nov-2024 21:13:16 UTC] PHP Notice:  Constant LDAP_SEARCH_BASE already defined in /var/www/auth/config.php on line 11
[01-Nov-2024 21:13:16 UTC] PHP Notice:  Constant DB_SERVER already defined in /var/www/auth/config.php on line 14
[01-Nov-2024 21:13:16 UTC] PHP Notice:  Constant DB_USERNAME already defined in /var/www/auth/config.php on line 15
[01-Nov-2024 21:13:16 UTC] PHP Notice:  Constant DB_PASSWORD already defined in /var/www/auth/config.php on line 16
[01-Nov-2024 21:13:17 UTC] PHP Notice:  Constant DB_NAME already defined in /var/www/auth/config.php on line 17
[01-Nov-2024 21:13:21 UTC] PHP Notice:  Constant LDAP_SERVER already defined in /var/www/auth/config.php on line 8
[01-Nov-2024 21:13:21 UTC] PHP Notice:  Constant LDAP_ADMIN_USER already defined in /var/www/auth/config.php on line 9
[01-Nov-2024 21:13:21 UTC] PHP Notice:  Constant LDAP_ADMIN_PASS already defined in /var/www/auth/config.php on line 10
[01-Nov-2024 21:13:21 UTC] PHP Notice:  Constant LDAP_SEARCH_BASE already defined in /var/www/auth/config.php on line 11
[01-Nov-2024 21:13:21 UTC] PHP Notice:  Constant DB_SERVER already defined in /var/www/auth/config.php on line 14
[01-Nov-2024 21:13:21 UTC] PHP Notice:  Constant DB_USERNAME already defined in /var/www/auth/config.php on line 15
[01-Nov-2024 21:13:21 UTC] PHP Notice:  Constant DB_PASSWORD already defined in /var/www/auth/config.php on line 16
[01-Nov-2024 21:13:21 UTC] PHP Notice:  Constant DB_NAME already defined in /var/www/auth/config.php on line 17
[01-Nov-2024 21:22:21 UTC] PHP Notice:  Constant LDAP_SERVER already defined in /var/www/auth/config.php on line 8
[01-Nov-2024 21:22:21 UTC] PHP Notice:  Constant LDAP_ADMIN_USER already defined in /var/www/auth/config.php on line 9
[01-Nov-2024 21:22:21 UTC] PHP Notice:  Constant LDAP_ADMIN_PASS already defined in /var/www/auth/config.php on line 10
[01-Nov-2024 21:22:21 UTC] PHP Notice:  Constant LDAP_SEARCH_BASE already defined in /var/www/auth/config.php on line 11
[01-Nov-2024 21:22:21 UTC] PHP Notice:  Constant DB_SERVER already defined in /var/www/auth/config.php on line 14
[01-Nov-2024 21:22:21 UTC] PHP Notice:  Constant DB_USERNAME already defined in /var/www/auth/config.php on line 15
[01-Nov-2024 21:22:21 UTC] PHP Notice:  Constant DB_PASSWORD already defined in /var/www/auth/config.php on line 16
[01-Nov-2024 21:22:21 UTC] PHP Notice:  Constant DB_NAME already defined in /var/www/auth/config.php on line 17
[01-Nov-2024 21:46:46 UTC] PHP Notice:  Constant LDAP_SERVER already defined in /var/www/auth/config.php on line 8
[01-Nov-2024 21:46:46 UTC] PHP Notice:  Constant LDAP_ADMIN_USER already defined in /var/www/auth/config.php on line 9
[01-Nov-2024 21:46:46 UTC] PHP Notice:  Constant LDAP_ADMIN_PASS already defined in /var/www/auth/config.php on line 10
[01-Nov-2024 21:46:46 UTC] PHP Notice:  Constant LDAP_SEARCH_BASE already defined in /var/www/auth/config.php on line 11
[01-Nov-2024 21:46:46 UTC] PHP Notice:  Constant DB_SERVER already defined in /var/www/auth/config.php on line 14
[01-Nov-2024 21:46:46 UTC] PHP Notice:  Constant DB_USERNAME already defined in /var/www/auth/config.php on line 15
[01-Nov-2024 21:46:46 UTC] PHP Notice:  Constant DB_PASSWORD already defined in /var/www/auth/config.php on line 16
[01-Nov-2024 21:46:46 UTC] PHP Notice:  Constant DB_NAME already defined in /var/www/auth/config.php on line 17
[01-Nov-2024 21:46:49 UTC] PHP Notice:  Constant LDAP_SERVER already defined in /var/www/auth/config.php on line 8
[01-Nov-2024 21:46:49 UTC] PHP Notice:  Constant LDAP_ADMIN_USER already defined in /var/www/auth/config.php on line 9
[01-Nov-2024 21:46:49 UTC] PHP Notice:  Constant LDAP_ADMIN_PASS already defined in /var/www/auth/config.php on line 10
[01-Nov-2024 21:46:49 UTC] PHP Notice:  Constant LDAP_SEARCH_BASE already defined in /var/www/auth/config.php on line 11
[01-Nov-2024 21:46:49 UTC] PHP Notice:  Constant DB_SERVER already defined in /var/www/auth/config.php on line 14
[01-Nov-2024 21:46:49 UTC] PHP Notice:  Constant DB_USERNAME already defined in /var/www/auth/config.php on line 15
[01-Nov-2024 21:46:49 UTC] PHP Notice:  Constant DB_PASSWORD already defined in /var/www/auth/config.php on line 16
[01-Nov-2024 21:46:49 UTC] PHP Notice:  Constant DB_NAME already defined in /var/www/auth/config.php on line 17
[20-Jun-2025 03:18:20 UTC] PHP Notice:  Constant LDAP_SERVER already defined in /var/www/auth/config.php on line 8
[20-Jun-2025 03:18:20 UTC] PHP Notice:  Constant LDAP_ADMIN_USER already defined in /var/www/auth/config.php on line 9
[20-Jun-2025 03:18:20 UTC] PHP Notice:  Constant LDAP_ADMIN_PASS already defined in /var/www/auth/config.php on line 10
[20-Jun-2025 03:18:20 UTC] PHP Notice:  Constant LDAP_SEARCH_BASE already defined in /var/www/auth/config.php on line 11
[20-Jun-2025 03:18:20 UTC] PHP Notice:  Constant DB_SERVER already defined in /var/www/auth/config.php on line 14
[20-Jun-2025 03:18:20 UTC] PHP Notice:  Constant DB_USERNAME already defined in /var/www/auth/config.php on line 15
[20-Jun-2025 03:18:20 UTC] PHP Notice:  Constant DB_PASSWORD already defined in /var/www/auth/config.php on line 16
[20-Jun-2025 03:18:20 UTC] PHP Notice:  Constant DB_NAME already defined in /var/www/auth/config.php on line 17
[20-Jun-2025 03:18:20 UTC] PHP Notice:  Array to string conversion in /var/www/auth/login.php on line 124
[20-Jun-2025 03:18:26 UTC] PHP Notice:  Constant LDAP_SERVER already defined in /var/www/auth/config.php on line 8
[20-Jun-2025 03:18:26 UTC] PHP Notice:  Constant LDAP_ADMIN_USER already defined in /var/www/auth/config.php on line 9
[20-Jun-2025 03:18:26 UTC] PHP Notice:  Constant LDAP_ADMIN_PASS already defined in /var/www/auth/config.php on line 10
[20-Jun-2025 03:18:26 UTC] PHP Notice:  Constant LDAP_SEARCH_BASE already defined in /var/www/auth/config.php on line 11
[20-Jun-2025 03:18:26 UTC] PHP Notice:  Constant DB_SERVER already defined in /var/www/auth/config.php on line 14
[20-Jun-2025 03:18:26 UTC] PHP Notice:  Constant DB_USERNAME already defined in /var/www/auth/config.php on line 15
[20-Jun-2025 03:18:26 UTC] PHP Notice:  Constant DB_PASSWORD already defined in /var/www/auth/config.php on line 16
[20-Jun-2025 03:18:26 UTC] PHP Notice:  Constant DB_NAME already defined in /var/www/auth/config.php on line 17
[20-Jun-2025 03:57:28 UTC] PHP Notice:  Constant LDAP_SERVER already defined in /var/www/auth/config.php on line 8
[20-Jun-2025 03:57:28 UTC] PHP Notice:  Constant LDAP_ADMIN_USER already defined in /var/www/auth/config.php on line 9
[20-Jun-2025 03:57:28 UTC] PHP Notice:  Constant LDAP_ADMIN_PASS already defined in /var/www/auth/config.php on line 10
[20-Jun-2025 03:57:28 UTC] PHP Notice:  Constant LDAP_SEARCH_BASE already defined in /var/www/auth/config.php on line 11
[20-Jun-2025 03:57:28 UTC] PHP Notice:  Constant DB_SERVER already defined in /var/www/auth/config.php on line 14
[20-Jun-2025 03:57:28 UTC] PHP Notice:  Constant DB_USERNAME already defined in /var/www/auth/config.php on line 15
[20-Jun-2025 03:57:28 UTC] PHP Notice:  Constant DB_PASSWORD already defined in /var/www/auth/config.php on line 16
[20-Jun-2025 03:57:28 UTC] PHP Notice:  Constant DB_NAME already defined in /var/www/auth/config.php on line 17
[20-Jun-2025 03:57:28 UTC] PHP Notice:  Array to string conversion in /var/www/auth/login.php on line 124
[20-Jun-2025 03:57:31 UTC] PHP Notice:  Constant LDAP_SERVER already defined in /var/www/auth/config.php on line 8
[20-Jun-2025 03:57:31 UTC] PHP Notice:  Constant LDAP_ADMIN_USER already defined in /var/www/auth/config.php on line 9
[20-Jun-2025 03:57:31 UTC] PHP Notice:  Constant LDAP_ADMIN_PASS already defined in /var/www/auth/config.php on line 10
[20-Jun-2025 03:57:31 UTC] PHP Notice:  Constant LDAP_SEARCH_BASE already defined in /var/www/auth/config.php on line 11
[20-Jun-2025 03:57:31 UTC] PHP Notice:  Constant DB_SERVER already defined in /var/www/auth/config.php on line 14
[20-Jun-2025 03:57:31 UTC] PHP Notice:  Constant DB_USERNAME already defined in /var/www/auth/config.php on line 15
[20-Jun-2025 03:57:31 UTC] PHP Notice:  Constant DB_PASSWORD already defined in /var/www/auth/config.php on line 16
[20-Jun-2025 03:57:31 UTC] PHP Notice:  Constant DB_NAME already defined in /var/www/auth/config.php on line 17
[20-Jun-2025 04:00:23 UTC] PHP Notice:  Constant LDAP_SERVER already defined in /var/www/auth/config.php on line 8
[20-Jun-2025 04:00:23 UTC] PHP Notice:  Constant LDAP_ADMIN_USER already defined in /var/www/auth/config.php on line 9
[20-Jun-2025 04:00:23 UTC] PHP Notice:  Constant LDAP_ADMIN_PASS already defined in /var/www/auth/config.php on line 10
[20-Jun-2025 04:00:23 UTC] PHP Notice:  Constant LDAP_SEARCH_BASE already defined in /var/www/auth/config.php on line 11
[20-Jun-2025 04:00:23 UTC] PHP Notice:  Constant DB_SERVER already defined in /var/www/auth/config.php on line 14
[20-Jun-2025 04:00:23 UTC] PHP Notice:  Constant DB_USERNAME already defined in /var/www/auth/config.php on line 15
[20-Jun-2025 04:00:23 UTC] PHP Notice:  Constant DB_PASSWORD already defined in /var/www/auth/config.php on line 16
[20-Jun-2025 04:00:23 UTC] PHP Notice:  Constant DB_NAME already defined in /var/www/auth/config.php on line 17
[20-Jun-2025 04:00:23 UTC] PHP Notice:  Array to string conversion in /var/www/auth/login.php on line 124
[20-Jun-2025 04:00:26 UTC] PHP Notice:  Constant LDAP_SERVER already defined in /var/www/auth/config.php on line 8
[20-Jun-2025 04:00:26 UTC] PHP Notice:  Constant LDAP_ADMIN_USER already defined in /var/www/auth/config.php on line 9
[20-Jun-2025 04:00:26 UTC] PHP Notice:  Constant LDAP_ADMIN_PASS already defined in /var/www/auth/config.php on line 10
[20-Jun-2025 04:00:26 UTC] PHP Notice:  Constant LDAP_SEARCH_BASE already defined in /var/www/auth/config.php on line 11
[20-Jun-2025 04:00:26 UTC] PHP Notice:  Constant DB_SERVER already defined in /var/www/auth/config.php on line 14
[20-Jun-2025 04:00:26 UTC] PHP Notice:  Constant DB_USERNAME already defined in /var/www/auth/config.php on line 15
[20-Jun-2025 04:00:26 UTC] PHP Notice:  Constant DB_PASSWORD already defined in /var/www/auth/config.php on line 16
[20-Jun-2025 04:00:26 UTC] PHP Notice:  Constant DB_NAME already defined in /var/www/auth/config.php on line 17
[20-Jun-2025 04:54:29 UTC] PHP Notice:  Constant LDAP_SERVER already defined in /var/www/auth/config.php on line 8
[20-Jun-2025 04:54:29 UTC] PHP Notice:  Constant LDAP_ADMIN_USER already defined in /var/www/auth/config.php on line 9
[20-Jun-2025 04:54:29 UTC] PHP Notice:  Constant LDAP_ADMIN_PASS already defined in /var/www/auth/config.php on line 10
[20-Jun-2025 04:54:29 UTC] PHP Notice:  Constant LDAP_SEARCH_BASE already defined in /var/www/auth/config.php on line 11
[20-Jun-2025 04:54:29 UTC] PHP Notice:  Constant DB_SERVER already defined in /var/www/auth/config.php on line 14
[20-Jun-2025 04:54:29 UTC] PHP Notice:  Constant DB_USERNAME already defined in /var/www/auth/config.php on line 15
[20-Jun-2025 04:54:29 UTC] PHP Notice:  Constant DB_PASSWORD already defined in /var/www/auth/config.php on line 16
[20-Jun-2025 04:54:29 UTC] PHP Notice:  Constant DB_NAME already defined in /var/www/auth/config.php on line 17
[20-Jun-2025 04:54:29 UTC] PHP Notice:  Array to string conversion in /var/www/auth/login.php on line 124
[20-Jun-2025 04:54:33 UTC] PHP Notice:  Constant LDAP_SERVER already defined in /var/www/auth/config.php on line 8
[20-Jun-2025 04:54:33 UTC] PHP Notice:  Constant LDAP_ADMIN_USER already defined in /var/www/auth/config.php on line 9
[20-Jun-2025 04:54:33 UTC] PHP Notice:  Constant LDAP_ADMIN_PASS already defined in /var/www/auth/config.php on line 10
[20-Jun-2025 04:54:33 UTC] PHP Notice:  Constant LDAP_SEARCH_BASE already defined in /var/www/auth/config.php on line 11
[20-Jun-2025 04:54:33 UTC] PHP Notice:  Constant DB_SERVER already defined in /var/www/auth/config.php on line 14
[20-Jun-2025 04:54:33 UTC] PHP Notice:  Constant DB_USERNAME already defined in /var/www/auth/config.php on line 15
[20-Jun-2025 04:54:33 UTC] PHP Notice:  Constant DB_PASSWORD already defined in /var/www/auth/config.php on line 16
[20-Jun-2025 04:54:33 UTC] PHP Notice:  Constant DB_NAME already defined in /var/www/auth/config.php on line 17
[20-Jun-2025 04:54:49 UTC] PHP Warning:  include(auth/session_timeout.php): failed to open stream: No such file or directory in /var/www/auth/admin_dashboard.php on line 3
[20-Jun-2025 04:54:49 UTC] PHP Warning:  include(): Failed opening 'auth/session_timeout.php' for inclusion (include_path='.:/usr/share/php') in /var/www/auth/admin_dashboard.php on line 3
[20-Jun-2025 13:56:57 UTC] PHP Notice:  Constant LDAP_SERVER already defined in /var/www/auth/config.php on line 8
[20-Jun-2025 13:56:57 UTC] PHP Notice:  Constant LDAP_ADMIN_USER already defined in /var/www/auth/config.php on line 9
[20-Jun-2025 13:56:57 UTC] PHP Notice:  Constant LDAP_ADMIN_PASS already defined in /var/www/auth/config.php on line 10
[20-Jun-2025 13:56:57 UTC] PHP Notice:  Constant LDAP_SEARCH_BASE already defined in /var/www/auth/config.php on line 11
[20-Jun-2025 13:56:57 UTC] PHP Notice:  Constant DB_SERVER already defined in /var/www/auth/config.php on line 14
[20-Jun-2025 13:56:57 UTC] PHP Notice:  Constant DB_USERNAME already defined in /var/www/auth/config.php on line 15
[20-Jun-2025 13:56:57 UTC] PHP Notice:  Constant DB_PASSWORD already defined in /var/www/auth/config.php on line 16
[20-Jun-2025 13:56:57 UTC] PHP Notice:  Constant DB_NAME already defined in /var/www/auth/config.php on line 17
[20-Jun-2025 13:56:57 UTC] PHP Notice:  Array to string conversion in /var/www/auth/login.php on line 124
[20-Jun-2025 13:57:00 UTC] PHP Notice:  Constant LDAP_SERVER already defined in /var/www/auth/config.php on line 8
[20-Jun-2025 13:57:00 UTC] PHP Notice:  Constant LDAP_ADMIN_USER already defined in /var/www/auth/config.php on line 9
[20-Jun-2025 13:57:00 UTC] PHP Notice:  Constant LDAP_ADMIN_PASS already defined in /var/www/auth/config.php on line 10
[20-Jun-2025 13:57:00 UTC] PHP Notice:  Constant LDAP_SEARCH_BASE already defined in /var/www/auth/config.php on line 11
[20-Jun-2025 13:57:00 UTC] PHP Notice:  Constant DB_SERVER already defined in /var/www/auth/config.php on line 14
[20-Jun-2025 13:57:00 UTC] PHP Notice:  Constant DB_USERNAME already defined in /var/www/auth/config.php on line 15
[20-Jun-2025 13:57:00 UTC] PHP Notice:  Constant DB_PASSWORD already defined in /var/www/auth/config.php on line 16
[20-Jun-2025 13:57:00 UTC] PHP Notice:  Constant DB_NAME already defined in /var/www/auth/config.php on line 17
[20-Jun-2025 19:26:57 UTC] PHP Notice:  Constant LDAP_SERVER already defined in /var/www/auth/config.php on line 8
[20-Jun-2025 19:26:57 UTC] PHP Notice:  Constant LDAP_ADMIN_USER already defined in /var/www/auth/config.php on line 9
[20-Jun-2025 19:26:57 UTC] PHP Notice:  Constant LDAP_ADMIN_PASS already defined in /var/www/auth/config.php on line 10
[20-Jun-2025 19:26:57 UTC] PHP Notice:  Constant LDAP_SEARCH_BASE already defined in /var/www/auth/config.php on line 11
[20-Jun-2025 19:26:57 UTC] PHP Notice:  Constant DB_SERVER already defined in /var/www/auth/config.php on line 14
[20-Jun-2025 19:26:57 UTC] PHP Notice:  Constant DB_USERNAME already defined in /var/www/auth/config.php on line 15
[20-Jun-2025 19:26:57 UTC] PHP Notice:  Constant DB_PASSWORD already defined in /var/www/auth/config.php on line 16
[20-Jun-2025 19:26:57 UTC] PHP Notice:  Constant DB_NAME already defined in /var/www/auth/config.php on line 17
[20-Jun-2025 19:27:04 UTC] PHP Notice:  Constant LDAP_SERVER already defined in /var/www/auth/config.php on line 8
[20-Jun-2025 19:27:04 UTC] PHP Notice:  Constant LDAP_ADMIN_USER already defined in /var/www/auth/config.php on line 9
[20-Jun-2025 19:27:04 UTC] PHP Notice:  Constant LDAP_ADMIN_PASS already defined in /var/www/auth/config.php on line 10
[20-Jun-2025 19:27:04 UTC] PHP Notice:  Constant LDAP_SEARCH_BASE already defined in /var/www/auth/config.php on line 11
[20-Jun-2025 19:27:04 UTC] PHP Notice:  Constant DB_SERVER already defined in /var/www/auth/config.php on line 14
[20-Jun-2025 19:27:04 UTC] PHP Notice:  Constant DB_USERNAME already defined in /var/www/auth/config.php on line 15
[20-Jun-2025 19:27:04 UTC] PHP Notice:  Constant DB_PASSWORD already defined in /var/www/auth/config.php on line 16
[20-Jun-2025 19:27:04 UTC] PHP Notice:  Constant DB_NAME already defined in /var/www/auth/config.php on line 17
[20-Jun-2025 19:27:04 UTC] PHP Notice:  Array to string conversion in /var/www/auth/login.php on line 124
[20-Jun-2025 19:27:09 UTC] PHP Notice:  Constant LDAP_SERVER already defined in /var/www/auth/config.php on line 8
[20-Jun-2025 19:27:09 UTC] PHP Notice:  Constant LDAP_ADMIN_USER already defined in /var/www/auth/config.php on line 9
[20-Jun-2025 19:27:09 UTC] PHP Notice:  Constant LDAP_ADMIN_PASS already defined in /var/www/auth/config.php on line 10
[20-Jun-2025 19:27:09 UTC] PHP Notice:  Constant LDAP_SEARCH_BASE already defined in /var/www/auth/config.php on line 11
[20-Jun-2025 19:27:09 UTC] PHP Notice:  Constant DB_SERVER already defined in /var/www/auth/config.php on line 14
[20-Jun-2025 19:27:09 UTC] PHP Notice:  Constant DB_USERNAME already defined in /var/www/auth/config.php on line 15
[20-Jun-2025 19:27:09 UTC] PHP Notice:  Constant DB_PASSWORD already defined in /var/www/auth/config.php on line 16
[20-Jun-2025 19:27:09 UTC] PHP Notice:  Constant DB_NAME already defined in /var/www/auth/config.php on line 17
[20-Jun-2025 19:36:14 UTC] PHP Notice:  Constant LDAP_SERVER already defined in /var/www/auth/config.php on line 8
[20-Jun-2025 19:36:14 UTC] PHP Notice:  Constant LDAP_ADMIN_USER already defined in /var/www/auth/config.php on line 9
[20-Jun-2025 19:36:14 UTC] PHP Notice:  Constant LDAP_ADMIN_PASS already defined in /var/www/auth/config.php on line 10
[20-Jun-2025 19:36:14 UTC] PHP Notice:  Constant LDAP_SEARCH_BASE already defined in /var/www/auth/config.php on line 11
[20-Jun-2025 19:36:14 UTC] PHP Notice:  Constant DB_SERVER already defined in /var/www/auth/config.php on line 14
[20-Jun-2025 19:36:14 UTC] PHP Notice:  Constant DB_USERNAME already defined in /var/www/auth/config.php on line 15
[20-Jun-2025 19:36:14 UTC] PHP Notice:  Constant DB_PASSWORD already defined in /var/www/auth/config.php on line 16
[20-Jun-2025 19:36:14 UTC] PHP Notice:  Constant DB_NAME already defined in /var/www/auth/config.php on line 17
[20-Jun-2025 19:36:14 UTC] PHP Notice:  Array to string conversion in /var/www/auth/login.php on line 124
[20-Jun-2025 19:36:17 UTC] PHP Notice:  Constant LDAP_SERVER already defined in /var/www/auth/config.php on line 8
[20-Jun-2025 19:36:17 UTC] PHP Notice:  Constant LDAP_ADMIN_USER already defined in /var/www/auth/config.php on line 9
[20-Jun-2025 19:36:18 UTC] PHP Notice:  Constant LDAP_ADMIN_PASS already defined in /var/www/auth/config.php on line 10
[20-Jun-2025 19:36:18 UTC] PHP Notice:  Constant LDAP_SEARCH_BASE already defined in /var/www/auth/config.php on line 11
[20-Jun-2025 19:36:18 UTC] PHP Notice:  Constant DB_SERVER already defined in /var/www/auth/config.php on line 14
[20-Jun-2025 19:36:18 UTC] PHP Notice:  Constant DB_USERNAME already defined in /var/www/auth/config.php on line 15
[20-Jun-2025 19:36:18 UTC] PHP Notice:  Constant DB_PASSWORD already defined in /var/www/auth/config.php on line 16
[20-Jun-2025 19:36:18 UTC] PHP Notice:  Constant DB_NAME already defined in /var/www/auth/config.php on line 17
[20-Jun-2025 20:01:15 UTC] PHP Notice:  Constant LDAP_SERVER already defined in /var/www/auth/config.php on line 8
[20-Jun-2025 20:01:15 UTC] PHP Notice:  Constant LDAP_ADMIN_USER already defined in /var/www/auth/config.php on line 9
[20-Jun-2025 20:01:15 UTC] PHP Notice:  Constant LDAP_ADMIN_PASS already defined in /var/www/auth/config.php on line 10
[20-Jun-2025 20:01:15 UTC] PHP Notice:  Constant LDAP_SEARCH_BASE already defined in /var/www/auth/config.php on line 11
[20-Jun-2025 20:01:15 UTC] PHP Notice:  Constant DB_SERVER already defined in /var/www/auth/config.php on line 14
[20-Jun-2025 20:01:15 UTC] PHP Notice:  Constant DB_USERNAME already defined in /var/www/auth/config.php on line 15
[20-Jun-2025 20:01:15 UTC] PHP Notice:  Constant DB_PASSWORD already defined in /var/www/auth/config.php on line 16
[20-Jun-2025 20:01:15 UTC] PHP Notice:  Constant DB_NAME already defined in /var/www/auth/config.php on line 17
[20-Jun-2025 20:01:15 UTC] PHP Notice:  Array to string conversion in /var/www/auth/login.php on line 124
[20-Jun-2025 20:01:26 UTC] PHP Notice:  Constant LDAP_SERVER already defined in /var/www/auth/config.php on line 8
[20-Jun-2025 20:01:26 UTC] PHP Notice:  Constant LDAP_ADMIN_USER already defined in /var/www/auth/config.php on line 9
[20-Jun-2025 20:01:26 UTC] PHP Notice:  Constant LDAP_ADMIN_PASS already defined in /var/www/auth/config.php on line 10
[20-Jun-2025 20:01:26 UTC] PHP Notice:  Constant LDAP_SEARCH_BASE already defined in /var/www/auth/config.php on line 11
[20-Jun-2025 20:01:26 UTC] PHP Notice:  Constant DB_SERVER already defined in /var/www/auth/config.php on line 14
[20-Jun-2025 20:01:26 UTC] PHP Notice:  Constant DB_USERNAME already defined in /var/www/auth/config.php on line 15
[20-Jun-2025 20:01:26 UTC] PHP Notice:  Constant DB_PASSWORD already defined in /var/www/auth/config.php on line 16
[20-Jun-2025 20:01:26 UTC] PHP Notice:  Constant DB_NAME already defined in /var/www/auth/config.php on line 17
[20-Jun-2025 21:30:58 UTC] PHP Notice:  Constant LDAP_SERVER already defined in /var/www/auth/config.php on line 8
[20-Jun-2025 21:30:58 UTC] PHP Notice:  Constant LDAP_ADMIN_USER already defined in /var/www/auth/config.php on line 9
[20-Jun-2025 21:30:58 UTC] PHP Notice:  Constant LDAP_ADMIN_PASS already defined in /var/www/auth/config.php on line 10
[20-Jun-2025 21:30:58 UTC] PHP Notice:  Constant LDAP_SEARCH_BASE already defined in /var/www/auth/config.php on line 11
[20-Jun-2025 21:30:58 UTC] PHP Notice:  Constant DB_SERVER already defined in /var/www/auth/config.php on line 14
[20-Jun-2025 21:30:58 UTC] PHP Notice:  Constant DB_USERNAME already defined in /var/www/auth/config.php on line 15
[20-Jun-2025 21:30:58 UTC] PHP Notice:  Constant DB_PASSWORD already defined in /var/www/auth/config.php on line 16
[20-Jun-2025 21:30:58 UTC] PHP Notice:  Constant DB_NAME already defined in /var/www/auth/config.php on line 17
[20-Jun-2025 21:30:58 UTC] PHP Notice:  Array to string conversion in /var/www/auth/login.php on line 124
[20-Jun-2025 21:31:02 UTC] PHP Notice:  Constant LDAP_SERVER already defined in /var/www/auth/config.php on line 8
[20-Jun-2025 21:31:02 UTC] PHP Notice:  Constant LDAP_ADMIN_USER already defined in /var/www/auth/config.php on line 9
[20-Jun-2025 21:31:02 UTC] PHP Notice:  Constant LDAP_ADMIN_PASS already defined in /var/www/auth/config.php on line 10
[20-Jun-2025 21:31:02 UTC] PHP Notice:  Constant LDAP_SEARCH_BASE already defined in /var/www/auth/config.php on line 11
[20-Jun-2025 21:31:02 UTC] PHP Notice:  Constant DB_SERVER already defined in /var/www/auth/config.php on line 14
[20-Jun-2025 21:31:02 UTC] PHP Notice:  Constant DB_USERNAME already defined in /var/www/auth/config.php on line 15
[20-Jun-2025 21:31:02 UTC] PHP Notice:  Constant DB_PASSWORD already defined in /var/www/auth/config.php on line 16
[20-Jun-2025 21:31:02 UTC] PHP Notice:  Constant DB_NAME already defined in /var/www/auth/config.php on line 17
[20-Jun-2025 22:53:02 UTC] PHP Warning:  mysqli::__construct(): (HY000/2002): No such file or directory in /var/www/auth/config.php on line 27
[20-Jun-2025 22:53:02 UTC] Connection failed: No such file or directory
[20-Jun-2025 22:53:04 UTC] PHP Warning:  mysqli::__construct(): (HY000/2002): No such file or directory in /var/www/auth/config.php on line 27
[20-Jun-2025 22:53:04 UTC] Connection failed: No such file or directory
[21-Jun-2025 01:09:39 UTC] PHP Notice:  Constant LDAP_SERVER already defined in /var/www/auth/config.php on line 8
[21-Jun-2025 01:09:39 UTC] PHP Notice:  Constant LDAP_ADMIN_USER already defined in /var/www/auth/config.php on line 9
[21-Jun-2025 01:09:39 UTC] PHP Notice:  Constant LDAP_ADMIN_PASS already defined in /var/www/auth/config.php on line 10
[21-Jun-2025 01:09:39 UTC] PHP Notice:  Constant LDAP_SEARCH_BASE already defined in /var/www/auth/config.php on line 11
[21-Jun-2025 01:09:39 UTC] PHP Notice:  Constant DB_SERVER already defined in /var/www/auth/config.php on line 14
[21-Jun-2025 01:09:39 UTC] PHP Notice:  Constant DB_USERNAME already defined in /var/www/auth/config.php on line 15
[21-Jun-2025 01:09:39 UTC] PHP Notice:  Constant DB_PASSWORD already defined in /var/www/auth/config.php on line 16
[21-Jun-2025 01:09:39 UTC] PHP Notice:  Constant DB_NAME already defined in /var/www/auth/config.php on line 17
[21-Jun-2025 01:09:39 UTC] PHP Notice:  Array to string conversion in /var/www/auth/login.php on line 124
[21-Jun-2025 01:09:42 UTC] PHP Notice:  Constant LDAP_SERVER already defined in /var/www/auth/config.php on line 8
[21-Jun-2025 01:09:42 UTC] PHP Notice:  Constant LDAP_ADMIN_USER already defined in /var/www/auth/config.php on line 9
[21-Jun-2025 01:09:42 UTC] PHP Notice:  Constant LDAP_ADMIN_PASS already defined in /var/www/auth/config.php on line 10
[21-Jun-2025 01:09:42 UTC] PHP Notice:  Constant LDAP_SEARCH_BASE already defined in /var/www/auth/config.php on line 11
[21-Jun-2025 01:09:42 UTC] PHP Notice:  Constant DB_SERVER already defined in /var/www/auth/config.php on line 14
[21-Jun-2025 01:09:42 UTC] PHP Notice:  Constant DB_USERNAME already defined in /var/www/auth/config.php on line 15
[21-Jun-2025 01:09:42 UTC] PHP Notice:  Constant DB_PASSWORD already defined in /var/www/auth/config.php on line 16
[21-Jun-2025 01:09:42 UTC] PHP Notice:  Constant DB_NAME already defined in /var/www/auth/config.php on line 17
[21-Jun-2025 02:53:11 UTC] PHP Notice:  Constant LDAP_SERVER already defined in /var/www/auth/config.php on line 8
[21-Jun-2025 02:53:11 UTC] PHP Notice:  Constant LDAP_ADMIN_USER already defined in /var/www/auth/config.php on line 9
[21-Jun-2025 02:53:11 UTC] PHP Notice:  Constant LDAP_ADMIN_PASS already defined in /var/www/auth/config.php on line 10
[21-Jun-2025 02:53:11 UTC] PHP Notice:  Constant LDAP_SEARCH_BASE already defined in /var/www/auth/config.php on line 11
[21-Jun-2025 02:53:11 UTC] PHP Notice:  Constant DB_SERVER already defined in /var/www/auth/config.php on line 14
[21-Jun-2025 02:53:11 UTC] PHP Notice:  Constant DB_USERNAME already defined in /var/www/auth/config.php on line 15
[21-Jun-2025 02:53:11 UTC] PHP Notice:  Constant DB_PASSWORD already defined in /var/www/auth/config.php on line 16
[21-Jun-2025 02:53:11 UTC] PHP Notice:  Constant DB_NAME already defined in /var/www/auth/config.php on line 17
[21-Jun-2025 02:53:11 UTC] PHP Notice:  Array to string conversion in /var/www/auth/login.php on line 124
[21-Jun-2025 02:53:14 UTC] PHP Notice:  Constant LDAP_SERVER already defined in /var/www/auth/config.php on line 8
[21-Jun-2025 02:53:14 UTC] PHP Notice:  Constant LDAP_ADMIN_USER already defined in /var/www/auth/config.php on line 9
[21-Jun-2025 02:53:14 UTC] PHP Notice:  Constant LDAP_ADMIN_PASS already defined in /var/www/auth/config.php on line 10
[21-Jun-2025 02:53:14 UTC] PHP Notice:  Constant LDAP_SEARCH_BASE already defined in /var/www/auth/config.php on line 11
[21-Jun-2025 02:53:14 UTC] PHP Notice:  Constant DB_SERVER already defined in /var/www/auth/config.php on line 14
[21-Jun-2025 02:53:14 UTC] PHP Notice:  Constant DB_USERNAME already defined in /var/www/auth/config.php on line 15
[21-Jun-2025 02:53:14 UTC] PHP Notice:  Constant DB_PASSWORD already defined in /var/www/auth/config.php on line 16
[21-Jun-2025 02:53:14 UTC] PHP Notice:  Constant DB_NAME already defined in /var/www/auth/config.php on line 17
[22-Jun-2025 13:54:42 UTC] PHP Notice:  Constant LDAP_SERVER already defined in /var/www/auth/config.php on line 8
[22-Jun-2025 13:54:42 UTC] PHP Notice:  Constant LDAP_ADMIN_USER already defined in /var/www/auth/config.php on line 9
[22-Jun-2025 13:54:42 UTC] PHP Notice:  Constant LDAP_ADMIN_PASS already defined in /var/www/auth/config.php on line 10
[22-Jun-2025 13:54:42 UTC] PHP Notice:  Constant LDAP_SEARCH_BASE already defined in /var/www/auth/config.php on line 11
[22-Jun-2025 13:54:42 UTC] PHP Notice:  Constant DB_SERVER already defined in /var/www/auth/config.php on line 14
[22-Jun-2025 13:54:42 UTC] PHP Notice:  Constant DB_USERNAME already defined in /var/www/auth/config.php on line 15
[22-Jun-2025 13:54:42 UTC] PHP Notice:  Constant DB_PASSWORD already defined in /var/www/auth/config.php on line 16
[22-Jun-2025 13:54:42 UTC] PHP Notice:  Constant DB_NAME already defined in /var/www/auth/config.php on line 17
[22-Jun-2025 13:54:42 UTC] PHP Notice:  Array to string conversion in /var/www/auth/login.php on line 124
[22-Jun-2025 13:54:46 UTC] PHP Notice:  Constant LDAP_SERVER already defined in /var/www/auth/config.php on line 8
[22-Jun-2025 13:54:46 UTC] PHP Notice:  Constant LDAP_ADMIN_USER already defined in /var/www/auth/config.php on line 9
[22-Jun-2025 13:54:46 UTC] PHP Notice:  Constant LDAP_ADMIN_PASS already defined in /var/www/auth/config.php on line 10
[22-Jun-2025 13:54:46 UTC] PHP Notice:  Constant LDAP_SEARCH_BASE already defined in /var/www/auth/config.php on line 11
[22-Jun-2025 13:54:46 UTC] PHP Notice:  Constant DB_SERVER already defined in /var/www/auth/config.php on line 14
[22-Jun-2025 13:54:46 UTC] PHP Notice:  Constant DB_USERNAME already defined in /var/www/auth/config.php on line 15
[22-Jun-2025 13:54:46 UTC] PHP Notice:  Constant DB_PASSWORD already defined in /var/www/auth/config.php on line 16
[22-Jun-2025 13:54:46 UTC] PHP Notice:  Constant DB_NAME already defined in /var/www/auth/config.php on line 17
[23-Jun-2025 14:07:48 UTC] PHP Warning:  mysqli::__construct(): (HY000/2002): No such file or directory in /var/www/auth/config.php on line 27
[23-Jun-2025 14:07:48 UTC] Connection failed: No such file or directory
[23-Jun-2025 15:23:44 UTC] PHP Warning:  mysqli::__construct(): (HY000/2002): No such file or directory in /var/www/auth/config.php on line 27
[23-Jun-2025 15:23:44 UTC] Connection failed: No such file or directory
[23-Jun-2025 15:23:45 UTC] PHP Warning:  mysqli::__construct(): (HY000/2002): No such file or directory in /var/www/auth/config.php on line 27
[23-Jun-2025 15:23:45 UTC] Connection failed: No such file or directory
[23-Jun-2025 15:34:20 UTC] PHP Warning:  mysqli::__construct(): (HY000/2002): No such file or directory in /var/www/auth/config.php on line 27
[23-Jun-2025 15:34:20 UTC] Connection failed: No such file or directory
[23-Jun-2025 15:34:22 UTC] PHP Warning:  mysqli::__construct(): (HY000/2002): No such file or directory in /var/www/auth/config.php on line 27
[23-Jun-2025 15:34:22 UTC] Connection failed: No such file or directory
[23-Jun-2025 15:34:22 UTC] PHP Warning:  mysqli::__construct(): (HY000/2002): No such file or directory in /var/www/auth/config.php on line 27
[23-Jun-2025 15:34:22 UTC] Connection failed: No such file or directory
[23-Jun-2025 15:34:26 UTC] PHP Warning:  mysqli::__construct(): (HY000/2002): No such file or directory in /var/www/auth/config.php on line 27
[23-Jun-2025 15:34:26 UTC] Connection failed: No such file or directory
[23-Jun-2025 15:34:27 UTC] PHP Warning:  mysqli::__construct(): (HY000/2002): No such file or directory in /var/www/auth/config.php on line 27
[23-Jun-2025 15:34:27 UTC] Connection failed: No such file or directory
[23-Jun-2025 15:34:27 UTC] PHP Warning:  mysqli::__construct(): (HY000/2002): No such file or directory in /var/www/auth/config.php on line 27
[23-Jun-2025 15:34:27 UTC] Connection failed: No such file or directory
[23-Jun-2025 15:34:27 UTC] PHP Warning:  mysqli::__construct(): (HY000/2002): No such file or directory in /var/www/auth/config.php on line 27
[23-Jun-2025 15:34:27 UTC] Connection failed: No such file or directory
[23-Jun-2025 15:34:57 UTC] PHP Warning:  mysqli::__construct(): (HY000/2002): No such file or directory in /var/www/auth/config.php on line 27
[23-Jun-2025 15:34:57 UTC] Connection failed: No such file or directory
[23-Jun-2025 15:34:58 UTC] PHP Warning:  mysqli::__construct(): (HY000/2002): No such file or directory in /var/www/auth/config.php on line 27
[23-Jun-2025 15:34:58 UTC] Connection failed: No such file or directory
[23-Jun-2025 15:34:58 UTC] PHP Warning:  mysqli::__construct(): (HY000/2002): No such file or directory in /var/www/auth/config.php on line 27
[23-Jun-2025 15:34:58 UTC] Connection failed: No such file or directory
[23-Jun-2025 15:34:58 UTC] PHP Warning:  mysqli::__construct(): (HY000/2002): No such file or directory in /var/www/auth/config.php on line 27
[23-Jun-2025 15:34:58 UTC] Connection failed: No such file or directory
[23-Jun-2025 15:35:03 UTC] PHP Warning:  mysqli::__construct(): (HY000/2002): No such file or directory in /var/www/auth/config.php on line 27
[23-Jun-2025 15:35:03 UTC] Connection failed: No such file or directory
[23-Jun-2025 15:35:04 UTC] PHP Warning:  mysqli::__construct(): (HY000/2002): No such file or directory in /var/www/auth/config.php on line 27
[23-Jun-2025 15:35:04 UTC] Connection failed: No such file or directory
[23-Jun-2025 15:35:04 UTC] PHP Warning:  mysqli::__construct(): (HY000/2002): No such file or directory in /var/www/auth/config.php on line 27
[23-Jun-2025 15:35:04 UTC] Connection failed: No such file or directory
[23-Jun-2025 15:35:07 UTC] PHP Warning:  mysqli::__construct(): (HY000/2002): No such file or directory in /var/www/auth/config.php on line 27
[23-Jun-2025 15:35:07 UTC] Connection failed: No such file or directory
[23-Jun-2025 15:35:18 UTC] PHP Warning:  mysqli::__construct(): (HY000/2002): No such file or directory in /var/www/auth/config.php on line 27
[23-Jun-2025 15:35:18 UTC] Connection failed: No such file or directory
[23-Jun-2025 15:35:18 UTC] PHP Warning:  mysqli::__construct(): (HY000/2002): No such file or directory in /var/www/auth/config.php on line 27
[23-Jun-2025 15:35:18 UTC] Connection failed: No such file or directory
[23-Jun-2025 15:35:22 UTC] PHP Warning:  mysqli::__construct(): (HY000/2002): No such file or directory in /var/www/auth/config.php on line 27
[23-Jun-2025 15:35:22 UTC] Connection failed: No such file or directory
[23-Jun-2025 15:36:04 UTC] PHP Warning:  mysqli::__construct(): (HY000/2002): No such file or directory in /var/www/auth/config.php on line 27
[23-Jun-2025 15:36:04 UTC] Connection failed: No such file or directory
[23-Jun-2025 15:36:05 UTC] PHP Warning:  mysqli::__construct(): (HY000/2002): No such file or directory in /var/www/auth/config.php on line 27
[23-Jun-2025 15:36:05 UTC] Connection failed: No such file or directory
[23-Jun-2025 15:36:05 UTC] PHP Warning:  mysqli::__construct(): (HY000/2002): No such file or directory in /var/www/auth/config.php on line 27
[23-Jun-2025 15:36:05 UTC] Connection failed: No such file or directory
[23-Jun-2025 17:27:16 UTC] PHP Notice:  Constant LDAP_SERVER already defined in /var/www/auth/config.php on line 8
[23-Jun-2025 17:27:16 UTC] PHP Notice:  Constant LDAP_ADMIN_USER already defined in /var/www/auth/config.php on line 9
[23-Jun-2025 17:27:16 UTC] PHP Notice:  Constant LDAP_ADMIN_PASS already defined in /var/www/auth/config.php on line 10
[23-Jun-2025 17:27:16 UTC] PHP Notice:  Constant LDAP_SEARCH_BASE already defined in /var/www/auth/config.php on line 11
[23-Jun-2025 17:27:16 UTC] PHP Notice:  Constant DB_SERVER already defined in /var/www/auth/config.php on line 14
[23-Jun-2025 17:27:16 UTC] PHP Notice:  Constant DB_USERNAME already defined in /var/www/auth/config.php on line 15
[23-Jun-2025 17:27:16 UTC] PHP Notice:  Constant DB_PASSWORD already defined in /var/www/auth/config.php on line 16
[23-Jun-2025 17:27:16 UTC] PHP Notice:  Constant DB_NAME already defined in /var/www/auth/config.php on line 17
[23-Jun-2025 17:27:16 UTC] PHP Notice:  Array to string conversion in /var/www/auth/login.php on line 124
[23-Jun-2025 17:27:20 UTC] PHP Notice:  Constant LDAP_SERVER already defined in /var/www/auth/config.php on line 8
[23-Jun-2025 17:27:20 UTC] PHP Notice:  Constant LDAP_ADMIN_USER already defined in /var/www/auth/config.php on line 9
[23-Jun-2025 17:27:20 UTC] PHP Notice:  Constant LDAP_ADMIN_PASS already defined in /var/www/auth/config.php on line 10
[23-Jun-2025 17:27:20 UTC] PHP Notice:  Constant LDAP_SEARCH_BASE already defined in /var/www/auth/config.php on line 11
[23-Jun-2025 17:27:20 UTC] PHP Notice:  Constant DB_SERVER already defined in /var/www/auth/config.php on line 14
[23-Jun-2025 17:27:20 UTC] PHP Notice:  Constant DB_USERNAME already defined in /var/www/auth/config.php on line 15
[23-Jun-2025 17:27:20 UTC] PHP Notice:  Constant DB_PASSWORD already defined in /var/www/auth/config.php on line 16
[23-Jun-2025 17:27:20 UTC] PHP Notice:  Constant DB_NAME already defined in /var/www/auth/config.php on line 17
[23-Jun-2025 17:39:13 UTC] PHP Warning:  mysqli::__construct(): (HY000/2002): No such file or directory in /var/www/auth/config.php on line 27
[23-Jun-2025 17:39:13 UTC] Connection failed: No such file or directory
[23-Jun-2025 17:39:14 UTC] PHP Warning:  mysqli::__construct(): (HY000/2002): No such file or directory in /var/www/auth/config.php on line 27
[23-Jun-2025 17:39:14 UTC] Connection failed: No such file or directory
[23-Jun-2025 17:39:16 UTC] PHP Warning:  mysqli::__construct(): (HY000/2002): No such file or directory in /var/www/auth/config.php on line 27
[23-Jun-2025 17:39:16 UTC] Connection failed: No such file or directory
[23-Jun-2025 17:40:37 UTC] PHP Notice:  Constant LDAP_SERVER already defined in /var/www/auth/config.php on line 8
[23-Jun-2025 17:40:37 UTC] PHP Notice:  Constant LDAP_ADMIN_USER already defined in /var/www/auth/config.php on line 9
[23-Jun-2025 17:40:37 UTC] PHP Notice:  Constant LDAP_ADMIN_PASS already defined in /var/www/auth/config.php on line 10
[23-Jun-2025 17:40:37 UTC] PHP Notice:  Constant LDAP_SEARCH_BASE already defined in /var/www/auth/config.php on line 11
[23-Jun-2025 17:40:37 UTC] PHP Notice:  Constant DB_SERVER already defined in /var/www/auth/config.php on line 14
[23-Jun-2025 17:40:37 UTC] PHP Notice:  Constant DB_USERNAME already defined in /var/www/auth/config.php on line 15
[23-Jun-2025 17:40:37 UTC] PHP Notice:  Constant DB_PASSWORD already defined in /var/www/auth/config.php on line 16
[23-Jun-2025 17:40:37 UTC] PHP Notice:  Constant DB_NAME already defined in /var/www/auth/config.php on line 17
[23-Jun-2025 17:40:37 UTC] PHP Notice:  Array to string conversion in /var/www/auth/login.php on line 124
[23-Jun-2025 17:40:40 UTC] PHP Notice:  Constant LDAP_SERVER already defined in /var/www/auth/config.php on line 8
[23-Jun-2025 17:40:40 UTC] PHP Notice:  Constant LDAP_ADMIN_USER already defined in /var/www/auth/config.php on line 9
[23-Jun-2025 17:40:40 UTC] PHP Notice:  Constant LDAP_ADMIN_PASS already defined in /var/www/auth/config.php on line 10
[23-Jun-2025 17:40:40 UTC] PHP Notice:  Constant LDAP_SEARCH_BASE already defined in /var/www/auth/config.php on line 11
[23-Jun-2025 17:40:40 UTC] PHP Notice:  Constant DB_SERVER already defined in /var/www/auth/config.php on line 14
[23-Jun-2025 17:40:40 UTC] PHP Notice:  Constant DB_USERNAME already defined in /var/www/auth/config.php on line 15
[23-Jun-2025 17:40:40 UTC] PHP Notice:  Constant DB_PASSWORD already defined in /var/www/auth/config.php on line 16
[23-Jun-2025 17:40:40 UTC] PHP Notice:  Constant DB_NAME already defined in /var/www/auth/config.php on line 17
[23-Jun-2025 18:13:22 UTC] PHP Notice:  Constant LDAP_SERVER already defined in /var/www/auth/config.php on line 8
[23-Jun-2025 18:13:22 UTC] PHP Notice:  Constant LDAP_ADMIN_USER already defined in /var/www/auth/config.php on line 9
[23-Jun-2025 18:13:22 UTC] PHP Notice:  Constant LDAP_ADMIN_PASS already defined in /var/www/auth/config.php on line 10
[23-Jun-2025 18:13:22 UTC] PHP Notice:  Constant LDAP_SEARCH_BASE already defined in /var/www/auth/config.php on line 11
[23-Jun-2025 18:13:22 UTC] PHP Notice:  Constant DB_SERVER already defined in /var/www/auth/config.php on line 14
[23-Jun-2025 18:13:22 UTC] PHP Notice:  Constant DB_USERNAME already defined in /var/www/auth/config.php on line 15
[23-Jun-2025 18:13:22 UTC] PHP Notice:  Constant DB_PASSWORD already defined in /var/www/auth/config.php on line 16
[23-Jun-2025 18:13:22 UTC] PHP Notice:  Constant DB_NAME already defined in /var/www/auth/config.php on line 17
[23-Jun-2025 18:13:22 UTC] PHP Notice:  Array to string conversion in /var/www/auth/login.php on line 124
[23-Jun-2025 18:13:25 UTC] PHP Notice:  Constant LDAP_SERVER already defined in /var/www/auth/config.php on line 8
[23-Jun-2025 18:13:25 UTC] PHP Notice:  Constant LDAP_ADMIN_USER already defined in /var/www/auth/config.php on line 9
[23-Jun-2025 18:13:25 UTC] PHP Notice:  Constant LDAP_ADMIN_PASS already defined in /var/www/auth/config.php on line 10
[23-Jun-2025 18:13:25 UTC] PHP Notice:  Constant LDAP_SEARCH_BASE already defined in /var/www/auth/config.php on line 11
[23-Jun-2025 18:13:25 UTC] PHP Notice:  Constant DB_SERVER already defined in /var/www/auth/config.php on line 14
[23-Jun-2025 18:13:25 UTC] PHP Notice:  Constant DB_USERNAME already defined in /var/www/auth/config.php on line 15
[23-Jun-2025 18:13:25 UTC] PHP Notice:  Constant DB_PASSWORD already defined in /var/www/auth/config.php on line 16
[23-Jun-2025 18:13:25 UTC] PHP Notice:  Constant DB_NAME already defined in /var/www/auth/config.php on line 17
[23-Jun-2025 18:20:43 UTC] PHP Notice:  Constant LDAP_SERVER already defined in /var/www/auth/config.php on line 8
[23-Jun-2025 18:20:43 UTC] PHP Notice:  Constant LDAP_ADMIN_USER already defined in /var/www/auth/config.php on line 9
[23-Jun-2025 18:20:43 UTC] PHP Notice:  Constant LDAP_ADMIN_PASS already defined in /var/www/auth/config.php on line 10
[23-Jun-2025 18:20:43 UTC] PHP Notice:  Constant LDAP_SEARCH_BASE already defined in /var/www/auth/config.php on line 11
[23-Jun-2025 18:20:43 UTC] PHP Notice:  Constant DB_SERVER already defined in /var/www/auth/config.php on line 14
[23-Jun-2025 18:20:43 UTC] PHP Notice:  Constant DB_USERNAME already defined in /var/www/auth/config.php on line 15
[23-Jun-2025 18:20:43 UTC] PHP Notice:  Constant DB_PASSWORD already defined in /var/www/auth/config.php on line 16
[23-Jun-2025 18:20:43 UTC] PHP Notice:  Constant DB_NAME already defined in /var/www/auth/config.php on line 17
[23-Jun-2025 18:20:43 UTC] PHP Notice:  Array to string conversion in /var/www/auth/login.php on line 124
[23-Jun-2025 18:20:46 UTC] PHP Notice:  Constant LDAP_SERVER already defined in /var/www/auth/config.php on line 8
[23-Jun-2025 18:20:46 UTC] PHP Notice:  Constant LDAP_ADMIN_USER already defined in /var/www/auth/config.php on line 9
[23-Jun-2025 18:20:46 UTC] PHP Notice:  Constant LDAP_ADMIN_PASS already defined in /var/www/auth/config.php on line 10
[23-Jun-2025 18:20:46 UTC] PHP Notice:  Constant LDAP_SEARCH_BASE already defined in /var/www/auth/config.php on line 11
[23-Jun-2025 18:20:46 UTC] PHP Notice:  Constant DB_SERVER already defined in /var/www/auth/config.php on line 14
[23-Jun-2025 18:20:46 UTC] PHP Notice:  Constant DB_USERNAME already defined in /var/www/auth/config.php on line 15
[23-Jun-2025 18:20:46 UTC] PHP Notice:  Constant DB_PASSWORD already defined in /var/www/auth/config.php on line 16
[23-Jun-2025 18:20:46 UTC] PHP Notice:  Constant DB_NAME already defined in /var/www/auth/config.php on line 17
[23-Jun-2025 18:20:46 UTC] PHP Notice:  Array to string conversion in /var/www/auth/login.php on line 124
[23-Jun-2025 18:20:52 UTC] PHP Notice:  Constant LDAP_SERVER already defined in /var/www/auth/config.php on line 8
[23-Jun-2025 18:20:52 UTC] PHP Notice:  Constant LDAP_ADMIN_USER already defined in /var/www/auth/config.php on line 9
[23-Jun-2025 18:20:52 UTC] PHP Notice:  Constant LDAP_ADMIN_PASS already defined in /var/www/auth/config.php on line 10
[23-Jun-2025 18:20:52 UTC] PHP Notice:  Constant LDAP_SEARCH_BASE already defined in /var/www/auth/config.php on line 11
[23-Jun-2025 18:20:52 UTC] PHP Notice:  Constant DB_SERVER already defined in /var/www/auth/config.php on line 14
[23-Jun-2025 18:20:52 UTC] PHP Notice:  Constant DB_USERNAME already defined in /var/www/auth/config.php on line 15
[23-Jun-2025 18:20:52 UTC] PHP Notice:  Constant DB_PASSWORD already defined in /var/www/auth/config.php on line 16
[23-Jun-2025 18:20:52 UTC] PHP Notice:  Constant DB_NAME already defined in /var/www/auth/config.php on line 17
[23-Jun-2025 18:20:52 UTC] PHP Notice:  Array to string conversion in /var/www/auth/login.php on line 124
[23-Jun-2025 18:21:11 UTC] PHP Notice:  Constant LDAP_SERVER already defined in /var/www/auth/config.php on line 8
[23-Jun-2025 18:21:11 UTC] PHP Notice:  Constant LDAP_ADMIN_USER already defined in /var/www/auth/config.php on line 9
[23-Jun-2025 18:21:11 UTC] PHP Notice:  Constant LDAP_ADMIN_PASS already defined in /var/www/auth/config.php on line 10
[23-Jun-2025 18:21:11 UTC] PHP Notice:  Constant LDAP_SEARCH_BASE already defined in /var/www/auth/config.php on line 11
[23-Jun-2025 18:21:11 UTC] PHP Notice:  Constant DB_SERVER already defined in /var/www/auth/config.php on line 14
[23-Jun-2025 18:21:11 UTC] PHP Notice:  Constant DB_USERNAME already defined in /var/www/auth/config.php on line 15
[23-Jun-2025 18:21:11 UTC] PHP Notice:  Constant DB_PASSWORD already defined in /var/www/auth/config.php on line 16
[23-Jun-2025 18:21:11 UTC] PHP Notice:  Constant DB_NAME already defined in /var/www/auth/config.php on line 17
[23-Jun-2025 18:49:57 UTC] PHP Notice:  Constant LDAP_SERVER already defined in /var/www/auth/config.php on line 8
[23-Jun-2025 18:49:57 UTC] PHP Notice:  Constant LDAP_ADMIN_USER already defined in /var/www/auth/config.php on line 9
[23-Jun-2025 18:49:57 UTC] PHP Notice:  Constant LDAP_ADMIN_PASS already defined in /var/www/auth/config.php on line 10
[23-Jun-2025 18:49:57 UTC] PHP Notice:  Constant LDAP_SEARCH_BASE already defined in /var/www/auth/config.php on line 11
[23-Jun-2025 18:49:57 UTC] PHP Notice:  Constant DB_SERVER already defined in /var/www/auth/config.php on line 14
[23-Jun-2025 18:49:57 UTC] PHP Notice:  Constant DB_USERNAME already defined in /var/www/auth/config.php on line 15
[23-Jun-2025 18:49:57 UTC] PHP Notice:  Constant DB_PASSWORD already defined in /var/www/auth/config.php on line 16
[23-Jun-2025 18:49:58 UTC] PHP Notice:  Constant DB_NAME already defined in /var/www/auth/config.php on line 17
[23-Jun-2025 18:49:58 UTC] PHP Notice:  Array to string conversion in /var/www/auth/login.php on line 124
[23-Jun-2025 18:55:20 UTC] PHP Notice:  Constant LDAP_SERVER already defined in /var/www/auth/config.php on line 8
[23-Jun-2025 18:55:20 UTC] PHP Notice:  Constant LDAP_ADMIN_USER already defined in /var/www/auth/config.php on line 9
[23-Jun-2025 18:55:20 UTC] PHP Notice:  Constant LDAP_ADMIN_PASS already defined in /var/www/auth/config.php on line 10
[23-Jun-2025 18:55:20 UTC] PHP Notice:  Constant LDAP_SEARCH_BASE already defined in /var/www/auth/config.php on line 11
[23-Jun-2025 18:55:20 UTC] PHP Notice:  Constant DB_SERVER already defined in /var/www/auth/config.php on line 14
[23-Jun-2025 18:55:20 UTC] PHP Notice:  Constant DB_USERNAME already defined in /var/www/auth/config.php on line 15
[23-Jun-2025 18:55:20 UTC] PHP Notice:  Constant DB_PASSWORD already defined in /var/www/auth/config.php on line 16
[23-Jun-2025 18:55:20 UTC] PHP Notice:  Constant DB_NAME already defined in /var/www/auth/config.php on line 17
[23-Jun-2025 18:55:20 UTC] PHP Notice:  Array to string conversion in /var/www/auth/login.php on line 124
[23-Jun-2025 18:55:24 UTC] PHP Notice:  Constant LDAP_SERVER already defined in /var/www/auth/config.php on line 8
[23-Jun-2025 18:55:24 UTC] PHP Notice:  Constant LDAP_ADMIN_USER already defined in /var/www/auth/config.php on line 9
[23-Jun-2025 18:55:24 UTC] PHP Notice:  Constant LDAP_ADMIN_PASS already defined in /var/www/auth/config.php on line 10
[23-Jun-2025 18:55:24 UTC] PHP Notice:  Constant LDAP_SEARCH_BASE already defined in /var/www/auth/config.php on line 11
[23-Jun-2025 18:55:24 UTC] PHP Notice:  Constant DB_SERVER already defined in /var/www/auth/config.php on line 14
[23-Jun-2025 18:55:24 UTC] PHP Notice:  Constant DB_USERNAME already defined in /var/www/auth/config.php on line 15
[23-Jun-2025 18:55:24 UTC] PHP Notice:  Constant DB_PASSWORD already defined in /var/www/auth/config.php on line 16
[23-Jun-2025 18:55:24 UTC] PHP Notice:  Constant DB_NAME already defined in /var/www/auth/config.php on line 17
[23-Jun-2025 18:55:24 UTC] PHP Warning:  mkdir(): Permission denied in /var/www/auth/login.php on line 91
[23-Jun-2025 19:02:07 UTC] PHP Notice:  Constant LDAP_SERVER already defined in /var/www/auth/config.php on line 8
[23-Jun-2025 19:02:07 UTC] PHP Notice:  Constant LDAP_ADMIN_USER already defined in /var/www/auth/config.php on line 9
[23-Jun-2025 19:02:07 UTC] PHP Notice:  Constant LDAP_ADMIN_PASS already defined in /var/www/auth/config.php on line 10
[23-Jun-2025 19:02:07 UTC] PHP Notice:  Constant LDAP_SEARCH_BASE already defined in /var/www/auth/config.php on line 11
[23-Jun-2025 19:02:07 UTC] PHP Notice:  Constant DB_SERVER already defined in /var/www/auth/config.php on line 14
[23-Jun-2025 19:02:07 UTC] PHP Notice:  Constant DB_USERNAME already defined in /var/www/auth/config.php on line 15
[23-Jun-2025 19:02:07 UTC] PHP Notice:  Constant DB_PASSWORD already defined in /var/www/auth/config.php on line 16
[23-Jun-2025 19:02:07 UTC] PHP Notice:  Constant DB_NAME already defined in /var/www/auth/config.php on line 17
[23-Jun-2025 19:02:07 UTC] PHP Notice:  Array to string conversion in /var/www/auth/login.php on line 124
[23-Jun-2025 19:02:10 UTC] PHP Notice:  Constant LDAP_SERVER already defined in /var/www/auth/config.php on line 8
[23-Jun-2025 19:02:10 UTC] PHP Notice:  Constant LDAP_ADMIN_USER already defined in /var/www/auth/config.php on line 9
[23-Jun-2025 19:02:10 UTC] PHP Notice:  Constant LDAP_ADMIN_PASS already defined in /var/www/auth/config.php on line 10
[23-Jun-2025 19:02:10 UTC] PHP Notice:  Constant LDAP_SEARCH_BASE already defined in /var/www/auth/config.php on line 11
[23-Jun-2025 19:02:10 UTC] PHP Notice:  Constant DB_SERVER already defined in /var/www/auth/config.php on line 14
[23-Jun-2025 19:02:10 UTC] PHP Notice:  Constant DB_USERNAME already defined in /var/www/auth/config.php on line 15
[23-Jun-2025 19:02:10 UTC] PHP Notice:  Constant DB_PASSWORD already defined in /var/www/auth/config.php on line 16
[23-Jun-2025 19:02:10 UTC] PHP Notice:  Constant DB_NAME already defined in /var/www/auth/config.php on line 17
[23-Jun-2025 19:02:10 UTC] PHP Warning:  mkdir(): Permission denied in /var/www/auth/login.php on line 91
[23-Jun-2025 19:02:28 UTC] PHP Notice:  Constant LDAP_SERVER already defined in /var/www/auth/config.php on line 8
[23-Jun-2025 19:02:28 UTC] PHP Notice:  Constant LDAP_ADMIN_USER already defined in /var/www/auth/config.php on line 9
[23-Jun-2025 19:02:28 UTC] PHP Notice:  Constant LDAP_ADMIN_PASS already defined in /var/www/auth/config.php on line 10
[23-Jun-2025 19:02:28 UTC] PHP Notice:  Constant LDAP_SEARCH_BASE already defined in /var/www/auth/config.php on line 11
[23-Jun-2025 19:02:28 UTC] PHP Notice:  Constant DB_SERVER already defined in /var/www/auth/config.php on line 14
[23-Jun-2025 19:02:28 UTC] PHP Notice:  Constant DB_USERNAME already defined in /var/www/auth/config.php on line 15
[23-Jun-2025 19:02:28 UTC] PHP Notice:  Constant DB_PASSWORD already defined in /var/www/auth/config.php on line 16
[23-Jun-2025 19:02:28 UTC] PHP Notice:  Constant DB_NAME already defined in /var/www/auth/config.php on line 17
[23-Jun-2025 19:02:28 UTC] PHP Notice:  Array to string conversion in /var/www/auth/login.php on line 124
[23-Jun-2025 19:02:29 UTC] PHP Notice:  Constant LDAP_SERVER already defined in /var/www/auth/config.php on line 8
[23-Jun-2025 19:02:29 UTC] PHP Notice:  Constant LDAP_ADMIN_USER already defined in /var/www/auth/config.php on line 9
[23-Jun-2025 19:02:29 UTC] PHP Notice:  Constant LDAP_ADMIN_PASS already defined in /var/www/auth/config.php on line 10
[23-Jun-2025 19:02:29 UTC] PHP Notice:  Constant LDAP_SEARCH_BASE already defined in /var/www/auth/config.php on line 11
[23-Jun-2025 19:02:29 UTC] PHP Notice:  Constant DB_SERVER already defined in /var/www/auth/config.php on line 14
[23-Jun-2025 19:02:29 UTC] PHP Notice:  Constant DB_USERNAME already defined in /var/www/auth/config.php on line 15
[23-Jun-2025 19:02:29 UTC] PHP Notice:  Constant DB_PASSWORD already defined in /var/www/auth/config.php on line 16
[23-Jun-2025 19:02:29 UTC] PHP Notice:  Constant DB_NAME already defined in /var/www/auth/config.php on line 17
[23-Jun-2025 19:02:29 UTC] PHP Notice:  Array to string conversion in /var/www/auth/login.php on line 124
[23-Jun-2025 19:02:29 UTC] PHP Notice:  Constant LDAP_SERVER already defined in /var/www/auth/config.php on line 8
[23-Jun-2025 19:02:29 UTC] PHP Notice:  Constant LDAP_ADMIN_USER already defined in /var/www/auth/config.php on line 9
[23-Jun-2025 19:02:29 UTC] PHP Notice:  Constant LDAP_ADMIN_PASS already defined in /var/www/auth/config.php on line 10
[23-Jun-2025 19:02:29 UTC] PHP Notice:  Constant LDAP_SEARCH_BASE already defined in /var/www/auth/config.php on line 11
[23-Jun-2025 19:02:29 UTC] PHP Notice:  Constant DB_SERVER already defined in /var/www/auth/config.php on line 14
[23-Jun-2025 19:02:29 UTC] PHP Notice:  Constant DB_USERNAME already defined in /var/www/auth/config.php on line 15
[23-Jun-2025 19:02:29 UTC] PHP Notice:  Constant DB_PASSWORD already defined in /var/www/auth/config.php on line 16
[23-Jun-2025 19:02:29 UTC] PHP Notice:  Constant DB_NAME already defined in /var/www/auth/config.php on line 17
[23-Jun-2025 19:02:29 UTC] PHP Notice:  Array to string conversion in /var/www/auth/login.php on line 124
[23-Jun-2025 19:02:32 UTC] PHP Notice:  Constant LDAP_SERVER already defined in /var/www/auth/config.php on line 8
[23-Jun-2025 19:02:32 UTC] PHP Notice:  Constant LDAP_ADMIN_USER already defined in /var/www/auth/config.php on line 9
[23-Jun-2025 19:02:32 UTC] PHP Notice:  Constant LDAP_ADMIN_PASS already defined in /var/www/auth/config.php on line 10
[23-Jun-2025 19:02:32 UTC] PHP Notice:  Constant LDAP_SEARCH_BASE already defined in /var/www/auth/config.php on line 11
[23-Jun-2025 19:02:32 UTC] PHP Notice:  Constant DB_SERVER already defined in /var/www/auth/config.php on line 14
[23-Jun-2025 19:02:32 UTC] PHP Notice:  Constant DB_USERNAME already defined in /var/www/auth/config.php on line 15
[23-Jun-2025 19:02:32 UTC] PHP Notice:  Constant DB_PASSWORD already defined in /var/www/auth/config.php on line 16
[23-Jun-2025 19:02:32 UTC] PHP Notice:  Constant DB_NAME already defined in /var/www/auth/config.php on line 17
[23-Jun-2025 19:26:53 UTC] PHP Warning:  mysqli::__construct(): (HY000/2002): No such file or directory in /var/www/auth/config.php on line 27
[23-Jun-2025 19:26:53 UTC] Connection failed: No such file or directory
[23-Jun-2025 19:26:54 UTC] PHP Notice:  Constant LDAP_SERVER already defined in /var/www/auth/config.php on line 8
[23-Jun-2025 19:26:54 UTC] PHP Notice:  Constant LDAP_ADMIN_USER already defined in /var/www/auth/config.php on line 9
[23-Jun-2025 19:26:54 UTC] PHP Notice:  Constant LDAP_ADMIN_PASS already defined in /var/www/auth/config.php on line 10
[23-Jun-2025 19:26:54 UTC] PHP Notice:  Constant LDAP_SEARCH_BASE already defined in /var/www/auth/config.php on line 11
[23-Jun-2025 19:26:54 UTC] PHP Notice:  Constant DB_SERVER already defined in /var/www/auth/config.php on line 14
[23-Jun-2025 19:26:54 UTC] PHP Notice:  Constant DB_USERNAME already defined in /var/www/auth/config.php on line 15
[23-Jun-2025 19:26:54 UTC] PHP Notice:  Constant DB_PASSWORD already defined in /var/www/auth/config.php on line 16
[23-Jun-2025 19:26:54 UTC] PHP Notice:  Constant DB_NAME already defined in /var/www/auth/config.php on line 17
[23-Jun-2025 19:26:54 UTC] PHP Notice:  Array to string conversion in /var/www/auth/login.php on line 124
[23-Jun-2025 19:26:57 UTC] PHP Notice:  Constant LDAP_SERVER already defined in /var/www/auth/config.php on line 8
[23-Jun-2025 19:26:57 UTC] PHP Notice:  Constant LDAP_ADMIN_USER already defined in /var/www/auth/config.php on line 9
[23-Jun-2025 19:26:57 UTC] PHP Notice:  Constant LDAP_ADMIN_PASS already defined in /var/www/auth/config.php on line 10
[23-Jun-2025 19:26:57 UTC] PHP Notice:  Constant LDAP_SEARCH_BASE already defined in /var/www/auth/config.php on line 11
[23-Jun-2025 19:26:57 UTC] PHP Notice:  Constant DB_SERVER already defined in /var/www/auth/config.php on line 14
[23-Jun-2025 19:26:57 UTC] PHP Notice:  Constant DB_USERNAME already defined in /var/www/auth/config.php on line 15
[23-Jun-2025 19:26:57 UTC] PHP Notice:  Constant DB_PASSWORD already defined in /var/www/auth/config.php on line 16
[23-Jun-2025 19:26:57 UTC] PHP Notice:  Constant DB_NAME already defined in /var/www/auth/config.php on line 17
[23-Jun-2025 20:25:59 UTC] PHP Notice:  Constant LDAP_SERVER already defined in /var/www/auth/config.php on line 8
[23-Jun-2025 20:25:59 UTC] PHP Notice:  Constant LDAP_ADMIN_USER already defined in /var/www/auth/config.php on line 9
[23-Jun-2025 20:25:59 UTC] PHP Notice:  Constant LDAP_ADMIN_PASS already defined in /var/www/auth/config.php on line 10
[23-Jun-2025 20:25:59 UTC] PHP Notice:  Constant LDAP_SEARCH_BASE already defined in /var/www/auth/config.php on line 11
[23-Jun-2025 20:25:59 UTC] PHP Notice:  Constant DB_SERVER already defined in /var/www/auth/config.php on line 14
[23-Jun-2025 20:25:59 UTC] PHP Notice:  Constant DB_USERNAME already defined in /var/www/auth/config.php on line 15
[23-Jun-2025 20:25:59 UTC] PHP Notice:  Constant DB_PASSWORD already defined in /var/www/auth/config.php on line 16
[23-Jun-2025 20:25:59 UTC] PHP Notice:  Constant DB_NAME already defined in /var/www/auth/config.php on line 17
[23-Jun-2025 20:25:59 UTC] PHP Notice:  Array to string conversion in /var/www/auth/login.php on line 124
[23-Jun-2025 20:26:03 UTC] PHP Notice:  Constant LDAP_SERVER already defined in /var/www/auth/config.php on line 8
[23-Jun-2025 20:26:03 UTC] PHP Notice:  Constant LDAP_ADMIN_USER already defined in /var/www/auth/config.php on line 9
[23-Jun-2025 20:26:03 UTC] PHP Notice:  Constant LDAP_ADMIN_PASS already defined in /var/www/auth/config.php on line 10
[23-Jun-2025 20:26:03 UTC] PHP Notice:  Constant LDAP_SEARCH_BASE already defined in /var/www/auth/config.php on line 11
[23-Jun-2025 20:26:03 UTC] PHP Notice:  Constant DB_SERVER already defined in /var/www/auth/config.php on line 14
[23-Jun-2025 20:26:03 UTC] PHP Notice:  Constant DB_USERNAME already defined in /var/www/auth/config.php on line 15
[23-Jun-2025 20:26:03 UTC] PHP Notice:  Constant DB_PASSWORD already defined in /var/www/auth/config.php on line 16
[23-Jun-2025 20:26:03 UTC] PHP Notice:  Constant DB_NAME already defined in /var/www/auth/config.php on line 17
[23-Jun-2025 22:17:03 UTC] PHP Notice:  Constant LDAP_SERVER already defined in /var/www/auth/config.php on line 8
[23-Jun-2025 22:17:03 UTC] PHP Notice:  Constant LDAP_ADMIN_USER already defined in /var/www/auth/config.php on line 9
[23-Jun-2025 22:17:03 UTC] PHP Notice:  Constant LDAP_ADMIN_PASS already defined in /var/www/auth/config.php on line 10
[23-Jun-2025 22:17:03 UTC] PHP Notice:  Constant LDAP_SEARCH_BASE already defined in /var/www/auth/config.php on line 11
[23-Jun-2025 22:17:03 UTC] PHP Notice:  Constant DB_SERVER already defined in /var/www/auth/config.php on line 14
[23-Jun-2025 22:17:03 UTC] PHP Notice:  Constant DB_USERNAME already defined in /var/www/auth/config.php on line 15
[23-Jun-2025 22:17:03 UTC] PHP Notice:  Constant DB_PASSWORD already defined in /var/www/auth/config.php on line 16
[23-Jun-2025 22:17:03 UTC] PHP Notice:  Constant DB_NAME already defined in /var/www/auth/config.php on line 17
[23-Jun-2025 22:17:03 UTC] PHP Notice:  Array to string conversion in /var/www/auth/login.php on line 124
[23-Jun-2025 22:17:06 UTC] PHP Notice:  Constant LDAP_SERVER already defined in /var/www/auth/config.php on line 8
[23-Jun-2025 22:17:06 UTC] PHP Notice:  Constant LDAP_ADMIN_USER already defined in /var/www/auth/config.php on line 9
[23-Jun-2025 22:17:06 UTC] PHP Notice:  Constant LDAP_ADMIN_PASS already defined in /var/www/auth/config.php on line 10
[23-Jun-2025 22:17:06 UTC] PHP Notice:  Constant LDAP_SEARCH_BASE already defined in /var/www/auth/config.php on line 11
[23-Jun-2025 22:17:06 UTC] PHP Notice:  Constant DB_SERVER already defined in /var/www/auth/config.php on line 14
[23-Jun-2025 22:17:06 UTC] PHP Notice:  Constant DB_USERNAME already defined in /var/www/auth/config.php on line 15
[23-Jun-2025 22:17:06 UTC] PHP Notice:  Constant DB_PASSWORD already defined in /var/www/auth/config.php on line 16
[23-Jun-2025 22:17:06 UTC] PHP Notice:  Constant DB_NAME already defined in /var/www/auth/config.php on line 17
[23-Jun-2025 23:14:30 UTC] PHP Notice:  Constant LDAP_SERVER already defined in /var/www/auth/config.php on line 8
[23-Jun-2025 23:14:30 UTC] PHP Notice:  Constant LDAP_ADMIN_USER already defined in /var/www/auth/config.php on line 9
[23-Jun-2025 23:14:30 UTC] PHP Notice:  Constant LDAP_ADMIN_PASS already defined in /var/www/auth/config.php on line 10
[23-Jun-2025 23:14:30 UTC] PHP Notice:  Constant LDAP_SEARCH_BASE already defined in /var/www/auth/config.php on line 11
[23-Jun-2025 23:14:30 UTC] PHP Notice:  Constant DB_SERVER already defined in /var/www/auth/config.php on line 14
[23-Jun-2025 23:14:30 UTC] PHP Notice:  Constant DB_USERNAME already defined in /var/www/auth/config.php on line 15
[23-Jun-2025 23:14:30 UTC] PHP Notice:  Constant DB_PASSWORD already defined in /var/www/auth/config.php on line 16
[23-Jun-2025 23:14:30 UTC] PHP Notice:  Constant DB_NAME already defined in /var/www/auth/config.php on line 17
[23-Jun-2025 23:14:30 UTC] PHP Notice:  Array to string conversion in /var/www/auth/login.php on line 124
[23-Jun-2025 23:14:39 UTC] PHP Notice:  Constant LDAP_SERVER already defined in /var/www/auth/config.php on line 8
[23-Jun-2025 23:14:39 UTC] PHP Notice:  Constant LDAP_ADMIN_USER already defined in /var/www/auth/config.php on line 9
[23-Jun-2025 23:14:39 UTC] PHP Notice:  Constant LDAP_ADMIN_PASS already defined in /var/www/auth/config.php on line 10
[23-Jun-2025 23:14:39 UTC] PHP Notice:  Constant LDAP_SEARCH_BASE already defined in /var/www/auth/config.php on line 11
[23-Jun-2025 23:14:39 UTC] PHP Notice:  Constant DB_SERVER already defined in /var/www/auth/config.php on line 14
[23-Jun-2025 23:14:39 UTC] PHP Notice:  Constant DB_USERNAME already defined in /var/www/auth/config.php on line 15
[23-Jun-2025 23:14:39 UTC] PHP Notice:  Constant DB_PASSWORD already defined in /var/www/auth/config.php on line 16
[23-Jun-2025 23:14:39 UTC] PHP Notice:  Constant DB_NAME already defined in /var/www/auth/config.php on line 17
[24-Jun-2025 15:03:05 UTC] PHP Notice:  Constant LDAP_SERVER already defined in /var/www/auth/config.php on line 8
[24-Jun-2025 15:03:05 UTC] PHP Notice:  Constant LDAP_ADMIN_USER already defined in /var/www/auth/config.php on line 9
[24-Jun-2025 15:03:05 UTC] PHP Notice:  Constant LDAP_ADMIN_PASS already defined in /var/www/auth/config.php on line 10
[24-Jun-2025 15:03:05 UTC] PHP Notice:  Constant LDAP_SEARCH_BASE already defined in /var/www/auth/config.php on line 11
[24-Jun-2025 15:03:05 UTC] PHP Notice:  Constant DB_SERVER already defined in /var/www/auth/config.php on line 14
[24-Jun-2025 15:03:05 UTC] PHP Notice:  Constant DB_USERNAME already defined in /var/www/auth/config.php on line 15
[24-Jun-2025 15:03:05 UTC] PHP Notice:  Constant DB_PASSWORD already defined in /var/www/auth/config.php on line 16
[24-Jun-2025 15:03:05 UTC] PHP Notice:  Constant DB_NAME already defined in /var/www/auth/config.php on line 17
[24-Jun-2025 15:03:05 UTC] PHP Notice:  Array to string conversion in /var/www/auth/login.php on line 124
[24-Jun-2025 15:03:08 UTC] PHP Notice:  Constant LDAP_SERVER already defined in /var/www/auth/config.php on line 8
[24-Jun-2025 15:03:08 UTC] PHP Notice:  Constant LDAP_ADMIN_USER already defined in /var/www/auth/config.php on line 9
[24-Jun-2025 15:03:08 UTC] PHP Notice:  Constant LDAP_ADMIN_PASS already defined in /var/www/auth/config.php on line 10
[24-Jun-2025 15:03:08 UTC] PHP Notice:  Constant LDAP_SEARCH_BASE already defined in /var/www/auth/config.php on line 11
[24-Jun-2025 15:03:08 UTC] PHP Notice:  Constant DB_SERVER already defined in /var/www/auth/config.php on line 14
[24-Jun-2025 15:03:08 UTC] PHP Notice:  Constant DB_USERNAME already defined in /var/www/auth/config.php on line 15
[24-Jun-2025 15:03:08 UTC] PHP Notice:  Constant DB_PASSWORD already defined in /var/www/auth/config.php on line 16
[24-Jun-2025 15:03:08 UTC] PHP Notice:  Constant DB_NAME already defined in /var/www/auth/config.php on line 17
[24-Jun-2025 19:45:58 UTC] PHP Notice:  Constant LDAP_SERVER already defined in /var/www/auth/config.php on line 8
[24-Jun-2025 19:45:58 UTC] PHP Notice:  Constant LDAP_ADMIN_USER already defined in /var/www/auth/config.php on line 9
[24-Jun-2025 19:45:58 UTC] PHP Notice:  Constant LDAP_ADMIN_PASS already defined in /var/www/auth/config.php on line 10
[24-Jun-2025 19:45:58 UTC] PHP Notice:  Constant LDAP_SEARCH_BASE already defined in /var/www/auth/config.php on line 11
[24-Jun-2025 19:45:58 UTC] PHP Notice:  Constant DB_SERVER already defined in /var/www/auth/config.php on line 14
[24-Jun-2025 19:45:58 UTC] PHP Notice:  Constant DB_USERNAME already defined in /var/www/auth/config.php on line 15
[24-Jun-2025 19:45:58 UTC] PHP Notice:  Constant DB_PASSWORD already defined in /var/www/auth/config.php on line 16
[24-Jun-2025 19:45:58 UTC] PHP Notice:  Constant DB_NAME already defined in /var/www/auth/config.php on line 17
[24-Jun-2025 19:45:58 UTC] PHP Notice:  Array to string conversion in /var/www/auth/login.php on line 124
[24-Jun-2025 19:46:11 UTC] PHP Notice:  Constant LDAP_SERVER already defined in /var/www/auth/config.php on line 8
[24-Jun-2025 19:46:11 UTC] PHP Notice:  Constant LDAP_ADMIN_USER already defined in /var/www/auth/config.php on line 9
[24-Jun-2025 19:46:11 UTC] PHP Notice:  Constant LDAP_ADMIN_PASS already defined in /var/www/auth/config.php on line 10
[24-Jun-2025 19:46:11 UTC] PHP Notice:  Constant LDAP_SEARCH_BASE already defined in /var/www/auth/config.php on line 11
[24-Jun-2025 19:46:11 UTC] PHP Notice:  Constant DB_SERVER already defined in /var/www/auth/config.php on line 14
[24-Jun-2025 19:46:11 UTC] PHP Notice:  Constant DB_USERNAME already defined in /var/www/auth/config.php on line 15
[24-Jun-2025 19:46:11 UTC] PHP Notice:  Constant DB_PASSWORD already defined in /var/www/auth/config.php on line 16
[24-Jun-2025 19:46:11 UTC] PHP Notice:  Constant DB_NAME already defined in /var/www/auth/config.php on line 17
[01-Jul-2025 17:07:55 UTC] PHP Notice:  Constant LDAP_SERVER already defined in /var/www/auth/config.php on line 8
[01-Jul-2025 17:07:55 UTC] PHP Notice:  Constant LDAP_ADMIN_USER already defined in /var/www/auth/config.php on line 9
[01-Jul-2025 17:07:55 UTC] PHP Notice:  Constant LDAP_ADMIN_PASS already defined in /var/www/auth/config.php on line 10
[01-Jul-2025 17:07:55 UTC] PHP Notice:  Constant LDAP_SEARCH_BASE already defined in /var/www/auth/config.php on line 11
[01-Jul-2025 17:07:55 UTC] PHP Notice:  Constant DB_SERVER already defined in /var/www/auth/config.php on line 14
[01-Jul-2025 17:07:55 UTC] PHP Notice:  Constant DB_USERNAME already defined in /var/www/auth/config.php on line 15
[01-Jul-2025 17:07:55 UTC] PHP Notice:  Constant DB_PASSWORD already defined in /var/www/auth/config.php on line 16
[01-Jul-2025 17:07:55 UTC] PHP Notice:  Constant DB_NAME already defined in /var/www/auth/config.php on line 17
[01-Jul-2025 17:07:55 UTC] PHP Notice:  Array to string conversion in /var/www/auth/login.php on line 124
[01-Jul-2025 17:07:59 UTC] PHP Notice:  Constant LDAP_SERVER already defined in /var/www/auth/config.php on line 8
[01-Jul-2025 17:07:59 UTC] PHP Notice:  Constant LDAP_ADMIN_USER already defined in /var/www/auth/config.php on line 9
[01-Jul-2025 17:07:59 UTC] PHP Notice:  Constant LDAP_ADMIN_PASS already defined in /var/www/auth/config.php on line 10
[01-Jul-2025 17:07:59 UTC] PHP Notice:  Constant LDAP_SEARCH_BASE already defined in /var/www/auth/config.php on line 11
[01-Jul-2025 17:07:59 UTC] PHP Notice:  Constant DB_SERVER already defined in /var/www/auth/config.php on line 14
[01-Jul-2025 17:07:59 UTC] PHP Notice:  Constant DB_USERNAME already defined in /var/www/auth/config.php on line 15
[01-Jul-2025 17:07:59 UTC] PHP Notice:  Constant DB_PASSWORD already defined in /var/www/auth/config.php on line 16
[01-Jul-2025 17:07:59 UTC] PHP Notice:  Constant DB_NAME already defined in /var/www/auth/config.php on line 17
[01-Jul-2025 17:14:03 UTC] PHP Notice:  Constant LDAP_SERVER already defined in /var/www/auth/config.php on line 8
[01-Jul-2025 17:14:03 UTC] PHP Notice:  Constant LDAP_ADMIN_USER already defined in /var/www/auth/config.php on line 9
[01-Jul-2025 17:14:03 UTC] PHP Notice:  Constant LDAP_ADMIN_PASS already defined in /var/www/auth/config.php on line 10
[01-Jul-2025 17:14:03 UTC] PHP Notice:  Constant LDAP_SEARCH_BASE already defined in /var/www/auth/config.php on line 11
[01-Jul-2025 17:14:03 UTC] PHP Notice:  Constant DB_SERVER already defined in /var/www/auth/config.php on line 14
[01-Jul-2025 17:14:03 UTC] PHP Notice:  Constant DB_USERNAME already defined in /var/www/auth/config.php on line 15
[01-Jul-2025 17:14:03 UTC] PHP Notice:  Constant DB_PASSWORD already defined in /var/www/auth/config.php on line 16
[01-Jul-2025 17:14:03 UTC] PHP Notice:  Constant DB_NAME already defined in /var/www/auth/config.php on line 17
[01-Jul-2025 17:14:03 UTC] PHP Notice:  Array to string conversion in /var/www/auth/login.php on line 124
[01-Jul-2025 17:14:06 UTC] PHP Notice:  Constant LDAP_SERVER already defined in /var/www/auth/config.php on line 8
[01-Jul-2025 17:14:06 UTC] PHP Notice:  Constant LDAP_ADMIN_USER already defined in /var/www/auth/config.php on line 9
[01-Jul-2025 17:14:06 UTC] PHP Notice:  Constant LDAP_ADMIN_PASS already defined in /var/www/auth/config.php on line 10
[01-Jul-2025 17:14:06 UTC] PHP Notice:  Constant LDAP_SEARCH_BASE already defined in /var/www/auth/config.php on line 11
[01-Jul-2025 17:14:06 UTC] PHP Notice:  Constant DB_SERVER already defined in /var/www/auth/config.php on line 14
[01-Jul-2025 17:14:06 UTC] PHP Notice:  Constant DB_USERNAME already defined in /var/www/auth/config.php on line 15
[01-Jul-2025 17:14:06 UTC] PHP Notice:  Constant DB_PASSWORD already defined in /var/www/auth/config.php on line 16
[01-Jul-2025 17:14:06 UTC] PHP Notice:  Constant DB_NAME already defined in /var/www/auth/config.php on line 17
[01-Jul-2025 17:35:24 UTC] PHP Notice:  Constant LDAP_SERVER already defined in /var/www/auth/config.php on line 8
[01-Jul-2025 17:35:24 UTC] PHP Notice:  Constant LDAP_ADMIN_USER already defined in /var/www/auth/config.php on line 9
[01-Jul-2025 17:35:24 UTC] PHP Notice:  Constant LDAP_ADMIN_PASS already defined in /var/www/auth/config.php on line 10
[01-Jul-2025 17:35:24 UTC] PHP Notice:  Constant LDAP_SEARCH_BASE already defined in /var/www/auth/config.php on line 11
[01-Jul-2025 17:35:24 UTC] PHP Notice:  Constant DB_SERVER already defined in /var/www/auth/config.php on line 14
[01-Jul-2025 17:35:24 UTC] PHP Notice:  Constant DB_USERNAME already defined in /var/www/auth/config.php on line 15
[01-Jul-2025 17:35:24 UTC] PHP Notice:  Constant DB_PASSWORD already defined in /var/www/auth/config.php on line 16
[01-Jul-2025 17:35:24 UTC] PHP Notice:  Constant DB_NAME already defined in /var/www/auth/config.php on line 17
[01-Jul-2025 17:35:24 UTC] PHP Notice:  Array to string conversion in /var/www/auth/login.php on line 124
[01-Jul-2025 17:35:28 UTC] PHP Notice:  Constant LDAP_SERVER already defined in /var/www/auth/config.php on line 8
[01-Jul-2025 17:35:28 UTC] PHP Notice:  Constant LDAP_ADMIN_USER already defined in /var/www/auth/config.php on line 9
[01-Jul-2025 17:35:28 UTC] PHP Notice:  Constant LDAP_ADMIN_PASS already defined in /var/www/auth/config.php on line 10
[01-Jul-2025 17:35:28 UTC] PHP Notice:  Constant LDAP_SEARCH_BASE already defined in /var/www/auth/config.php on line 11
[01-Jul-2025 17:35:28 UTC] PHP Notice:  Constant DB_SERVER already defined in /var/www/auth/config.php on line 14
[01-Jul-2025 17:35:28 UTC] PHP Notice:  Constant DB_USERNAME already defined in /var/www/auth/config.php on line 15
[01-Jul-2025 17:35:28 UTC] PHP Notice:  Constant DB_PASSWORD already defined in /var/www/auth/config.php on line 16
[01-Jul-2025 17:35:28 UTC] PHP Notice:  Constant DB_NAME already defined in /var/www/auth/config.php on line 17
[01-Jul-2025 17:35:28 UTC] PHP Notice:  Array to string conversion in /var/www/auth/login.php on line 124
[01-Jul-2025 17:35:32 UTC] PHP Notice:  Constant LDAP_SERVER already defined in /var/www/auth/config.php on line 8
[01-Jul-2025 17:35:32 UTC] PHP Notice:  Constant LDAP_ADMIN_USER already defined in /var/www/auth/config.php on line 9
[01-Jul-2025 17:35:32 UTC] PHP Notice:  Constant LDAP_ADMIN_PASS already defined in /var/www/auth/config.php on line 10
[01-Jul-2025 17:35:32 UTC] PHP Notice:  Constant LDAP_SEARCH_BASE already defined in /var/www/auth/config.php on line 11
[01-Jul-2025 17:35:32 UTC] PHP Notice:  Constant DB_SERVER already defined in /var/www/auth/config.php on line 14
[01-Jul-2025 17:35:32 UTC] PHP Notice:  Constant DB_USERNAME already defined in /var/www/auth/config.php on line 15
[01-Jul-2025 17:35:32 UTC] PHP Notice:  Constant DB_PASSWORD already defined in /var/www/auth/config.php on line 16
[01-Jul-2025 17:35:32 UTC] PHP Notice:  Constant DB_NAME already defined in /var/www/auth/config.php on line 17
[01-Jul-2025 17:35:32 UTC] PHP Notice:  Array to string conversion in /var/www/auth/login.php on line 124
[01-Jul-2025 17:35:34 UTC] PHP Notice:  Constant LDAP_SERVER already defined in /var/www/auth/config.php on line 8
[01-Jul-2025 17:35:34 UTC] PHP Notice:  Constant LDAP_ADMIN_USER already defined in /var/www/auth/config.php on line 9
[01-Jul-2025 17:35:34 UTC] PHP Notice:  Constant LDAP_ADMIN_PASS already defined in /var/www/auth/config.php on line 10
[01-Jul-2025 17:35:34 UTC] PHP Notice:  Constant LDAP_SEARCH_BASE already defined in /var/www/auth/config.php on line 11
[01-Jul-2025 17:35:34 UTC] PHP Notice:  Constant DB_SERVER already defined in /var/www/auth/config.php on line 14
[01-Jul-2025 17:35:34 UTC] PHP Notice:  Constant DB_USERNAME already defined in /var/www/auth/config.php on line 15
[01-Jul-2025 17:35:34 UTC] PHP Notice:  Constant DB_PASSWORD already defined in /var/www/auth/config.php on line 16
[01-Jul-2025 17:35:34 UTC] PHP Notice:  Constant DB_NAME already defined in /var/www/auth/config.php on line 17
[01-Jul-2025 18:13:47 UTC] PHP Notice:  Constant LDAP_SERVER already defined in /var/www/auth/config.php on line 8
[01-Jul-2025 18:13:47 UTC] PHP Notice:  Constant LDAP_ADMIN_USER already defined in /var/www/auth/config.php on line 9
[01-Jul-2025 18:13:47 UTC] PHP Notice:  Constant LDAP_ADMIN_PASS already defined in /var/www/auth/config.php on line 10
[01-Jul-2025 18:13:47 UTC] PHP Notice:  Constant LDAP_SEARCH_BASE already defined in /var/www/auth/config.php on line 11
[01-Jul-2025 18:13:47 UTC] PHP Notice:  Constant DB_SERVER already defined in /var/www/auth/config.php on line 14
[01-Jul-2025 18:13:47 UTC] PHP Notice:  Constant DB_USERNAME already defined in /var/www/auth/config.php on line 15
[01-Jul-2025 18:13:47 UTC] PHP Notice:  Constant DB_PASSWORD already defined in /var/www/auth/config.php on line 16
[01-Jul-2025 18:13:47 UTC] PHP Notice:  Constant DB_NAME already defined in /var/www/auth/config.php on line 17
[01-Jul-2025 18:13:47 UTC] PHP Notice:  Array to string conversion in /var/www/auth/login.php on line 124
[01-Jul-2025 18:13:52 UTC] PHP Notice:  Constant LDAP_SERVER already defined in /var/www/auth/config.php on line 8
[01-Jul-2025 18:13:52 UTC] PHP Notice:  Constant LDAP_ADMIN_USER already defined in /var/www/auth/config.php on line 9
[01-Jul-2025 18:13:52 UTC] PHP Notice:  Constant LDAP_ADMIN_PASS already defined in /var/www/auth/config.php on line 10
[01-Jul-2025 18:13:52 UTC] PHP Notice:  Constant LDAP_SEARCH_BASE already defined in /var/www/auth/config.php on line 11
[01-Jul-2025 18:13:52 UTC] PHP Notice:  Constant DB_SERVER already defined in /var/www/auth/config.php on line 14
[01-Jul-2025 18:13:52 UTC] PHP Notice:  Constant DB_USERNAME already defined in /var/www/auth/config.php on line 15
[01-Jul-2025 18:13:52 UTC] PHP Notice:  Constant DB_PASSWORD already defined in /var/www/auth/config.php on line 16
[01-Jul-2025 18:13:52 UTC] PHP Notice:  Constant DB_NAME already defined in /var/www/auth/config.php on line 17
[01-Jul-2025 18:26:48 UTC] PHP Notice:  Constant LDAP_SERVER already defined in /var/www/auth/config.php on line 8
[01-Jul-2025 18:26:48 UTC] PHP Notice:  Constant LDAP_ADMIN_USER already defined in /var/www/auth/config.php on line 9
[01-Jul-2025 18:26:48 UTC] PHP Notice:  Constant LDAP_ADMIN_PASS already defined in /var/www/auth/config.php on line 10
[01-Jul-2025 18:26:48 UTC] PHP Notice:  Constant LDAP_SEARCH_BASE already defined in /var/www/auth/config.php on line 11
[01-Jul-2025 18:26:48 UTC] PHP Notice:  Constant DB_SERVER already defined in /var/www/auth/config.php on line 14
[01-Jul-2025 18:26:48 UTC] PHP Notice:  Constant DB_USERNAME already defined in /var/www/auth/config.php on line 15
[01-Jul-2025 18:26:48 UTC] PHP Notice:  Constant DB_PASSWORD already defined in /var/www/auth/config.php on line 16
[01-Jul-2025 18:26:48 UTC] PHP Notice:  Constant DB_NAME already defined in /var/www/auth/config.php on line 17
[01-Jul-2025 18:26:48 UTC] PHP Notice:  Array to string conversion in /var/www/auth/login.php on line 124
[01-Jul-2025 18:26:50 UTC] PHP Notice:  Constant LDAP_SERVER already defined in /var/www/auth/config.php on line 8
[01-Jul-2025 18:26:50 UTC] PHP Notice:  Constant LDAP_ADMIN_USER already defined in /var/www/auth/config.php on line 9
[01-Jul-2025 18:26:50 UTC] PHP Notice:  Constant LDAP_ADMIN_PASS already defined in /var/www/auth/config.php on line 10
[01-Jul-2025 18:26:50 UTC] PHP Notice:  Constant LDAP_SEARCH_BASE already defined in /var/www/auth/config.php on line 11
[01-Jul-2025 18:26:50 UTC] PHP Notice:  Constant DB_SERVER already defined in /var/www/auth/config.php on line 14
[01-Jul-2025 18:26:51 UTC] PHP Notice:  Constant DB_USERNAME already defined in /var/www/auth/config.php on line 15
[01-Jul-2025 18:26:51 UTC] PHP Notice:  Constant DB_PASSWORD already defined in /var/www/auth/config.php on line 16
[01-Jul-2025 18:26:51 UTC] PHP Notice:  Constant DB_NAME already defined in /var/www/auth/config.php on line 17
[01-Jul-2025 18:34:42 UTC] PHP Notice:  Constant LDAP_SERVER already defined in /var/www/auth/config.php on line 8
[01-Jul-2025 18:34:42 UTC] PHP Notice:  Constant LDAP_ADMIN_USER already defined in /var/www/auth/config.php on line 9
[01-Jul-2025 18:34:42 UTC] PHP Notice:  Constant LDAP_ADMIN_PASS already defined in /var/www/auth/config.php on line 10
[01-Jul-2025 18:34:42 UTC] PHP Notice:  Constant LDAP_SEARCH_BASE already defined in /var/www/auth/config.php on line 11
[01-Jul-2025 18:34:42 UTC] PHP Notice:  Constant DB_SERVER already defined in /var/www/auth/config.php on line 14
[01-Jul-2025 18:34:42 UTC] PHP Notice:  Constant DB_USERNAME already defined in /var/www/auth/config.php on line 15
[01-Jul-2025 18:34:42 UTC] PHP Notice:  Constant DB_PASSWORD already defined in /var/www/auth/config.php on line 16
[01-Jul-2025 18:34:42 UTC] PHP Notice:  Constant DB_NAME already defined in /var/www/auth/config.php on line 17
[01-Jul-2025 18:34:42 UTC] PHP Notice:  Array to string conversion in /var/www/auth/login.php on line 124
[01-Jul-2025 18:34:45 UTC] PHP Notice:  Constant LDAP_SERVER already defined in /var/www/auth/config.php on line 8
[01-Jul-2025 18:34:45 UTC] PHP Notice:  Constant LDAP_ADMIN_USER already defined in /var/www/auth/config.php on line 9
[01-Jul-2025 18:34:45 UTC] PHP Notice:  Constant LDAP_ADMIN_PASS already defined in /var/www/auth/config.php on line 10
[01-Jul-2025 18:34:45 UTC] PHP Notice:  Constant LDAP_SEARCH_BASE already defined in /var/www/auth/config.php on line 11
[01-Jul-2025 18:34:45 UTC] PHP Notice:  Constant DB_SERVER already defined in /var/www/auth/config.php on line 14
[01-Jul-2025 18:34:45 UTC] PHP Notice:  Constant DB_USERNAME already defined in /var/www/auth/config.php on line 15
[01-Jul-2025 18:34:45 UTC] PHP Notice:  Constant DB_PASSWORD already defined in /var/www/auth/config.php on line 16
[01-Jul-2025 18:34:45 UTC] PHP Notice:  Constant DB_NAME already defined in /var/www/auth/config.php on line 17
[01-Jul-2025 18:40:19 UTC] PHP Notice:  Constant LDAP_SERVER already defined in /var/www/auth/config.php on line 8
[01-Jul-2025 18:40:19 UTC] PHP Notice:  Constant LDAP_ADMIN_USER already defined in /var/www/auth/config.php on line 9
[01-Jul-2025 18:40:19 UTC] PHP Notice:  Constant LDAP_ADMIN_PASS already defined in /var/www/auth/config.php on line 10
[01-Jul-2025 18:40:19 UTC] PHP Notice:  Constant LDAP_SEARCH_BASE already defined in /var/www/auth/config.php on line 11
[01-Jul-2025 18:40:19 UTC] PHP Notice:  Constant DB_SERVER already defined in /var/www/auth/config.php on line 14
[01-Jul-2025 18:40:19 UTC] PHP Notice:  Constant DB_USERNAME already defined in /var/www/auth/config.php on line 15
[01-Jul-2025 18:40:19 UTC] PHP Notice:  Constant DB_PASSWORD already defined in /var/www/auth/config.php on line 16
[01-Jul-2025 18:40:19 UTC] PHP Notice:  Constant DB_NAME already defined in /var/www/auth/config.php on line 17
[01-Jul-2025 18:40:19 UTC] PHP Notice:  Array to string conversion in /var/www/auth/login.php on line 124
[01-Jul-2025 18:40:22 UTC] PHP Notice:  Constant LDAP_SERVER already defined in /var/www/auth/config.php on line 8
[01-Jul-2025 18:40:22 UTC] PHP Notice:  Constant LDAP_ADMIN_USER already defined in /var/www/auth/config.php on line 9
[01-Jul-2025 18:40:22 UTC] PHP Notice:  Constant LDAP_ADMIN_PASS already defined in /var/www/auth/config.php on line 10
[01-Jul-2025 18:40:22 UTC] PHP Notice:  Constant LDAP_SEARCH_BASE already defined in /var/www/auth/config.php on line 11
[01-Jul-2025 18:40:22 UTC] PHP Notice:  Constant DB_SERVER already defined in /var/www/auth/config.php on line 14
[01-Jul-2025 18:40:22 UTC] PHP Notice:  Constant DB_USERNAME already defined in /var/www/auth/config.php on line 15
[01-Jul-2025 18:40:22 UTC] PHP Notice:  Constant DB_PASSWORD already defined in /var/www/auth/config.php on line 16
[01-Jul-2025 18:40:22 UTC] PHP Notice:  Constant DB_NAME already defined in /var/www/auth/config.php on line 17
[01-Jul-2025 18:53:47 UTC] PHP Notice:  Constant LDAP_SERVER already defined in /var/www/auth/config.php on line 8
[01-Jul-2025 18:53:47 UTC] PHP Notice:  Constant LDAP_ADMIN_USER already defined in /var/www/auth/config.php on line 9
[01-Jul-2025 18:53:47 UTC] PHP Notice:  Constant LDAP_ADMIN_PASS already defined in /var/www/auth/config.php on line 10
[01-Jul-2025 18:53:47 UTC] PHP Notice:  Constant LDAP_SEARCH_BASE already defined in /var/www/auth/config.php on line 11
[01-Jul-2025 18:53:47 UTC] PHP Notice:  Constant DB_SERVER already defined in /var/www/auth/config.php on line 14
[01-Jul-2025 18:53:47 UTC] PHP Notice:  Constant DB_USERNAME already defined in /var/www/auth/config.php on line 15
[01-Jul-2025 18:53:47 UTC] PHP Notice:  Constant DB_PASSWORD already defined in /var/www/auth/config.php on line 16
[01-Jul-2025 18:53:47 UTC] PHP Notice:  Constant DB_NAME already defined in /var/www/auth/config.php on line 17
[01-Jul-2025 18:53:47 UTC] PHP Notice:  Array to string conversion in /var/www/auth/login.php on line 124
[01-Jul-2025 18:53:49 UTC] PHP Notice:  Constant LDAP_SERVER already defined in /var/www/auth/config.php on line 8
[01-Jul-2025 18:53:49 UTC] PHP Notice:  Constant LDAP_ADMIN_USER already defined in /var/www/auth/config.php on line 9
[01-Jul-2025 18:53:49 UTC] PHP Notice:  Constant LDAP_ADMIN_PASS already defined in /var/www/auth/config.php on line 10
[01-Jul-2025 18:53:49 UTC] PHP Notice:  Constant LDAP_SEARCH_BASE already defined in /var/www/auth/config.php on line 11
[01-Jul-2025 18:53:49 UTC] PHP Notice:  Constant DB_SERVER already defined in /var/www/auth/config.php on line 14
[01-Jul-2025 18:53:50 UTC] PHP Notice:  Constant DB_USERNAME already defined in /var/www/auth/config.php on line 15
[01-Jul-2025 18:53:50 UTC] PHP Notice:  Constant DB_PASSWORD already defined in /var/www/auth/config.php on line 16
[01-Jul-2025 18:53:50 UTC] PHP Notice:  Constant DB_NAME already defined in /var/www/auth/config.php on line 17
[01-Jul-2025 18:55:55 UTC] PHP Notice:  Constant LDAP_SERVER already defined in /var/www/auth/config.php on line 8
[01-Jul-2025 18:55:55 UTC] PHP Notice:  Constant LDAP_ADMIN_USER already defined in /var/www/auth/config.php on line 9
[01-Jul-2025 18:55:55 UTC] PHP Notice:  Constant LDAP_ADMIN_PASS already defined in /var/www/auth/config.php on line 10
[01-Jul-2025 18:55:55 UTC] PHP Notice:  Constant LDAP_SEARCH_BASE already defined in /var/www/auth/config.php on line 11
[01-Jul-2025 18:55:55 UTC] PHP Notice:  Constant DB_SERVER already defined in /var/www/auth/config.php on line 14
[01-Jul-2025 18:55:55 UTC] PHP Notice:  Constant DB_USERNAME already defined in /var/www/auth/config.php on line 15
[01-Jul-2025 18:55:55 UTC] PHP Notice:  Constant DB_PASSWORD already defined in /var/www/auth/config.php on line 16
[01-Jul-2025 18:55:55 UTC] PHP Notice:  Constant DB_NAME already defined in /var/www/auth/config.php on line 17
[01-Jul-2025 18:55:55 UTC] PHP Notice:  Array to string conversion in /var/www/auth/login.php on line 124
[01-Jul-2025 18:56:02 UTC] PHP Notice:  Constant LDAP_SERVER already defined in /var/www/auth/config.php on line 8
[01-Jul-2025 18:56:02 UTC] PHP Notice:  Constant LDAP_ADMIN_USER already defined in /var/www/auth/config.php on line 9
[01-Jul-2025 18:56:02 UTC] PHP Notice:  Constant LDAP_ADMIN_PASS already defined in /var/www/auth/config.php on line 10
[01-Jul-2025 18:56:02 UTC] PHP Notice:  Constant LDAP_SEARCH_BASE already defined in /var/www/auth/config.php on line 11
[01-Jul-2025 18:56:02 UTC] PHP Notice:  Constant DB_SERVER already defined in /var/www/auth/config.php on line 14
[01-Jul-2025 18:56:02 UTC] PHP Notice:  Constant DB_USERNAME already defined in /var/www/auth/config.php on line 15
[01-Jul-2025 18:56:02 UTC] PHP Notice:  Constant DB_PASSWORD already defined in /var/www/auth/config.php on line 16
[01-Jul-2025 18:56:02 UTC] PHP Notice:  Constant DB_NAME already defined in /var/www/auth/config.php on line 17
[01-Jul-2025 19:00:55 UTC] PHP Notice:  Constant LDAP_SERVER already defined in /var/www/auth/config.php on line 8
[01-Jul-2025 19:00:55 UTC] PHP Notice:  Constant LDAP_ADMIN_USER already defined in /var/www/auth/config.php on line 9
[01-Jul-2025 19:00:55 UTC] PHP Notice:  Constant LDAP_ADMIN_PASS already defined in /var/www/auth/config.php on line 10
[01-Jul-2025 19:00:55 UTC] PHP Notice:  Constant LDAP_SEARCH_BASE already defined in /var/www/auth/config.php on line 11
[01-Jul-2025 19:00:55 UTC] PHP Notice:  Constant DB_SERVER already defined in /var/www/auth/config.php on line 14
[01-Jul-2025 19:00:55 UTC] PHP Notice:  Constant DB_USERNAME already defined in /var/www/auth/config.php on line 15
[01-Jul-2025 19:00:55 UTC] PHP Notice:  Constant DB_PASSWORD already defined in /var/www/auth/config.php on line 16
[01-Jul-2025 19:00:55 UTC] PHP Notice:  Constant DB_NAME already defined in /var/www/auth/config.php on line 17
[01-Jul-2025 19:00:55 UTC] PHP Notice:  Array to string conversion in /var/www/auth/login.php on line 124
[01-Jul-2025 19:00:58 UTC] PHP Notice:  Constant LDAP_SERVER already defined in /var/www/auth/config.php on line 8
[01-Jul-2025 19:00:58 UTC] PHP Notice:  Constant LDAP_ADMIN_USER already defined in /var/www/auth/config.php on line 9
[01-Jul-2025 19:00:58 UTC] PHP Notice:  Constant LDAP_ADMIN_PASS already defined in /var/www/auth/config.php on line 10
[01-Jul-2025 19:00:58 UTC] PHP Notice:  Constant LDAP_SEARCH_BASE already defined in /var/www/auth/config.php on line 11
[01-Jul-2025 19:00:58 UTC] PHP Notice:  Constant DB_SERVER already defined in /var/www/auth/config.php on line 14
[01-Jul-2025 19:00:58 UTC] PHP Notice:  Constant DB_USERNAME already defined in /var/www/auth/config.php on line 15
[01-Jul-2025 19:00:58 UTC] PHP Notice:  Constant DB_PASSWORD already defined in /var/www/auth/config.php on line 16
[01-Jul-2025 19:00:58 UTC] PHP Notice:  Constant DB_NAME already defined in /var/www/auth/config.php on line 17
[04-Aug-2025 16:03:45 UTC] PHP Notice:  Constant LDAP_SERVER already defined in /var/www/auth/config.php on line 8
[04-Aug-2025 16:03:45 UTC] PHP Notice:  Constant LDAP_ADMIN_USER already defined in /var/www/auth/config.php on line 9
[04-Aug-2025 16:03:45 UTC] PHP Notice:  Constant LDAP_ADMIN_PASS already defined in /var/www/auth/config.php on line 10
[04-Aug-2025 16:03:45 UTC] PHP Notice:  Constant LDAP_SEARCH_BASE already defined in /var/www/auth/config.php on line 11
[04-Aug-2025 16:03:45 UTC] PHP Notice:  Constant DB_SERVER already defined in /var/www/auth/config.php on line 14
[04-Aug-2025 16:03:45 UTC] PHP Notice:  Constant DB_USERNAME already defined in /var/www/auth/config.php on line 15
[04-Aug-2025 16:03:45 UTC] PHP Notice:  Constant DB_PASSWORD already defined in /var/www/auth/config.php on line 16
[04-Aug-2025 16:03:45 UTC] PHP Notice:  Constant DB_NAME already defined in /var/www/auth/config.php on line 17
[04-Aug-2025 16:03:45 UTC] PHP Notice:  Array to string conversion in /var/www/auth/login.php on line 124
[04-Aug-2025 16:03:48 UTC] PHP Notice:  Constant LDAP_SERVER already defined in /var/www/auth/config.php on line 8
[04-Aug-2025 16:03:48 UTC] PHP Notice:  Constant LDAP_ADMIN_USER already defined in /var/www/auth/config.php on line 9
[04-Aug-2025 16:03:48 UTC] PHP Notice:  Constant LDAP_ADMIN_PASS already defined in /var/www/auth/config.php on line 10
[04-Aug-2025 16:03:48 UTC] PHP Notice:  Constant LDAP_SEARCH_BASE already defined in /var/www/auth/config.php on line 11
[04-Aug-2025 16:03:48 UTC] PHP Notice:  Constant DB_SERVER already defined in /var/www/auth/config.php on line 14
[04-Aug-2025 16:03:48 UTC] PHP Notice:  Constant DB_USERNAME already defined in /var/www/auth/config.php on line 15
[04-Aug-2025 16:03:48 UTC] PHP Notice:  Constant DB_PASSWORD already defined in /var/www/auth/config.php on line 16
[04-Aug-2025 16:03:48 UTC] PHP Notice:  Constant DB_NAME already defined in /var/www/auth/config.php on line 17
[04-Aug-2025 19:20:56 UTC] PHP Notice:  Constant LDAP_SERVER already defined in /var/www/auth/config.php on line 8
[04-Aug-2025 19:20:56 UTC] PHP Notice:  Constant LDAP_ADMIN_USER already defined in /var/www/auth/config.php on line 9
[04-Aug-2025 19:20:56 UTC] PHP Notice:  Constant LDAP_ADMIN_PASS already defined in /var/www/auth/config.php on line 10
[04-Aug-2025 19:20:56 UTC] PHP Notice:  Constant LDAP_SEARCH_BASE already defined in /var/www/auth/config.php on line 11
[04-Aug-2025 19:20:56 UTC] PHP Notice:  Constant DB_SERVER already defined in /var/www/auth/config.php on line 14
[04-Aug-2025 19:20:56 UTC] PHP Notice:  Constant DB_USERNAME already defined in /var/www/auth/config.php on line 15
[04-Aug-2025 19:20:56 UTC] PHP Notice:  Constant DB_PASSWORD already defined in /var/www/auth/config.php on line 16
[04-Aug-2025 19:20:56 UTC] PHP Notice:  Constant DB_NAME already defined in /var/www/auth/config.php on line 17
[04-Aug-2025 19:20:56 UTC] PHP Notice:  Array to string conversion in /var/www/auth/login.php on line 124
[04-Aug-2025 19:20:59 UTC] PHP Notice:  Constant LDAP_SERVER already defined in /var/www/auth/config.php on line 8
[04-Aug-2025 19:20:59 UTC] PHP Notice:  Constant LDAP_ADMIN_USER already defined in /var/www/auth/config.php on line 9
[04-Aug-2025 19:20:59 UTC] PHP Notice:  Constant LDAP_ADMIN_PASS already defined in /var/www/auth/config.php on line 10
[04-Aug-2025 19:20:59 UTC] PHP Notice:  Constant LDAP_SEARCH_BASE already defined in /var/www/auth/config.php on line 11
[04-Aug-2025 19:20:59 UTC] PHP Notice:  Constant DB_SERVER already defined in /var/www/auth/config.php on line 14
[04-Aug-2025 19:20:59 UTC] PHP Notice:  Constant DB_USERNAME already defined in /var/www/auth/config.php on line 15
[04-Aug-2025 19:20:59 UTC] PHP Notice:  Constant DB_PASSWORD already defined in /var/www/auth/config.php on line 16
[04-Aug-2025 19:20:59 UTC] PHP Notice:  Constant DB_NAME already defined in /var/www/auth/config.php on line 17
[04-Aug-2025 19:42:05 UTC] PHP Notice:  Constant LDAP_SERVER already defined in /var/www/auth/config.php on line 8
[04-Aug-2025 19:42:05 UTC] PHP Notice:  Constant LDAP_ADMIN_USER already defined in /var/www/auth/config.php on line 9
[04-Aug-2025 19:42:05 UTC] PHP Notice:  Constant LDAP_ADMIN_PASS already defined in /var/www/auth/config.php on line 10
[04-Aug-2025 19:42:05 UTC] PHP Notice:  Constant LDAP_SEARCH_BASE already defined in /var/www/auth/config.php on line 11
[04-Aug-2025 19:42:05 UTC] PHP Notice:  Constant DB_SERVER already defined in /var/www/auth/config.php on line 14
[04-Aug-2025 19:42:05 UTC] PHP Notice:  Constant DB_USERNAME already defined in /var/www/auth/config.php on line 15
[04-Aug-2025 19:42:05 UTC] PHP Notice:  Constant DB_PASSWORD already defined in /var/www/auth/config.php on line 16
[04-Aug-2025 19:42:05 UTC] PHP Notice:  Constant DB_NAME already defined in /var/www/auth/config.php on line 17
[04-Aug-2025 19:42:05 UTC] PHP Notice:  Array to string conversion in /var/www/auth/login.php on line 124
[04-Aug-2025 19:42:19 UTC] PHP Notice:  Constant LDAP_SERVER already defined in /var/www/auth/config.php on line 8
[04-Aug-2025 19:42:19 UTC] PHP Notice:  Constant LDAP_ADMIN_USER already defined in /var/www/auth/config.php on line 9
[04-Aug-2025 19:42:19 UTC] PHP Notice:  Constant LDAP_ADMIN_PASS already defined in /var/www/auth/config.php on line 10
[04-Aug-2025 19:42:19 UTC] PHP Notice:  Constant LDAP_SEARCH_BASE already defined in /var/www/auth/config.php on line 11
[04-Aug-2025 19:42:19 UTC] PHP Notice:  Constant DB_SERVER already defined in /var/www/auth/config.php on line 14
[04-Aug-2025 19:42:19 UTC] PHP Notice:  Constant DB_USERNAME already defined in /var/www/auth/config.php on line 15
[04-Aug-2025 19:42:19 UTC] PHP Notice:  Constant DB_PASSWORD already defined in /var/www/auth/config.php on line 16
[04-Aug-2025 19:42:19 UTC] PHP Notice:  Constant DB_NAME already defined in /var/www/auth/config.php on line 17
[04-Aug-2025 20:36:52 UTC] PHP Notice:  Constant LDAP_SERVER already defined in /var/www/auth/config.php on line 8
[04-Aug-2025 20:36:52 UTC] PHP Notice:  Constant LDAP_ADMIN_USER already defined in /var/www/auth/config.php on line 9
[04-Aug-2025 20:36:53 UTC] PHP Notice:  Constant LDAP_ADMIN_PASS already defined in /var/www/auth/config.php on line 10
[04-Aug-2025 20:36:53 UTC] PHP Notice:  Constant LDAP_SEARCH_BASE already defined in /var/www/auth/config.php on line 11
[04-Aug-2025 20:36:53 UTC] PHP Notice:  Constant DB_SERVER already defined in /var/www/auth/config.php on line 14
[04-Aug-2025 20:36:53 UTC] PHP Notice:  Constant DB_USERNAME already defined in /var/www/auth/config.php on line 15
[04-Aug-2025 20:36:53 UTC] PHP Notice:  Constant DB_PASSWORD already defined in /var/www/auth/config.php on line 16
[04-Aug-2025 20:36:53 UTC] PHP Notice:  Constant DB_NAME already defined in /var/www/auth/config.php on line 17
[04-Aug-2025 20:36:53 UTC] PHP Notice:  Array to string conversion in /var/www/auth/login.php on line 124
[04-Aug-2025 20:36:56 UTC] PHP Notice:  Constant LDAP_SERVER already defined in /var/www/auth/config.php on line 8
[04-Aug-2025 20:36:56 UTC] PHP Notice:  Constant LDAP_ADMIN_USER already defined in /var/www/auth/config.php on line 9
[04-Aug-2025 20:36:56 UTC] PHP Notice:  Constant LDAP_ADMIN_PASS already defined in /var/www/auth/config.php on line 10
[04-Aug-2025 20:36:56 UTC] PHP Notice:  Constant LDAP_SEARCH_BASE already defined in /var/www/auth/config.php on line 11
[04-Aug-2025 20:36:56 UTC] PHP Notice:  Constant DB_SERVER already defined in /var/www/auth/config.php on line 14
[04-Aug-2025 20:36:56 UTC] PHP Notice:  Constant DB_USERNAME already defined in /var/www/auth/config.php on line 15
[04-Aug-2025 20:36:56 UTC] PHP Notice:  Constant DB_PASSWORD already defined in /var/www/auth/config.php on line 16
[04-Aug-2025 20:36:56 UTC] PHP Notice:  Constant DB_NAME already defined in /var/www/auth/config.php on line 17
[05-Aug-2025 15:58:49 UTC] PHP Notice:  Constant LDAP_SERVER already defined in /var/www/auth/config.php on line 8
[05-Aug-2025 15:58:49 UTC] PHP Notice:  Constant LDAP_ADMIN_USER already defined in /var/www/auth/config.php on line 9
[05-Aug-2025 15:58:49 UTC] PHP Notice:  Constant LDAP_ADMIN_PASS already defined in /var/www/auth/config.php on line 10
[05-Aug-2025 15:58:49 UTC] PHP Notice:  Constant LDAP_SEARCH_BASE already defined in /var/www/auth/config.php on line 11
[05-Aug-2025 15:58:49 UTC] PHP Notice:  Constant DB_SERVER already defined in /var/www/auth/config.php on line 14
[05-Aug-2025 15:58:49 UTC] PHP Notice:  Constant DB_USERNAME already defined in /var/www/auth/config.php on line 15
[05-Aug-2025 15:58:49 UTC] PHP Notice:  Constant DB_PASSWORD already defined in /var/www/auth/config.php on line 16
[05-Aug-2025 15:58:49 UTC] PHP Notice:  Constant DB_NAME already defined in /var/www/auth/config.php on line 17
[05-Aug-2025 15:58:49 UTC] PHP Notice:  Array to string conversion in /var/www/auth/login.php on line 124
[05-Aug-2025 15:58:52 UTC] PHP Notice:  Constant LDAP_SERVER already defined in /var/www/auth/config.php on line 8
[05-Aug-2025 15:58:52 UTC] PHP Notice:  Constant LDAP_ADMIN_USER already defined in /var/www/auth/config.php on line 9
[05-Aug-2025 15:58:52 UTC] PHP Notice:  Constant LDAP_ADMIN_PASS already defined in /var/www/auth/config.php on line 10
[05-Aug-2025 15:58:52 UTC] PHP Notice:  Constant LDAP_SEARCH_BASE already defined in /var/www/auth/config.php on line 11
[05-Aug-2025 15:58:52 UTC] PHP Notice:  Constant DB_SERVER already defined in /var/www/auth/config.php on line 14
[05-Aug-2025 15:58:52 UTC] PHP Notice:  Constant DB_USERNAME already defined in /var/www/auth/config.php on line 15
[05-Aug-2025 15:58:52 UTC] PHP Notice:  Constant DB_PASSWORD already defined in /var/www/auth/config.php on line 16
[05-Aug-2025 15:58:52 UTC] PHP Notice:  Constant DB_NAME already defined in /var/www/auth/config.php on line 17
[05-Aug-2025 18:04:00 UTC] PHP Notice:  Constant LDAP_SERVER already defined in /var/www/auth/config.php on line 8
[05-Aug-2025 18:04:00 UTC] PHP Notice:  Constant LDAP_ADMIN_USER already defined in /var/www/auth/config.php on line 9
[05-Aug-2025 18:04:00 UTC] PHP Notice:  Constant LDAP_ADMIN_PASS already defined in /var/www/auth/config.php on line 10
[05-Aug-2025 18:04:00 UTC] PHP Notice:  Constant LDAP_SEARCH_BASE already defined in /var/www/auth/config.php on line 11
[05-Aug-2025 18:04:00 UTC] PHP Notice:  Constant DB_SERVER already defined in /var/www/auth/config.php on line 14
[05-Aug-2025 18:04:00 UTC] PHP Notice:  Constant DB_USERNAME already defined in /var/www/auth/config.php on line 15
[05-Aug-2025 18:04:00 UTC] PHP Notice:  Constant DB_PASSWORD already defined in /var/www/auth/config.php on line 16
[05-Aug-2025 18:04:00 UTC] PHP Notice:  Constant DB_NAME already defined in /var/www/auth/config.php on line 17
[05-Aug-2025 18:04:00 UTC] PHP Notice:  Array to string conversion in /var/www/auth/login.php on line 124
[05-Aug-2025 18:04:06 UTC] PHP Notice:  Constant LDAP_SERVER already defined in /var/www/auth/config.php on line 8
[05-Aug-2025 18:04:06 UTC] PHP Notice:  Constant LDAP_ADMIN_USER already defined in /var/www/auth/config.php on line 9
[05-Aug-2025 18:04:06 UTC] PHP Notice:  Constant LDAP_ADMIN_PASS already defined in /var/www/auth/config.php on line 10
[05-Aug-2025 18:04:06 UTC] PHP Notice:  Constant LDAP_SEARCH_BASE already defined in /var/www/auth/config.php on line 11
[05-Aug-2025 18:04:06 UTC] PHP Notice:  Constant DB_SERVER already defined in /var/www/auth/config.php on line 14
[05-Aug-2025 18:04:06 UTC] PHP Notice:  Constant DB_USERNAME already defined in /var/www/auth/config.php on line 15
[05-Aug-2025 18:04:06 UTC] PHP Notice:  Constant DB_PASSWORD already defined in /var/www/auth/config.php on line 16
[05-Aug-2025 18:04:06 UTC] PHP Notice:  Constant DB_NAME already defined in /var/www/auth/config.php on line 17
[05-Aug-2025 18:04:21 UTC] PHP Notice:  Constant LDAP_SERVER already defined in /var/www/auth/config.php on line 8
[05-Aug-2025 18:04:21 UTC] PHP Notice:  Constant LDAP_ADMIN_USER already defined in /var/www/auth/config.php on line 9
[05-Aug-2025 18:04:21 UTC] PHP Notice:  Constant LDAP_ADMIN_PASS already defined in /var/www/auth/config.php on line 10
[05-Aug-2025 18:04:21 UTC] PHP Notice:  Constant LDAP_SEARCH_BASE already defined in /var/www/auth/config.php on line 11
[05-Aug-2025 18:04:21 UTC] PHP Notice:  Constant DB_SERVER already defined in /var/www/auth/config.php on line 14
[05-Aug-2025 18:04:21 UTC] PHP Notice:  Constant DB_USERNAME already defined in /var/www/auth/config.php on line 15
[05-Aug-2025 18:04:21 UTC] PHP Notice:  Constant DB_PASSWORD already defined in /var/www/auth/config.php on line 16
[05-Aug-2025 18:04:21 UTC] PHP Notice:  Constant DB_NAME already defined in /var/www/auth/config.php on line 17
[05-Aug-2025 18:04:21 UTC] PHP Notice:  Array to string conversion in /var/www/auth/login.php on line 124
[05-Aug-2025 18:04:24 UTC] PHP Notice:  Constant LDAP_SERVER already defined in /var/www/auth/config.php on line 8
[05-Aug-2025 18:04:24 UTC] PHP Notice:  Constant LDAP_ADMIN_USER already defined in /var/www/auth/config.php on line 9
[05-Aug-2025 18:04:24 UTC] PHP Notice:  Constant LDAP_ADMIN_PASS already defined in /var/www/auth/config.php on line 10
[05-Aug-2025 18:04:24 UTC] PHP Notice:  Constant LDAP_SEARCH_BASE already defined in /var/www/auth/config.php on line 11
[05-Aug-2025 18:04:24 UTC] PHP Notice:  Constant DB_SERVER already defined in /var/www/auth/config.php on line 14
[05-Aug-2025 18:04:24 UTC] PHP Notice:  Constant DB_USERNAME already defined in /var/www/auth/config.php on line 15
[05-Aug-2025 18:04:24 UTC] PHP Notice:  Constant DB_PASSWORD already defined in /var/www/auth/config.php on line 16
[05-Aug-2025 18:04:24 UTC] PHP Notice:  Constant DB_NAME already defined in /var/www/auth/config.php on line 17
[05-Aug-2025 18:09:56 UTC] PHP Notice:  Constant LDAP_SERVER already defined in /var/www/auth/config.php on line 8
[05-Aug-2025 18:09:56 UTC] PHP Notice:  Constant LDAP_ADMIN_USER already defined in /var/www/auth/config.php on line 9
[05-Aug-2025 18:09:56 UTC] PHP Notice:  Constant LDAP_ADMIN_PASS already defined in /var/www/auth/config.php on line 10
[05-Aug-2025 18:09:56 UTC] PHP Notice:  Constant LDAP_SEARCH_BASE already defined in /var/www/auth/config.php on line 11
[05-Aug-2025 18:09:56 UTC] PHP Notice:  Constant DB_SERVER already defined in /var/www/auth/config.php on line 14
[05-Aug-2025 18:09:56 UTC] PHP Notice:  Constant DB_USERNAME already defined in /var/www/auth/config.php on line 15
[05-Aug-2025 18:09:56 UTC] PHP Notice:  Constant DB_PASSWORD already defined in /var/www/auth/config.php on line 16
[05-Aug-2025 18:09:56 UTC] PHP Notice:  Constant DB_NAME already defined in /var/www/auth/config.php on line 17
[05-Aug-2025 18:09:56 UTC] PHP Notice:  Array to string conversion in /var/www/auth/login.php on line 124
[05-Aug-2025 18:09:59 UTC] PHP Notice:  Constant LDAP_SERVER already defined in /var/www/auth/config.php on line 8
[05-Aug-2025 18:09:59 UTC] PHP Notice:  Constant LDAP_ADMIN_USER already defined in /var/www/auth/config.php on line 9
[05-Aug-2025 18:09:59 UTC] PHP Notice:  Constant LDAP_ADMIN_PASS already defined in /var/www/auth/config.php on line 10
[05-Aug-2025 18:09:59 UTC] PHP Notice:  Constant LDAP_SEARCH_BASE already defined in /var/www/auth/config.php on line 11
[05-Aug-2025 18:09:59 UTC] PHP Notice:  Constant DB_SERVER already defined in /var/www/auth/config.php on line 14
[05-Aug-2025 18:09:59 UTC] PHP Notice:  Constant DB_USERNAME already defined in /var/www/auth/config.php on line 15
[05-Aug-2025 18:09:59 UTC] PHP Notice:  Constant DB_PASSWORD already defined in /var/www/auth/config.php on line 16
[05-Aug-2025 18:09:59 UTC] PHP Notice:  Constant DB_NAME already defined in /var/www/auth/config.php on line 17
[05-Aug-2025 18:22:13 UTC] PHP Notice:  Constant LDAP_SERVER already defined in /var/www/auth/config.php on line 8
[05-Aug-2025 18:22:13 UTC] PHP Notice:  Constant LDAP_ADMIN_USER already defined in /var/www/auth/config.php on line 9
[05-Aug-2025 18:22:13 UTC] PHP Notice:  Constant LDAP_ADMIN_PASS already defined in /var/www/auth/config.php on line 10
[05-Aug-2025 18:22:13 UTC] PHP Notice:  Constant LDAP_SEARCH_BASE already defined in /var/www/auth/config.php on line 11
[05-Aug-2025 18:22:13 UTC] PHP Notice:  Constant DB_SERVER already defined in /var/www/auth/config.php on line 14
[05-Aug-2025 18:22:13 UTC] PHP Notice:  Constant DB_USERNAME already defined in /var/www/auth/config.php on line 15
[05-Aug-2025 18:22:13 UTC] PHP Notice:  Constant DB_PASSWORD already defined in /var/www/auth/config.php on line 16
[05-Aug-2025 18:22:13 UTC] PHP Notice:  Constant DB_NAME already defined in /var/www/auth/config.php on line 17
[05-Aug-2025 18:22:13 UTC] PHP Notice:  Array to string conversion in /var/www/auth/login.php on line 124
[05-Aug-2025 18:22:16 UTC] PHP Notice:  Constant LDAP_SERVER already defined in /var/www/auth/config.php on line 8
[05-Aug-2025 18:22:16 UTC] PHP Notice:  Constant LDAP_ADMIN_USER already defined in /var/www/auth/config.php on line 9
[05-Aug-2025 18:22:16 UTC] PHP Notice:  Constant LDAP_ADMIN_PASS already defined in /var/www/auth/config.php on line 10
[05-Aug-2025 18:22:16 UTC] PHP Notice:  Constant LDAP_SEARCH_BASE already defined in /var/www/auth/config.php on line 11
[05-Aug-2025 18:22:16 UTC] PHP Notice:  Constant DB_SERVER already defined in /var/www/auth/config.php on line 14
[05-Aug-2025 18:22:16 UTC] PHP Notice:  Constant DB_USERNAME already defined in /var/www/auth/config.php on line 15
[05-Aug-2025 18:22:16 UTC] PHP Notice:  Constant DB_PASSWORD already defined in /var/www/auth/config.php on line 16
[05-Aug-2025 18:22:16 UTC] PHP Notice:  Constant DB_NAME already defined in /var/www/auth/config.php on line 17
[05-Aug-2025 18:22:16 UTC] PHP Notice:  Array to string conversion in /var/www/auth/login.php on line 124
[05-Aug-2025 18:22:33 UTC] PHP Notice:  Constant LDAP_SERVER already defined in /var/www/auth/config.php on line 8
[05-Aug-2025 18:22:33 UTC] PHP Notice:  Constant LDAP_ADMIN_USER already defined in /var/www/auth/config.php on line 9
[05-Aug-2025 18:22:33 UTC] PHP Notice:  Constant LDAP_ADMIN_PASS already defined in /var/www/auth/config.php on line 10
[05-Aug-2025 18:22:33 UTC] PHP Notice:  Constant LDAP_SEARCH_BASE already defined in /var/www/auth/config.php on line 11
[05-Aug-2025 18:22:33 UTC] PHP Notice:  Constant DB_SERVER already defined in /var/www/auth/config.php on line 14
[05-Aug-2025 18:22:33 UTC] PHP Notice:  Constant DB_USERNAME already defined in /var/www/auth/config.php on line 15
[05-Aug-2025 18:22:33 UTC] PHP Notice:  Constant DB_PASSWORD already defined in /var/www/auth/config.php on line 16
[05-Aug-2025 18:22:33 UTC] PHP Notice:  Constant DB_NAME already defined in /var/www/auth/config.php on line 17
[05-Aug-2025 18:22:33 UTC] PHP Notice:  Array to string conversion in /var/www/auth/login.php on line 124
[05-Aug-2025 18:22:39 UTC] PHP Notice:  Constant LDAP_SERVER already defined in /var/www/auth/config.php on line 8
[05-Aug-2025 18:22:39 UTC] PHP Notice:  Constant LDAP_ADMIN_USER already defined in /var/www/auth/config.php on line 9
[05-Aug-2025 18:22:39 UTC] PHP Notice:  Constant LDAP_ADMIN_PASS already defined in /var/www/auth/config.php on line 10
[05-Aug-2025 18:22:39 UTC] PHP Notice:  Constant LDAP_SEARCH_BASE already defined in /var/www/auth/config.php on line 11
[05-Aug-2025 18:22:39 UTC] PHP Notice:  Constant DB_SERVER already defined in /var/www/auth/config.php on line 14
[05-Aug-2025 18:22:39 UTC] PHP Notice:  Constant DB_USERNAME already defined in /var/www/auth/config.php on line 15
[05-Aug-2025 18:22:39 UTC] PHP Notice:  Constant DB_PASSWORD already defined in /var/www/auth/config.php on line 16
[05-Aug-2025 18:22:39 UTC] PHP Notice:  Constant DB_NAME already defined in /var/www/auth/config.php on line 17
[05-Aug-2025 18:23:15 UTC] PHP Notice:  Constant LDAP_SERVER already defined in /var/www/auth/config.php on line 8
[05-Aug-2025 18:23:15 UTC] PHP Notice:  Constant LDAP_ADMIN_USER already defined in /var/www/auth/config.php on line 9
[05-Aug-2025 18:23:15 UTC] PHP Notice:  Constant LDAP_ADMIN_PASS already defined in /var/www/auth/config.php on line 10
[05-Aug-2025 18:23:15 UTC] PHP Notice:  Constant LDAP_SEARCH_BASE already defined in /var/www/auth/config.php on line 11
[05-Aug-2025 18:23:15 UTC] PHP Notice:  Constant DB_SERVER already defined in /var/www/auth/config.php on line 14
[05-Aug-2025 18:23:15 UTC] PHP Notice:  Constant DB_USERNAME already defined in /var/www/auth/config.php on line 15
[05-Aug-2025 18:23:15 UTC] PHP Notice:  Constant DB_PASSWORD already defined in /var/www/auth/config.php on line 16
[05-Aug-2025 18:23:15 UTC] PHP Notice:  Constant DB_NAME already defined in /var/www/auth/config.php on line 17
[05-Aug-2025 18:23:15 UTC] PHP Notice:  Array to string conversion in /var/www/auth/login.php on line 124
[05-Aug-2025 18:58:20 UTC] PHP Notice:  Constant LDAP_SERVER already defined in /var/www/auth/config.php on line 8
[05-Aug-2025 18:58:20 UTC] PHP Notice:  Constant LDAP_ADMIN_USER already defined in /var/www/auth/config.php on line 9
[05-Aug-2025 18:58:20 UTC] PHP Notice:  Constant LDAP_ADMIN_PASS already defined in /var/www/auth/config.php on line 10
[05-Aug-2025 18:58:20 UTC] PHP Notice:  Constant LDAP_SEARCH_BASE already defined in /var/www/auth/config.php on line 11
[05-Aug-2025 18:58:20 UTC] PHP Notice:  Constant DB_SERVER already defined in /var/www/auth/config.php on line 14
[05-Aug-2025 18:58:20 UTC] PHP Notice:  Constant DB_USERNAME already defined in /var/www/auth/config.php on line 15
[05-Aug-2025 18:58:20 UTC] PHP Notice:  Constant DB_PASSWORD already defined in /var/www/auth/config.php on line 16
[05-Aug-2025 18:58:20 UTC] PHP Notice:  Constant DB_NAME already defined in /var/www/auth/config.php on line 17
[05-Aug-2025 18:58:20 UTC] PHP Notice:  Array to string conversion in /var/www/auth/login.php on line 124
[05-Aug-2025 19:07:58 UTC] PHP Notice:  Constant LDAP_SERVER already defined in /var/www/auth/config.php on line 8
[05-Aug-2025 19:07:58 UTC] PHP Notice:  Constant LDAP_ADMIN_USER already defined in /var/www/auth/config.php on line 9
[05-Aug-2025 19:07:58 UTC] PHP Notice:  Constant LDAP_ADMIN_PASS already defined in /var/www/auth/config.php on line 10
[05-Aug-2025 19:07:58 UTC] PHP Notice:  Constant LDAP_SEARCH_BASE already defined in /var/www/auth/config.php on line 11
[05-Aug-2025 19:07:58 UTC] PHP Notice:  Constant DB_SERVER already defined in /var/www/auth/config.php on line 14
[05-Aug-2025 19:07:58 UTC] PHP Notice:  Constant DB_USERNAME already defined in /var/www/auth/config.php on line 15
[05-Aug-2025 19:07:59 UTC] PHP Notice:  Constant DB_PASSWORD already defined in /var/www/auth/config.php on line 16
[05-Aug-2025 19:07:59 UTC] PHP Notice:  Constant DB_NAME already defined in /var/www/auth/config.php on line 17
[05-Aug-2025 19:07:59 UTC] PHP Notice:  Array to string conversion in /var/www/auth/login.php on line 124
[05-Aug-2025 19:08:07 UTC] PHP Notice:  Constant LDAP_SERVER already defined in /var/www/auth/config.php on line 8
[05-Aug-2025 19:08:07 UTC] PHP Notice:  Constant LDAP_ADMIN_USER already defined in /var/www/auth/config.php on line 9
[05-Aug-2025 19:08:07 UTC] PHP Notice:  Constant LDAP_ADMIN_PASS already defined in /var/www/auth/config.php on line 10
[05-Aug-2025 19:08:07 UTC] PHP Notice:  Constant LDAP_SEARCH_BASE already defined in /var/www/auth/config.php on line 11
[05-Aug-2025 19:08:07 UTC] PHP Notice:  Constant DB_SERVER already defined in /var/www/auth/config.php on line 14
[05-Aug-2025 19:08:07 UTC] PHP Notice:  Constant DB_USERNAME already defined in /var/www/auth/config.php on line 15
[05-Aug-2025 19:08:07 UTC] PHP Notice:  Constant DB_PASSWORD already defined in /var/www/auth/config.php on line 16
[05-Aug-2025 19:08:07 UTC] PHP Notice:  Constant DB_NAME already defined in /var/www/auth/config.php on line 17
[05-Aug-2025 19:08:07 UTC] PHP Notice:  Array to string conversion in /var/www/auth/login.php on line 124
[05-Aug-2025 19:08:10 UTC] PHP Notice:  Constant LDAP_SERVER already defined in /var/www/auth/config.php on line 8
[05-Aug-2025 19:08:10 UTC] PHP Notice:  Constant LDAP_ADMIN_USER already defined in /var/www/auth/config.php on line 9
[05-Aug-2025 19:08:10 UTC] PHP Notice:  Constant LDAP_ADMIN_PASS already defined in /var/www/auth/config.php on line 10
[05-Aug-2025 19:08:10 UTC] PHP Notice:  Constant LDAP_SEARCH_BASE already defined in /var/www/auth/config.php on line 11
[05-Aug-2025 19:08:10 UTC] PHP Notice:  Constant DB_SERVER already defined in /var/www/auth/config.php on line 14
[05-Aug-2025 19:08:10 UTC] PHP Notice:  Constant DB_USERNAME already defined in /var/www/auth/config.php on line 15
[05-Aug-2025 19:08:10 UTC] PHP Notice:  Constant DB_PASSWORD already defined in /var/www/auth/config.php on line 16
[05-Aug-2025 19:08:10 UTC] PHP Notice:  Constant DB_NAME already defined in /var/www/auth/config.php on line 17
[05-Aug-2025 19:16:47 UTC] PHP Notice:  Constant LDAP_SERVER already defined in /var/www/auth/config.php on line 8
[05-Aug-2025 19:16:47 UTC] PHP Notice:  Constant LDAP_ADMIN_USER already defined in /var/www/auth/config.php on line 9
[05-Aug-2025 19:16:47 UTC] PHP Notice:  Constant LDAP_ADMIN_PASS already defined in /var/www/auth/config.php on line 10
[05-Aug-2025 19:16:47 UTC] PHP Notice:  Constant LDAP_SEARCH_BASE already defined in /var/www/auth/config.php on line 11
[05-Aug-2025 19:16:47 UTC] PHP Notice:  Constant DB_SERVER already defined in /var/www/auth/config.php on line 14
[05-Aug-2025 19:16:47 UTC] PHP Notice:  Constant DB_USERNAME already defined in /var/www/auth/config.php on line 15
[05-Aug-2025 19:16:47 UTC] PHP Notice:  Constant DB_PASSWORD already defined in /var/www/auth/config.php on line 16
[05-Aug-2025 19:16:47 UTC] PHP Notice:  Constant DB_NAME already defined in /var/www/auth/config.php on line 17
[05-Aug-2025 19:16:47 UTC] PHP Notice:  Array to string conversion in /var/www/auth/login.php on line 124
[05-Aug-2025 19:16:52 UTC] PHP Notice:  Constant LDAP_SERVER already defined in /var/www/auth/config.php on line 8
[05-Aug-2025 19:16:52 UTC] PHP Notice:  Constant LDAP_ADMIN_USER already defined in /var/www/auth/config.php on line 9
[05-Aug-2025 19:16:52 UTC] PHP Notice:  Constant LDAP_ADMIN_PASS already defined in /var/www/auth/config.php on line 10
[05-Aug-2025 19:16:52 UTC] PHP Notice:  Constant LDAP_SEARCH_BASE already defined in /var/www/auth/config.php on line 11
[05-Aug-2025 19:16:52 UTC] PHP Notice:  Constant DB_SERVER already defined in /var/www/auth/config.php on line 14
[05-Aug-2025 19:16:52 UTC] PHP Notice:  Constant DB_USERNAME already defined in /var/www/auth/config.php on line 15
[05-Aug-2025 19:16:52 UTC] PHP Notice:  Constant DB_PASSWORD already defined in /var/www/auth/config.php on line 16
[05-Aug-2025 19:16:52 UTC] PHP Notice:  Constant DB_NAME already defined in /var/www/auth/config.php on line 17
[05-Aug-2025 19:41:34 UTC] PHP Notice:  Constant LDAP_SERVER already defined in /var/www/auth/config.php on line 8
[05-Aug-2025 19:41:34 UTC] PHP Notice:  Constant LDAP_ADMIN_USER already defined in /var/www/auth/config.php on line 9
[05-Aug-2025 19:41:34 UTC] PHP Notice:  Constant LDAP_ADMIN_PASS already defined in /var/www/auth/config.php on line 10
[05-Aug-2025 19:41:34 UTC] PHP Notice:  Constant LDAP_SEARCH_BASE already defined in /var/www/auth/config.php on line 11
[05-Aug-2025 19:41:34 UTC] PHP Notice:  Constant DB_SERVER already defined in /var/www/auth/config.php on line 14
[05-Aug-2025 19:41:34 UTC] PHP Notice:  Constant DB_USERNAME already defined in /var/www/auth/config.php on line 15
[05-Aug-2025 19:41:34 UTC] PHP Notice:  Constant DB_PASSWORD already defined in /var/www/auth/config.php on line 16
[05-Aug-2025 19:41:34 UTC] PHP Notice:  Constant DB_NAME already defined in /var/www/auth/config.php on line 17
